population,rule,q,share unbounded,share infeasible,"median T* (days, finite)",share with hold <= T*
provisioned,oracle,0.3,0.165,0.0,2.15,1.0
provisioned,oracle,0.4,0.225,0.0,2.535,1.0
provisioned,oracle,0.5,0.3,0.0,4.069,1.0
provisioned,oracle,0.6,0.37,0.0,11.247,1.0
provisioned,oracle,0.7,0.44,0.0,16.948,1.0
provisioned,oracle,0.8,0.535,0.0,20.318,1.0
provisioned,oracle,0.9,0.63,0.0,21.755,1.0
provisioned,oracle,1.0,1.0,0.0,,1.0
provisioned,floor,0.3,0.165,0.0,2.15,1.0
provisioned,floor,0.4,0.225,0.0,21.046,1.0
provisioned,floor,0.5,0.3,0.0,27.58,1.0
provisioned,floor,0.6,0.37,0.0,31.262,1.0
provisioned,floor,0.7,0.44,0.0,34.991,1.0
provisioned,floor,0.8,0.535,0.0,32.709,1.0
provisioned,floor,0.9,0.63,0.0,30.595,1.0
provisioned,floor,1.0,1.0,0.0,,1.0
provisioned,optimistic,0.3,0.165,0.755,348.474,0.245
provisioned,optimistic,0.4,0.225,0.585,141.737,0.41
provisioned,optimistic,0.5,0.3,0.0,2.552,0.68
provisioned,optimistic,0.6,0.37,0.0,11.247,0.89
provisioned,optimistic,0.7,0.44,0.0,16.948,0.965
provisioned,optimistic,0.8,0.535,0.0,20.318,1.0
provisioned,optimistic,0.9,0.63,0.0,21.755,1.0
provisioned,optimistic,1.0,1.0,0.0,,1.0
unprovisioned,-,0.3,0.165,0.79,179.114,0.21
unprovisioned,-,0.4,0.225,0.655,28.497,0.33
unprovisioned,-,0.5,0.3,0.51,26.002,0.435
unprovisioned,-,0.6,0.37,0.38,20.095,0.6
unprovisioned,-,0.7,0.44,0.235,12.739,0.715
unprovisioned,-,0.8,0.535,0.115,10.443,0.825
unprovisioned,-,0.9,0.63,0.015,13.0,0.965
unprovisioned,-,1.0,1.0,0.0,,1.0
