workload,capacity factor,payments,refused,refusal rate,wilson lo,wilson hi,bootstrap lo,bootstrap hi
10,1.5,73723,3874,0.0525,0.051,0.0542,0.0502,0.0548
10,1.25,73723,6847,0.0929,0.0908,0.095,0.0898,0.0959
10,2.0,73723,1085,0.0147,0.0139,0.0156,0.0134,0.0161
30,1.5,222361,2570,0.0116,0.0111,0.012,0.0108,0.0124
30,1.25,222361,8272,0.0372,0.0364,0.038,0.0356,0.0387
30,2.0,222361,129,0.0006,0.0005,0.0007,0.0004,0.0008
100,1.5,739778,237,0.0003,0.0003,0.0004,0.0002,0.0004
100,1.25,739778,5483,0.0074,0.0072,0.0076,0.0069,0.0079
100,2.0,739778,0,0.0,0.0,0.0,0.0,0.0
