,B1,B2,B3,B4,B5,B6,B7,M1-G1,M1,M2,M3
S1 direct card merchant,0/90,0/90,0/90,0/90,0/90,0/90,0/90,0/90,0/90,0/90,0/90
S2 direct account-to-account,0/90,0/90,0/90,0/90,0/90,0/90,0/90,0/90,0/90,0/90,0/90
S3 brand store on a marketplace,0/90,0/90,0/90,0/90,0/90,0/90,0/90,0/90,0/90,0/90,0/90
S4 payment facilitator sub-merchant,0/90,0/90,0/90,0/90,0/90,0/90,0/90,0/90,0/90,0/90,0/90
S5 merchant of record / reseller,0/90,0/90,0/90,0/90,0/90,0/90,0/90,0/90,0/90,0/90,0/90
S6 buy-now-pay-later lender,0/90,0/90,0/90,0/90,0/90,0/90,0/90,0/90,0/90,0/90,0/90
S7 agent platform as merchant of record,0/90,0/90,0/90,0/90,0/90,0/90,0/90,0/90,0/90,0/90,0/90
S8 franchise (geography-scoped),0/90,0/90,0/90,0/90,0/90,0/90,0/90,0/90,0/90,0/90,0/90
S9 multi-brand group,0/90,0/90,0/90,0/90,0/90,0/90,0/90,0/90,0/90,0/90,0/90
S10 newly onboarded merchant,0/90,0/90,0/90,0/90,0/90,0/90,0/90,0/90,0/90,0/90,0/90
S11 small merchant without credentials,0/90,0/90,0/90,0/90,0/90,0/90,0/90,0/90,0/90,0/90,0/90
S12 direct stablecoin merchant,0/90,0/90,0/90,0/90,0/90,0/90,0/90,0/90,0/90,0/90,0/90
S13 escrow custody (held funds),0/90,0/90,0/90,0/90,0/90,0/90,0/90,0/90,0/90,0/90,0/90
