config,n,false_block,step_up
B1,990,"0.0000 [0.0000, 0.0000]","0.0000 [0.0000, 0.0000]"
B2,990,"0.0000 [0.0000, 0.0000]","0.0000 [0.0000, 0.0000]"
B3,990,"0.0000 [0.0000, 0.0000]","0.0000 [0.0000, 0.0000]"
B4,990,"0.0000 [0.0000, 0.0000]","0.0000 [0.0000, 0.0000]"
B5,990,"0.0000 [0.0000, 0.0000]","0.0000 [0.0000, 0.0000]"
B6,990,"0.0000 [0.0000, 0.0000]","0.0000 [0.0000, 0.0000]"
B7,990,"0.0000 [0.0000, 0.0000]","0.0364 [0.0250, 0.0481]"
M1-G1,990,"0.0000 [0.0000, 0.0000]","0.0000 [0.0000, 0.0000]"
M1,990,"0.0000 [0.0000, 0.0000]","0.0000 [0.0000, 0.0000]"
M2,990,"0.0000 [0.0000, 0.0000]","0.1778 [0.1125, 0.2485]"
M3,990,"0.0000 [0.0000, 0.0000]","0.1778 [0.1125, 0.2485]"
