rail,scenario,mode,0,1,2
a2a_instant,first-hop,POST,1.0,1.0,1.0
a2a_instant,first-hop,RWS,0.0,0.0,0.0
a2a_instant,late-evidence,POST,1.0,1.0,1.0
a2a_instant,late-evidence,RWS,0.047,1.0,1.0
card,custodian,POST,1.0,1.0,1.0
card,custodian,RWS,1.0,1.0,1.0
card,first-hop,POST,0.0,0.0,1.0
card,first-hop,RWS,0.0,0.0,1.0
card,late-evidence,POST,0.002,0.0,0.002
card,late-evidence,RWS,0.0,0.0,1.0
stablecoin,first-hop,POST,0.0,0.0,0.0
stablecoin,first-hop,RWS,0.0,0.0,0.0
stablecoin,late-evidence,POST,1.0,1.0,1.0
stablecoin,late-evidence,RWS,0.032,0.042,1.0
