gate,category,tasks,completed,needed a step-up
MERIDIAN,existing-counterparty,50,"1.000 [0.929, 1.000]","0.000 [0.000, 0.071]"
MERIDIAN,named-brand-attested,50,"1.000 [0.929, 1.000]","0.000 [0.000, 0.071]"
MERIDIAN,typed-new-iban,50,"1.000 [0.929, 1.000]","0.000 [0.000, 0.071]"
MERIDIAN,unattested-invoice,50,"1.000 [0.929, 1.000]","1.000 [0.929, 1.000]"
allowlist,existing-counterparty,50,"1.000 [0.929, 1.000]","0.000 [0.000, 0.071]"
allowlist,named-brand-attested,50,"1.000 [0.929, 1.000]","1.000 [0.929, 1.000]"
allowlist,typed-new-iban,50,"1.000 [0.929, 1.000]","1.000 [0.929, 1.000]"
allowlist,unattested-invoice,50,"1.000 [0.929, 1.000]","1.000 [0.929, 1.000]"
blocklist,existing-counterparty,50,"1.000 [0.929, 1.000]","0.000 [0.000, 0.071]"
blocklist,named-brand-attested,50,"1.000 [0.929, 1.000]","0.000 [0.000, 0.071]"
blocklist,typed-new-iban,50,"1.000 [0.929, 1.000]","0.000 [0.000, 0.071]"
blocklist,unattested-invoice,50,"1.000 [0.929, 1.000]","0.000 [0.000, 0.071]"
none,existing-counterparty,50,"1.000 [0.929, 1.000]","0.000 [0.000, 0.071]"
none,named-brand-attested,50,"1.000 [0.929, 1.000]","0.000 [0.000, 0.071]"
none,typed-new-iban,50,"1.000 [0.929, 1.000]","0.000 [0.000, 0.071]"
none,unattested-invoice,50,"1.000 [0.929, 1.000]","0.000 [0.000, 0.071]"
MERIDIAN,all,200,"1.000 [0.981, 1.000]","0.250 [0.195, 0.314]"
allowlist,all,200,"1.000 [0.981, 1.000]","0.750 [0.686, 0.805]"
blocklist,all,200,"1.000 [0.981, 1.000]","0.000 [0.000, 0.019]"
none,all,200,"1.000 [0.981, 1.000]","0.000 [0.000, 0.019]"
