rail,config,attack_loss,loss_rate,benign_step_up,benign_false_block,p95_decision_ms
a2a_instant,B1,60/60,1.0,0.0,0.0,0.002
a2a_instant,B2,58/60,0.9667,0.0,0.0,0.0006
a2a_instant,B3,60/60,1.0,0.0,0.0,0.0006
a2a_instant,B4,60/60,1.0,0.0,0.0,0.0006
a2a_instant,B5,40/60,0.6667,0.0,0.0,0.0034
a2a_instant,B6,60/60,1.0,0.0,0.0,0.0006
a2a_instant,B7,30/60,0.5,0.3206,0.0,0.2985
a2a_instant,M1,30/60,0.5,0.313,0.0,0.6378
a2a_instant,M1-G1,30/60,0.5,0.313,0.0,0.6485
a2a_instant,M2,29/60,0.4833,0.3435,0.0,2.001
a2a_instant,M3,1/60,0.0167,0.3435,0.0,1.8739
bnpl,B1,0/0,,0.0,0.0,0.0018
bnpl,B2,0/0,,0.0,0.0,0.0006
bnpl,B3,0/0,,0.0,0.0,0.0007
bnpl,B4,0/0,,0.0,0.0,0.0006
bnpl,B5,0/0,,0.0,0.0,0.0006
bnpl,B6,0/0,,0.0,0.0,0.0006
bnpl,B7,0/0,,0.0667,0.0,0.5769
bnpl,M1,0/0,,0.0,0.0,1.2795
bnpl,M1-G1,0/0,,0.0,0.0,0.9286
bnpl,M2,0/0,,0.0,0.0,2.8973
bnpl,M3,0/0,,0.0,0.0,2.7702
card,B1,492/535,0.9196,0.0,0.0,0.0019
card,B2,523/535,0.9776,0.0,0.0,0.0006
card,B3,441/535,0.8243,0.0,0.0,0.0007
card,B4,535/535,1.0,0.0,0.0,0.0006
card,B5,535/535,1.0,0.0,0.0,0.0006
card,B6,503/535,0.9402,0.0,0.0,0.001
card,B7,190/535,0.3551,0.1063,0.0,0.5635
card,M1,274/535,0.5121,0.0734,0.0,1.526
card,M1-G1,294/535,0.5495,0.0734,0.0,0.9032
card,M2,64/535,0.1196,0.238,0.0,3.1252
card,M3,26/535,0.0486,0.238,0.0,3.0089
psp_token,B1,68/77,0.8831,0.0,0.0,0.0017
psp_token,B2,74/77,0.961,0.0,0.0,0.0006
psp_token,B3,70/77,0.9091,0.0,0.0,0.0007
psp_token,B4,77/77,1.0,0.0,0.0,0.0006
psp_token,B5,77/77,1.0,0.0,0.0,0.0006
psp_token,B6,69/77,0.8961,0.0,0.0,0.0024
psp_token,B7,45/77,0.5844,0.0471,0.0,0.567
psp_token,M1,54/77,0.7013,0.0,0.0,1.5429
psp_token,M1-G1,54/77,0.7013,0.0,0.0,0.9122
psp_token,M2,25/77,0.3247,0.1353,0.0,3.2316
psp_token,M3,25/77,0.3247,0.1353,0.0,3.204
stablecoin,B1,76/80,0.95,0.0,0.0,0.0019
stablecoin,B2,76/80,0.95,0.0,0.0,0.0006
stablecoin,B3,74/80,0.925,0.0,0.0,0.0007
stablecoin,B4,28/80,0.35,0.0,0.0,0.001
stablecoin,B5,80/80,1.0,0.0,0.0,0.0006
stablecoin,B6,70/80,0.875,0.0,0.0,0.0023
stablecoin,B7,12/80,0.15,0.0333,0.0,0.3581
stablecoin,M1,50/80,0.625,0.0,0.0,0.652
stablecoin,M1-G1,50/80,0.625,0.0,0.0,0.7019
stablecoin,M2,13/80,0.1625,0.6556,0.0,1.9494
stablecoin,M3,1/80,0.0125,0.6556,0.0,1.8353
wallet,B1,24/28,0.8571,0.0,0.0,0.0019
wallet,B2,22/28,0.7857,0.0,0.0,0.0006
wallet,B3,23/28,0.8214,0.0,0.0,0.0007
wallet,B4,28/28,1.0,0.0,0.0,0.0006
wallet,B5,28/28,1.0,0.0,0.0,0.0006
wallet,B6,24/28,0.8571,0.0,0.0,0.0023
wallet,B7,6/28,0.2143,0.0,0.0,0.3036
wallet,M1,12/28,0.4286,0.0,0.0,1.0099
wallet,M1-G1,12/28,0.4286,0.0,0.0,0.6463
wallet,M2,0/28,0.0,0.2857,0.0,2.6183
wallet,M3,0/28,0.0,0.2857,0.0,2.5553
