domain,generated,registered,market
amazon.com,25,24,US
walmart.com,25,23,US
target.com,25,23,US
bestbuy.com,25,21,US
homedepot.com,25,18,US
costco.com,25,20,US
ebay.com,25,22,US
lowes.com,25,19,US
macys.com,25,18,US
kohls.com,25,19,US
wayfair.com,25,15,US
chewy.com,25,19,US
nordstrom.com,25,16,US
etsy.com,25,21,US
apple.com,25,23,US
nike.com,25,22,US
gap.com,22,18,US
kroger.com,25,17,US
cvs.com,25,20,US
walgreens.com,25,15,US
tesco.com,25,20,UK
argos.co.uk,25,14,UK
johnlewis.com,25,10,UK
marksandspencer.com,25,12,UK
next.co.uk,25,16,UK
asos.com,25,22,UK
currys.co.uk,25,9,UK
sainsburys.co.uk,25,8,UK
boots.com,25,20,UK
very.co.uk,25,17,UK
ao.com,23,20,UK
screwfix.com,25,10,UK
dunelm.com,25,9,UK
russellandbromley.co.uk,25,5,UK
sportsdirect.com,25,7,UK
asda.com,25,19,UK
waitrose.com,25,14,UK
superdrug.com,25,8,UK
halfords.com,25,6,UK
wickes.co.uk,25,6,UK
zalando.de,25,16,EU
otto.de,25,20,EU
mediamarkt.de,25,14,EU
lidl.de,25,15,EU
dm.de,25,15,EU
douglas.de,25,15,EU
fnac.com,25,18,EU
cdiscount.com,25,14,EU
carrefour.fr,25,14,EU
decathlon.fr,25,10,EU
leroymerlin.fr,25,9,EU
bol.com,25,20,EU
coolblue.nl,25,8,EU
elcorteingles.es,25,2,EU
mediamarkt.es,25,6,EU
zara.com,25,20,EU
ikea.com,25,20,EU
hm.com,24,17,EU
aboutyou.de,25,9,EU
thalia.de,25,14,EU
flipkart.com,25,17,IN
amazon.in,25,22,IN
myntra.com,25,14,IN
nykaa.com,25,15,IN
ajio.com,25,14,IN
meesho.com,25,12,IN
tatacliq.com,25,0,IN
croma.com,25,19,IN
reliancedigital.in,25,2,IN
bigbasket.com,25,8,IN
jiomart.com,25,8,IN
snapdeal.com,25,9,IN
firstcry.com,25,8,IN
lenskart.com,25,6,IN
pepperfry.com,25,2,IN
decathlon.in,25,2,IN
shoppersstop.com,25,3,IN
swiggy.com,25,9,IN
blinkit.com,25,12,IN
zeptonow.com,25,1,IN
