workload,q_hat,bond / mean exposure (median),p25,p75,share where deterrence (not coverage) binds
10,0.3,3.425494830392473,2.052877953568659,4.1294395343736,0.795
10,0.4,2.1221178324055785,1.5,2.6275105593499517,0.65
10,0.5,1.5,1.5,1.7397810890233816,0.385
10,0.6,1.5,1.5,1.5,0.08
10,0.7,1.5,1.5,1.5,0.03
10,0.8,1.5,1.5,1.5,0.0
10,0.9,1.5,1.5,1.5,0.0
10,1.0,1.5,1.5,1.5,0.0
30,0.3,3.1420235249632755,1.5749842377017564,3.8598421183115086,0.755
30,0.4,1.8604063800173978,1.5,2.45605857125626,0.59
30,0.5,1.5,1.5,1.6092228804136182,0.32
30,0.6,1.5,1.5,1.5,0.11
30,0.7,1.5,1.5,1.5,0.035
30,0.8,1.5,1.5,1.5,0.005
30,0.9,1.5,1.5,1.5,0.0
30,1.0,1.5,1.5,1.5,0.0
100,0.3,3.2869727673878577,1.82883958242204,4.054964712132454,0.775
100,0.4,2.012338478227645,1.5,2.5884609091749273,0.625
100,0.5,1.5,1.5,1.714262679114693,0.345
100,0.6,1.5,1.5,1.5,0.14
100,0.7,1.5,1.5,1.5,0.055
100,0.8,1.5,1.5,1.5,0.01
100,0.9,1.5,1.5,1.5,0.005
100,1.0,1.5,1.5,1.5,0.0
