population,workload,rule,q,share unbounded,share infeasible,"median T* (days, finite)",share with hold <= T*
provisioned,10,oracle,0.3,0.12,0.0,2.1233122492325474,1.0
provisioned,10,oracle,0.4,0.2,0.0,2.229560506294074,1.0
provisioned,10,oracle,0.5,0.24,0.0,3.551148657116732,1.0
provisioned,10,oracle,0.6,0.3,0.0,10.191819005229862,1.0
provisioned,10,oracle,0.7,0.37,0.0,15.002384571838412,1.0
provisioned,10,oracle,0.8,0.435,0.0,21.171615686008444,1.0
provisioned,10,oracle,0.9,0.565,0.0,22.62894167851967,1.0
provisioned,10,oracle,1.0,1.0,0.0,,1.0
provisioned,10,floor,0.3,0.12,0.0,2.1233122492325474,1.0
provisioned,10,floor,0.4,0.2,0.0,15.626252264374106,1.0
provisioned,10,floor,0.5,0.24,0.0,23.948393115896287,1.0
provisioned,10,floor,0.6,0.3,0.0,26.495814993151228,1.0
provisioned,10,floor,0.7,0.37,0.0,30.93868894032149,1.0
provisioned,10,floor,0.8,0.435,0.0,33.84997690432302,1.0
provisioned,10,floor,0.9,0.565,0.0,32.14592117101814,1.0
provisioned,10,floor,1.0,1.0,0.0,,1.0
provisioned,10,optimistic,0.3,0.12,0.795,417.1036213630424,0.205
provisioned,10,optimistic,0.4,0.2,0.65,109.53545778401298,0.35
provisioned,10,optimistic,0.5,0.24,0.0,2.231431221875382,0.615
provisioned,10,optimistic,0.6,0.3,0.0,10.191819005229862,0.92
provisioned,10,optimistic,0.7,0.37,0.0,15.002384571838412,0.97
provisioned,10,optimistic,0.8,0.435,0.0,21.171615686008444,1.0
provisioned,10,optimistic,0.9,0.565,0.0,22.62894167851967,1.0
provisioned,10,optimistic,1.0,1.0,0.0,,1.0
unprovisioned,10,-,0.3,0.12,0.84,69.16220045242622,0.145
unprovisioned,10,-,0.4,0.2,0.71,16.811559995225434,0.27
unprovisioned,10,-,0.5,0.24,0.565,22.472446628219434,0.415
unprovisioned,10,-,0.6,0.3,0.415,9.132491628719814,0.525
unprovisioned,10,-,0.7,0.37,0.28,12.881226942814969,0.695
unprovisioned,10,-,0.8,0.435,0.135,17.173364271798107,0.83
unprovisioned,10,-,0.9,0.565,0.03,17.643764681947147,0.93
unprovisioned,10,-,1.0,1.0,0.0,,1.0
provisioned,30,oracle,0.3,0.165,0.0,2.1496251140880354,1.0
provisioned,30,oracle,0.4,0.225,0.0,2.5351563132986366,1.0
provisioned,30,oracle,0.5,0.3,0.0,4.068919946706822,1.0
provisioned,30,oracle,0.6,0.37,0.0,11.247197721233338,1.0
provisioned,30,oracle,0.7,0.44,0.0,16.947572973808818,1.0
provisioned,30,oracle,0.8,0.535,0.0,20.317626778813832,1.0
provisioned,30,oracle,0.9,0.63,0.0,21.755164542458925,1.0
provisioned,30,oracle,1.0,1.0,0.0,,1.0
provisioned,30,floor,0.3,0.165,0.0,2.1496251140880354,1.0
provisioned,30,floor,0.4,0.225,0.0,21.046322899711342,1.0
provisioned,30,floor,0.5,0.3,0.0,27.579773371718044,1.0
provisioned,30,floor,0.6,0.37,0.0,31.26154626850198,1.0
provisioned,30,floor,0.7,0.44,0.0,34.99069920626526,1.0
provisioned,30,floor,0.8,0.535,0.0,32.708509213084874,1.0
provisioned,30,floor,0.9,0.63,0.0,30.59521969975839,1.0
provisioned,30,floor,1.0,1.0,0.0,,1.0
provisioned,30,optimistic,0.3,0.165,0.755,348.47358866811965,0.245
provisioned,30,optimistic,0.4,0.225,0.585,141.7366180532499,0.41
provisioned,30,optimistic,0.5,0.3,0.0,2.551943260490395,0.68
provisioned,30,optimistic,0.6,0.37,0.0,11.247197721233338,0.89
provisioned,30,optimistic,0.7,0.44,0.0,16.947572973808818,0.965
provisioned,30,optimistic,0.8,0.535,0.0,20.317626778813832,1.0
provisioned,30,optimistic,0.9,0.63,0.0,21.755164542458925,1.0
provisioned,30,optimistic,1.0,1.0,0.0,,1.0
unprovisioned,30,-,0.3,0.165,0.79,179.11382312577388,0.21
unprovisioned,30,-,0.4,0.225,0.655,28.497215854930616,0.33
unprovisioned,30,-,0.5,0.3,0.51,26.002493036747794,0.435
unprovisioned,30,-,0.6,0.37,0.38,20.095358185014582,0.6
unprovisioned,30,-,0.7,0.44,0.235,12.739224225073237,0.715
unprovisioned,30,-,0.8,0.535,0.115,10.443407196609591,0.825
unprovisioned,30,-,0.9,0.63,0.015,13.000491314347924,0.965
unprovisioned,30,-,1.0,1.0,0.0,,1.0
provisioned,100,oracle,0.3,0.15,0.0,2.1298239564122072,1.0
provisioned,100,oracle,0.4,0.205,0.0,2.279702263457429,1.0
provisioned,100,oracle,0.5,0.265,0.0,4.314776005672212,1.0
provisioned,100,oracle,0.6,0.335,0.0,10.983694249190409,1.0
provisioned,100,oracle,0.7,0.4,0.0,14.395333759424844,1.0
provisioned,100,oracle,0.8,0.46,0.0,20.59837637208694,1.0
provisioned,100,oracle,0.9,0.595,0.0,20.5128440032622,1.0
provisioned,100,oracle,1.0,1.0,0.0,,1.0
provisioned,100,floor,0.3,0.15,0.0,2.1298239564122072,1.0
provisioned,100,floor,0.4,0.205,0.0,17.549464073064367,1.0
provisioned,100,floor,0.5,0.265,0.0,25.21842007355375,1.0
provisioned,100,floor,0.6,0.335,0.0,28.011274282592947,1.0
provisioned,100,floor,0.7,0.4,0.0,30.50463318637292,1.0
provisioned,100,floor,0.8,0.46,0.0,32.98903749820989,1.0
provisioned,100,floor,0.9,0.595,0.0,28.894265973755985,1.0
provisioned,100,floor,1.0,1.0,0.0,,1.0
provisioned,100,optimistic,0.3,0.15,0.77,200.44809522246132,0.225
provisioned,100,optimistic,0.4,0.205,0.62,130.0786272250136,0.375
provisioned,100,optimistic,0.5,0.265,0.0,2.722338495919184,0.655
provisioned,100,optimistic,0.6,0.335,0.0,10.205693041260753,0.86
provisioned,100,optimistic,0.7,0.4,0.0,14.395333759424844,0.945
provisioned,100,optimistic,0.8,0.46,0.0,20.59837637208694,1.0
provisioned,100,optimistic,0.9,0.595,0.0,20.5128440032622,1.0
provisioned,100,optimistic,1.0,1.0,0.0,,1.0
unprovisioned,100,-,0.3,0.15,0.815,101.64919139795155,0.185
unprovisioned,100,-,0.4,0.205,0.73,50.892478070563804,0.26
unprovisioned,100,-,0.5,0.265,0.585,21.65670629290102,0.39
unprovisioned,100,-,0.6,0.335,0.455,42.65766268601338,0.53
unprovisioned,100,-,0.7,0.4,0.3,17.38336486914502,0.645
unprovisioned,100,-,0.8,0.46,0.145,13.95544646902117,0.775
unprovisioned,100,-,0.9,0.595,0.04,13.148032375913743,0.925
unprovisioned,100,-,1.0,1.0,0.0,,1.0
