case_id,variant,rail,custodian bond / mean exposure,exposure / mean exposure,M3 loss,M3 breach certificate,M5 refused,M5 loss
A13-000,custodian-deviates,card,0.6495404791355072,1.3590669066625518,True,True,True,False
A13-001,custodian-deviates,psp_token,0.6750224016787194,1.8716532767850045,True,True,True,False
A13-002,custodian-deviates,card,0.3219085423948263,0.4186258174981137,True,True,True,False
A13-003,custodian-deviates,psp_token,0.32417025267531874,0.7629175248683557,True,True,True,False
A13-004,custodian-deviates,card,0.9776683487574571,2.249107577406862,True,True,True,False
A13-005,custodian-deviates,card,0.5088499519979105,20.451108078789993,True,True,True,False
A13-006,custodian-deviates,card,0.42920271599017396,0.5288425398309896,True,True,True,False
A13-007,custodian-deviates,card,2.9637811119943898,3.894759340493412,True,True,True,False
A13-008,custodian-deviates,psp_token,0.6750224016787194,1.5013943009376953,True,True,True,False
A13-009,custodian-deviates,psp_token,0.4648666776326429,0.6098982651351457,True,True,True,False
A13-010,custodian-deviates,card,2.9430192000848296,2.469380895953202,True,True,True,False
A13-011,custodian-deviates,psp_token,0.8666364555508379,1.256668642254257,True,True,True,False
A13-012,custodian-deviates,card,0.8421919566648348,2.2550060380939247,True,True,True,False
A13-013,custodian-deviates,card,0.46234802284119103,4.390358555277866,True,True,True,False
A13-014,custodian-deviates,psp_token,2.9430192000848296,1.8331170677737256,True,True,True,False
A13-015,custodian-deviates,psp_token,0.16038492598645024,10.138311287117102,True,True,True,False
A13-016,custodian-deviates,psp_token,1.8061632389130073,10.74462692276588,True,True,True,False
A13-017,custodian-deviates,psp_token,0.16415320285993112,4.306501045348613,True,True,True,False
A13-018,custodian-deviates,psp_token,0.4546515627645633,1.1967661329379033,True,True,True,False
A13-019,custodian-deviates,card,0.4224926070837058,0.5769024578353463,True,True,True,False
A13-020,custodian-deviates,psp_token,0.0874911337081817,5.226021876171768,True,True,True,False
A13-021,custodian-deviates,card,0.35604469480457746,1.24433318812018,True,True,True,False
A13-022,custodian-deviates,card,0.2775285701601057,3.9865251399167603,True,True,True,False
A13-023,custodian-deviates,card,0.19321677104604776,1.3158702805289304,True,True,True,False
A13-024,custodian-deviates,card,0.07987404555506267,0.25559448652570105,True,True,True,False
A13-025,custodian-deviates,card,0.4228316841514699,0.2045588342226513,True,True,True,False
A13-026,custodian-deviates,card,0.3823011953768474,2.5774115684046266,True,True,True,False
A13-027,custodian-deviates,psp_token,0.08157762940360767,0.5861822389074924,True,True,True,False
A13-028,custodian-deviates,card,0.30653994987444266,0.5804804466829648,True,True,True,False
A13-029,custodian-deviates,card,0.6572757719539923,1.0595100985562587,True,True,True,False
A13-030,custodian-deviates,card,4.671970290230111,4.568315463901812,True,True,True,False
A13-031,custodian-deviates,card,0.8853668046045207,2.2665534719256053,True,True,True,False
A13-032,custodian-deviates,card,1.1262688035944584,0.4908153618624934,True,True,True,False
A13-033,custodian-deviates,psp_token,0.21708179724163434,0.7704216725723566,True,True,True,False
A13-034,custodian-deviates,psp_token,0.9776683487574571,1.624992523870221,True,True,True,False
A13-035,custodian-deviates,psp_token,0.7801720527353002,1.7498680338372945,True,True,True,False
A13-036,custodian-deviates,psp_token,2.1826273383341936,0.6388534480910669,True,True,True,False
A13-037,custodian-deviates,psp_token,1.1428281106960565,4.971908910571701,True,True,True,False
A13-038,custodian-deviates,psp_token,2.8523101660280052,3.5690081143451886,True,True,True,False
A13-039,custodian-deviates,card,0.11889827355340647,0.4260832329566902,True,True,True,False
A13-040,custodian-deviates,card,2.061759604969727,0.7734359210519482,True,True,True,False
A13-041,custodian-deviates,card,0.2950373043619058,0.22637256028797417,True,True,True,False
A13-042,custodian-deviates,card,0.7120181193120653,0.8580531272120255,True,True,True,False
A13-043,custodian-deviates,card,1.8061632389130073,20.647998495058076,True,True,True,False
A13-044,custodian-deviates,psp_token,0.23141779656667685,0.8267442812055454,True,True,True,False
A13-045,custodian-deviates,psp_token,0.32500393827155327,5.409396830866632,True,True,True,False
A13-046,custodian-deviates,card,0.17469349700666165,0.1336931800255418,True,True,True,False
A13-047,custodian-deviates,psp_token,0.7519965599056759,0.8420921538898937,True,True,True,False
A13-048,custodian-deviates,card,0.4386597016446119,3.1559957598609163,True,True,True,False
A13-049,custodian-deviates,psp_token,0.13357373274969156,2.967515403116866,True,True,True,False
A13-050,custodian-deviates,psp_token,1.348165373941206,2.406913456041196,True,True,True,False
A13-051,custodian-deviates,card,1.0992102377371382,1.7124385921464016,True,True,True,False
A13-052,custodian-deviates,psp_token,0.24401874968529494,0.7952256588190654,True,True,True,False
A13-053,custodian-deviates,psp_token,0.37452959515399314,1.5616598260799477,True,True,True,False
A13-054,custodian-deviates,card,1.5344211731176058,4.025307764596314,True,True,True,False
A13-055,custodian-deviates,card,0.9898736144619084,1.8163958621814607,True,True,True,False
A13-056,custodian-deviates,psp_token,1.4576163850085357,2.2160568323239533,True,True,True,False
A13-057,custodian-deviates,card,0.15675142841025194,0.16617447436356605,True,True,True,False
A13-058,custodian-deviates,card,0.9898736144619084,1.8168032645177932,True,True,True,False
A13-059,custodian-deviates,card,0.2996526440153499,2.311060348941615,True,True,True,False
