rule,q,q_hat,coalition size,draws,rational,share rational
oracle,0.3,0.3,1,2000,0,0.0
oracle,0.3,0.3,2,2000,1661,0.8305
oracle,0.3,0.3,3,2000,1983,0.9915
oracle,0.4,0.4,1,2000,0,0.0
oracle,0.4,0.4,2,2000,1508,0.754
oracle,0.4,0.4,3,2000,1985,0.9925
oracle,0.5,0.5,1,2000,0,0.0
oracle,0.5,0.5,2,2000,1279,0.6395
oracle,0.5,0.5,3,2000,1982,0.991
oracle,0.6,0.6,1,2000,0,0.0
oracle,0.6,0.6,2,2000,949,0.4745
oracle,0.6,0.6,3,2000,1987,0.9935
oracle,0.7,0.7,1,2000,0,0.0
oracle,0.7,0.7,2,2000,547,0.2735
oracle,0.7,0.7,3,2000,1990,0.995
oracle,0.8,0.8,1,2000,0,0.0
oracle,0.8,0.8,2,2000,116,0.058
oracle,0.8,0.8,3,2000,1988,0.994
oracle,0.9,0.9,1,2000,0,0.0
oracle,0.9,0.9,2,2000,9,0.0045
oracle,0.9,0.9,3,2000,1989,0.9945
oracle,1.0,1.0,1,2000,0,0.0
oracle,1.0,1.0,2,2000,0,0.0
oracle,1.0,1.0,3,2000,1984,0.992
floor,0.3,0.3,1,2000,0,0.0
floor,0.3,0.3,2,2000,1649,0.8245
floor,0.3,0.3,3,2000,1989,0.9945
floor,0.4,0.3,1,2000,0,0.0
floor,0.4,0.3,2,2000,1354,0.677
floor,0.4,0.3,3,2000,1984,0.992
floor,0.5,0.3,1,2000,0,0.0
floor,0.5,0.3,2,2000,0,0.0
floor,0.5,0.3,3,2000,1981,0.9905
floor,0.6,0.3,1,2000,0,0.0
floor,0.6,0.3,2,2000,0,0.0
floor,0.6,0.3,3,2000,1984,0.992
floor,0.7,0.3,1,2000,0,0.0
floor,0.7,0.3,2,2000,0,0.0
floor,0.7,0.3,3,2000,1986,0.993
floor,0.8,0.3,1,2000,0,0.0
floor,0.8,0.3,2,2000,0,0.0
floor,0.8,0.3,3,2000,1993,0.9965
floor,0.9,0.3,1,2000,0,0.0
floor,0.9,0.3,2,2000,0,0.0
floor,0.9,0.3,3,2000,1986,0.993
floor,1.0,0.3,1,2000,0,0.0
floor,1.0,0.3,2,2000,0,0.0
floor,1.0,0.3,3,2000,1986,0.993
