population,workload,rule,admission,q,q_hat,rational custodians,deviating,gross loss / mean exposure
provisioned,10,oracle,on,0.3,0.3,181,0,0.0
provisioned,10,oracle,off,0.3,0.3,181,166,1.5623497983205894
provisioned,10,oracle,on,0.4,0.4,181,0,0.0
provisioned,10,oracle,off,0.4,0.4,181,147,1.3891080000869866
provisioned,10,oracle,on,0.5,0.5,181,0,0.0
provisioned,10,oracle,off,0.5,0.5,181,128,1.2914125841676725
provisioned,10,oracle,on,0.6,0.6,181,0,0.0
provisioned,10,oracle,off,0.6,0.6,181,90,1.0502064512119889
provisioned,10,oracle,on,0.7,0.7,181,0,0.0
provisioned,10,oracle,off,0.7,0.7,181,27,0.34884055864202484
provisioned,10,oracle,on,0.8,0.8,181,0,0.0
provisioned,10,oracle,off,0.8,0.8,181,7,0.09667072808398114
provisioned,10,oracle,on,0.9,0.9,181,0,0.0
provisioned,10,oracle,off,0.9,0.9,181,0,0.0
provisioned,10,oracle,on,1.0,1.0,181,0,0.0
provisioned,10,oracle,off,1.0,1.0,181,0,0.0
provisioned,10,floor,on,0.3,0.3,181,0,0.0
provisioned,10,floor,off,0.3,0.3,181,166,1.5623497983205894
provisioned,10,floor,on,0.4,0.3,181,0,0.0
provisioned,10,floor,off,0.4,0.3,181,112,1.5474744560116822
provisioned,10,floor,on,0.5,0.3,181,0,0.0
provisioned,10,floor,off,0.5,0.3,181,7,0.1401202543483484
provisioned,10,floor,on,0.6,0.3,181,0,0.0
provisioned,10,floor,off,0.6,0.3,181,0,0.0
provisioned,10,floor,on,0.7,0.3,181,0,0.0
provisioned,10,floor,off,0.7,0.3,181,0,0.0
provisioned,10,floor,on,0.8,0.3,181,0,0.0
provisioned,10,floor,off,0.8,0.3,181,0,0.0
provisioned,10,floor,on,0.9,0.3,181,0,0.0
provisioned,10,floor,off,0.9,0.3,181,0,0.0
provisioned,10,floor,on,1.0,0.3,181,0,0.0
provisioned,10,floor,off,1.0,0.3,181,0,0.0
provisioned,10,optimistic,on,0.3,0.8,181,142,0.6285124575921583
provisioned,10,optimistic,off,0.3,0.8,181,166,0.937771227357314
provisioned,10,optimistic,on,0.4,0.8,181,115,0.6601231229828184
provisioned,10,optimistic,off,0.4,0.8,181,147,1.0533345334107707
provisioned,10,optimistic,on,0.5,0.8,181,66,0.4392705113403711
provisioned,10,optimistic,off,0.5,0.8,181,128,1.15848298932779
provisioned,10,optimistic,on,0.6,0.8,181,14,0.09247444360055236
provisioned,10,optimistic,off,0.6,0.8,181,90,1.0211211088868968
provisioned,10,optimistic,on,0.7,0.8,181,5,0.037267697779271206
provisioned,10,optimistic,off,0.7,0.8,181,27,0.3420082671658254
provisioned,10,optimistic,on,0.8,0.8,181,0,0.0
provisioned,10,optimistic,off,0.8,0.8,181,7,0.09667072808398114
provisioned,10,optimistic,on,0.9,0.8,181,0,0.0
provisioned,10,optimistic,off,0.9,0.8,181,0,0.0
provisioned,10,optimistic,on,1.0,0.8,181,0,0.0
provisioned,10,optimistic,off,1.0,0.8,181,0,0.0
unprovisioned,10,oracle,on,0.3,0.3,181,0,0.0
unprovisioned,10,oracle,off,0.3,0.3,181,170,0.7394779153989471
unprovisioned,10,oracle,on,0.4,0.4,181,0,0.0
unprovisioned,10,oracle,off,0.4,0.4,181,158,0.8478695773688888
unprovisioned,10,oracle,on,0.5,0.5,181,0,0.0
unprovisioned,10,oracle,off,0.5,0.5,181,136,0.8127770794314212
unprovisioned,10,oracle,on,0.6,0.6,181,0,0.0
unprovisioned,10,oracle,off,0.6,0.6,181,112,0.749983845761394
unprovisioned,10,oracle,on,0.7,0.7,181,0,0.0
unprovisioned,10,oracle,off,0.7,0.7,181,88,0.6819384744026393
unprovisioned,10,oracle,on,0.8,0.8,181,0,0.0
unprovisioned,10,oracle,off,0.8,0.8,181,56,0.48581899966456005
unprovisioned,10,oracle,on,0.9,0.9,181,0,0.0
unprovisioned,10,oracle,off,0.9,0.9,181,19,0.16882170197372065
unprovisioned,10,oracle,on,1.0,1.0,181,0,0.0
unprovisioned,10,oracle,off,1.0,1.0,181,0,0.0
unprovisioned,10,floor,on,0.3,0.3,181,0,0.0
unprovisioned,10,floor,off,0.3,0.3,181,170,0.7394779153989471
unprovisioned,10,floor,on,0.4,0.3,181,0,0.0
unprovisioned,10,floor,off,0.4,0.3,181,158,0.8478695773688888
unprovisioned,10,floor,on,0.5,0.3,181,0,0.0
unprovisioned,10,floor,off,0.5,0.3,181,136,0.8127770794314212
unprovisioned,10,floor,on,0.6,0.3,181,0,0.0
unprovisioned,10,floor,off,0.6,0.3,181,112,0.749983845761394
unprovisioned,10,floor,on,0.7,0.3,181,0,0.0
unprovisioned,10,floor,off,0.7,0.3,181,88,0.6819384744026393
unprovisioned,10,floor,on,0.8,0.3,181,0,0.0
unprovisioned,10,floor,off,0.8,0.3,181,56,0.48581899966456005
unprovisioned,10,floor,on,0.9,0.3,181,0,0.0
unprovisioned,10,floor,off,0.9,0.3,181,19,0.16882170197372065
unprovisioned,10,floor,on,1.0,0.3,181,0,0.0
unprovisioned,10,floor,off,1.0,0.3,181,0,0.0
unprovisioned,10,optimistic,on,0.3,0.8,181,108,0.3001865531714998
unprovisioned,10,optimistic,off,0.3,0.8,181,170,0.7394779153989471
unprovisioned,10,optimistic,on,0.4,0.8,181,92,0.35231960731652157
unprovisioned,10,optimistic,off,0.4,0.8,181,158,0.8478695773688888
unprovisioned,10,optimistic,on,0.5,0.8,181,50,0.19815675071206063
unprovisioned,10,optimistic,off,0.5,0.8,181,136,0.8127770794314212
unprovisioned,10,optimistic,on,0.6,0.8,181,13,0.05246015369439434
unprovisioned,10,optimistic,off,0.6,0.8,181,112,0.749983845761394
unprovisioned,10,optimistic,on,0.7,0.8,181,3,0.00463138184972736
unprovisioned,10,optimistic,off,0.7,0.8,181,88,0.6819384744026393
unprovisioned,10,optimistic,on,0.8,0.8,181,0,0.0
unprovisioned,10,optimistic,off,0.8,0.8,181,56,0.48581899966456005
unprovisioned,10,optimistic,on,0.9,0.8,181,0,0.0
unprovisioned,10,optimistic,off,0.9,0.8,181,19,0.16882170197372065
unprovisioned,10,optimistic,on,1.0,0.8,181,0,0.0
unprovisioned,10,optimistic,off,1.0,0.8,181,0,0.0
provisioned,30,oracle,on,0.3,0.3,180,0,0.0
provisioned,30,oracle,off,0.3,0.3,180,144,1.24925805132636
provisioned,30,oracle,on,0.4,0.4,180,0,0.0
provisioned,30,oracle,off,0.4,0.4,180,123,1.0813324631482553
provisioned,30,oracle,on,0.5,0.5,180,0,0.0
provisioned,30,oracle,off,0.5,0.5,180,86,0.7787481479906715
provisioned,30,oracle,on,0.6,0.6,180,0,0.0
provisioned,30,oracle,off,0.6,0.6,180,33,0.30579274950380386
provisioned,30,oracle,on,0.7,0.7,180,0,0.0
provisioned,30,oracle,off,0.7,0.7,180,11,0.1008678320625578
provisioned,30,oracle,on,0.8,0.8,180,0,0.0
provisioned,30,oracle,off,0.8,0.8,180,2,0.018155008445992556
provisioned,30,oracle,on,0.9,0.9,180,0,0.0
provisioned,30,oracle,off,0.9,0.9,180,0,0.0
provisioned,30,oracle,on,1.0,1.0,180,0,0.0
provisioned,30,oracle,off,1.0,1.0,180,0,0.0
provisioned,30,floor,on,0.3,0.3,180,0,0.0
provisioned,30,floor,off,0.3,0.3,180,144,1.24925805132636
provisioned,30,floor,on,0.4,0.3,180,0,0.0
provisioned,30,floor,off,0.4,0.3,180,3,0.03915351519457898
provisioned,30,floor,on,0.5,0.3,180,0,0.0
provisioned,30,floor,off,0.5,0.3,180,0,0.0
provisioned,30,floor,on,0.6,0.3,180,0,0.0
provisioned,30,floor,off,0.6,0.3,180,0,0.0
provisioned,30,floor,on,0.7,0.3,180,0,0.0
provisioned,30,floor,off,0.7,0.3,180,0,0.0
provisioned,30,floor,on,0.8,0.3,180,0,0.0
provisioned,30,floor,off,0.8,0.3,180,0,0.0
provisioned,30,floor,on,0.9,0.3,180,0,0.0
provisioned,30,floor,off,0.9,0.3,180,0,0.0
provisioned,30,floor,on,1.0,0.3,180,0,0.0
provisioned,30,floor,off,1.0,0.3,180,0,0.0
provisioned,30,optimistic,on,0.3,0.8,180,134,0.5801771954304468
provisioned,30,optimistic,off,0.3,0.8,180,144,0.6762719415255409
provisioned,30,optimistic,on,0.4,0.8,180,105,0.5787730595916777
provisioned,30,optimistic,off,0.4,0.8,180,123,0.7567350703316983
provisioned,30,optimistic,on,0.5,0.8,180,55,0.3479835866444966
provisioned,30,optimistic,off,0.5,0.8,180,86,0.650565406119776
provisioned,30,optimistic,on,0.6,0.8,180,19,0.1202863562916663
provisioned,30,optimistic,off,0.6,0.8,180,33,0.2627002334867788
provisioned,30,optimistic,on,0.7,0.8,180,6,0.04220032629278967
provisioned,30,optimistic,off,0.7,0.8,180,11,0.09244342692155003
provisioned,30,optimistic,on,0.8,0.8,180,0,0.0
provisioned,30,optimistic,off,0.8,0.8,180,2,0.018155008445992556
provisioned,30,optimistic,on,0.9,0.8,180,0,0.0
provisioned,30,optimistic,off,0.9,0.8,180,0,0.0
provisioned,30,optimistic,on,1.0,0.8,180,0,0.0
provisioned,30,optimistic,off,1.0,0.8,180,0,0.0
unprovisioned,30,oracle,on,0.3,0.3,180,0,0.0
unprovisioned,30,oracle,off,0.3,0.3,180,152,0.5331513719701965
unprovisioned,30,oracle,on,0.4,0.4,180,0,0.0
unprovisioned,30,oracle,off,0.4,0.4,180,131,0.5280934600314682
unprovisioned,30,oracle,on,0.5,0.5,180,0,0.0
unprovisioned,30,oracle,off,0.5,0.5,180,108,0.48757323321077994
unprovisioned,30,oracle,on,0.6,0.6,180,0,0.0
unprovisioned,30,oracle,off,0.6,0.6,180,89,0.476307792812888
unprovisioned,30,oracle,on,0.7,0.7,180,0,0.0
unprovisioned,30,oracle,off,0.7,0.7,180,63,0.35235947195739226
unprovisioned,30,oracle,on,0.8,0.8,180,0,0.0
unprovisioned,30,oracle,off,0.8,0.8,180,38,0.22804131515469703
unprovisioned,30,oracle,on,0.9,0.9,180,0,0.0
unprovisioned,30,oracle,off,0.9,0.9,180,14,0.10278234651574021
unprovisioned,30,oracle,on,1.0,1.0,180,0,0.0
unprovisioned,30,oracle,off,1.0,1.0,180,0,0.0
unprovisioned,30,floor,on,0.3,0.3,180,0,0.0
unprovisioned,30,floor,off,0.3,0.3,180,152,0.5331513719701965
unprovisioned,30,floor,on,0.4,0.3,180,0,0.0
unprovisioned,30,floor,off,0.4,0.3,180,131,0.5280934600314682
unprovisioned,30,floor,on,0.5,0.3,180,0,0.0
unprovisioned,30,floor,off,0.5,0.3,180,108,0.48757323321077994
unprovisioned,30,floor,on,0.6,0.3,180,0,0.0
unprovisioned,30,floor,off,0.6,0.3,180,89,0.476307792812888
unprovisioned,30,floor,on,0.7,0.3,180,0,0.0
unprovisioned,30,floor,off,0.7,0.3,180,63,0.35235947195739226
unprovisioned,30,floor,on,0.8,0.3,180,0,0.0
unprovisioned,30,floor,off,0.8,0.3,180,38,0.22804131515469703
unprovisioned,30,floor,on,0.9,0.3,180,0,0.0
unprovisioned,30,floor,off,0.9,0.3,180,14,0.10278234651574021
unprovisioned,30,floor,on,1.0,0.3,180,0,0.0
unprovisioned,30,floor,off,1.0,0.3,180,0,0.0
unprovisioned,30,optimistic,on,0.3,0.8,180,95,0.25635474708319655
unprovisioned,30,optimistic,off,0.3,0.8,180,152,0.5331513719701965
unprovisioned,30,optimistic,on,0.4,0.8,180,69,0.21587913458372013
unprovisioned,30,optimistic,off,0.4,0.8,180,131,0.5280934600314682
unprovisioned,30,optimistic,on,0.5,0.8,180,44,0.1663953935983993
unprovisioned,30,optimistic,off,0.5,0.8,180,108,0.48757323321077994
unprovisioned,30,optimistic,on,0.6,0.8,180,15,0.047137679815747
unprovisioned,30,optimistic,off,0.6,0.8,180,89,0.476307792812888
unprovisioned,30,optimistic,on,0.7,0.8,180,5,0.018715824922656294
unprovisioned,30,optimistic,off,0.7,0.8,180,63,0.35235947195739226
unprovisioned,30,optimistic,on,0.8,0.8,180,0,0.0
unprovisioned,30,optimistic,off,0.8,0.8,180,38,0.22804131515469703
unprovisioned,30,optimistic,on,0.9,0.8,180,0,0.0
unprovisioned,30,optimistic,off,0.9,0.8,180,14,0.10278234651574021
unprovisioned,30,optimistic,on,1.0,0.8,180,0,0.0
unprovisioned,30,optimistic,off,1.0,0.8,180,0,0.0
provisioned,100,oracle,on,0.3,0.3,184,0,0.0
provisioned,100,oracle,off,0.3,0.3,184,51,0.42048731266430917
provisioned,100,oracle,on,0.4,0.4,184,0,0.0
provisioned,100,oracle,off,0.4,0.4,184,42,0.3469143999088058
provisioned,100,oracle,on,0.5,0.5,184,0,0.0
provisioned,100,oracle,off,0.5,0.5,184,27,0.22344870896210656
provisioned,100,oracle,on,0.6,0.6,184,0,0.0
provisioned,100,oracle,off,0.6,0.6,184,9,0.0747941101337771
provisioned,100,oracle,on,0.7,0.7,184,0,0.0
provisioned,100,oracle,off,0.7,0.7,184,3,0.024857453334424098
provisioned,100,oracle,on,0.8,0.8,184,0,0.0
provisioned,100,oracle,off,0.8,0.8,184,1,0.008265558934286817
provisioned,100,oracle,on,0.9,0.9,184,0,0.0
provisioned,100,oracle,off,0.9,0.9,184,0,0.0
provisioned,100,oracle,on,1.0,1.0,184,0,0.0
provisioned,100,oracle,off,1.0,1.0,184,0,0.0
provisioned,100,floor,on,0.3,0.3,184,0,0.0
provisioned,100,floor,off,0.3,0.3,184,51,0.42048731266430917
provisioned,100,floor,on,0.4,0.3,184,0,0.0
provisioned,100,floor,off,0.4,0.3,184,0,0.0
provisioned,100,floor,on,0.5,0.3,184,0,0.0
provisioned,100,floor,off,0.5,0.3,184,0,0.0
provisioned,100,floor,on,0.6,0.3,184,0,0.0
provisioned,100,floor,off,0.6,0.3,184,0,0.0
provisioned,100,floor,on,0.7,0.3,184,0,0.0
provisioned,100,floor,off,0.7,0.3,184,0,0.0
provisioned,100,floor,on,0.8,0.3,184,0,0.0
provisioned,100,floor,off,0.8,0.3,184,0,0.0
provisioned,100,floor,on,0.9,0.3,184,0,0.0
provisioned,100,floor,off,0.9,0.3,184,0,0.0
provisioned,100,floor,on,1.0,0.3,184,0,0.0
provisioned,100,floor,off,1.0,0.3,184,0,0.0
provisioned,100,optimistic,on,0.3,0.8,184,142,0.5397596793153828
provisioned,100,optimistic,off,0.3,0.8,184,144,0.5567891858083641
provisioned,100,optimistic,on,0.4,0.8,184,114,0.5615958727732319
provisioned,100,optimistic,off,0.4,0.8,184,116,0.5788873370512196
provisioned,100,optimistic,on,0.5,0.8,184,60,0.3300199104651231
provisioned,100,optimistic,off,0.5,0.8,184,65,0.37164187590980485
provisioned,100,optimistic,on,0.6,0.8,184,23,0.12844506724681032
provisioned,100,optimistic,off,0.6,0.8,184,25,0.14558531701430089
provisioned,100,optimistic,on,0.7,0.8,184,11,0.07318634470841347
provisioned,100,optimistic,off,0.7,0.8,184,11,0.0732226894785389
provisioned,100,optimistic,on,0.8,0.8,184,0,0.0
provisioned,100,optimistic,off,0.8,0.8,184,1,0.008265558934286817
provisioned,100,optimistic,on,0.9,0.8,184,0,0.0
provisioned,100,optimistic,off,0.9,0.8,184,0,0.0
provisioned,100,optimistic,on,1.0,0.8,184,0,0.0
provisioned,100,optimistic,off,1.0,0.8,184,0,0.0
unprovisioned,100,oracle,on,0.3,0.3,184,0,0.0
unprovisioned,100,oracle,off,0.3,0.3,184,152,0.370513877802983
unprovisioned,100,oracle,on,0.4,0.4,184,0,0.0
unprovisioned,100,oracle,off,0.4,0.4,184,139,0.4329079204805913
unprovisioned,100,oracle,on,0.5,0.5,184,0,0.0
unprovisioned,100,oracle,off,0.5,0.5,184,112,0.3791547075468387
unprovisioned,100,oracle,on,0.6,0.6,184,0,0.0
unprovisioned,100,oracle,off,0.6,0.6,184,88,0.32048685761576223
unprovisioned,100,oracle,on,0.7,0.7,184,0,0.0
unprovisioned,100,oracle,off,0.7,0.7,184,69,0.29653379318984824
unprovisioned,100,oracle,on,0.8,0.8,184,0,0.0
unprovisioned,100,oracle,off,0.8,0.8,184,41,0.19902701427672295
unprovisioned,100,oracle,on,0.9,0.9,184,0,0.0
unprovisioned,100,oracle,off,0.9,0.9,184,14,0.0653065948958941
unprovisioned,100,oracle,on,1.0,1.0,184,0,0.0
unprovisioned,100,oracle,off,1.0,1.0,184,0,0.0
unprovisioned,100,floor,on,0.3,0.3,184,0,0.0
unprovisioned,100,floor,off,0.3,0.3,184,152,0.370513877802983
unprovisioned,100,floor,on,0.4,0.3,184,0,0.0
unprovisioned,100,floor,off,0.4,0.3,184,139,0.4329079204805913
unprovisioned,100,floor,on,0.5,0.3,184,0,0.0
unprovisioned,100,floor,off,0.5,0.3,184,112,0.3791547075468387
unprovisioned,100,floor,on,0.6,0.3,184,0,0.0
unprovisioned,100,floor,off,0.6,0.3,184,88,0.32048685761576223
unprovisioned,100,floor,on,0.7,0.3,184,0,0.0
unprovisioned,100,floor,off,0.7,0.3,184,69,0.29653379318984824
unprovisioned,100,floor,on,0.8,0.3,184,0,0.0
unprovisioned,100,floor,off,0.8,0.3,184,41,0.19902701427672295
unprovisioned,100,floor,on,0.9,0.3,184,0,0.0
unprovisioned,100,floor,off,0.9,0.3,184,14,0.0653065948958941
unprovisioned,100,floor,on,1.0,0.3,184,0,0.0
unprovisioned,100,floor,off,1.0,0.3,184,0,0.0
unprovisioned,100,optimistic,on,0.3,0.8,184,108,0.19030693746615426
unprovisioned,100,optimistic,off,0.3,0.8,184,152,0.370513877802983
unprovisioned,100,optimistic,on,0.4,0.8,184,89,0.22177193139623425
unprovisioned,100,optimistic,off,0.4,0.8,184,139,0.4329079204805913
unprovisioned,100,optimistic,on,0.5,0.8,184,46,0.10501233631810382
unprovisioned,100,optimistic,off,0.5,0.8,184,112,0.3791547075468387
unprovisioned,100,optimistic,on,0.6,0.8,184,21,0.04132896969179608
unprovisioned,100,optimistic,off,0.6,0.8,184,88,0.32048685761576223
unprovisioned,100,optimistic,on,0.7,0.8,184,9,0.01914947927628336
unprovisioned,100,optimistic,off,0.7,0.8,184,69,0.29653379318984824
unprovisioned,100,optimistic,on,0.8,0.8,184,0,0.0
unprovisioned,100,optimistic,off,0.8,0.8,184,41,0.19902701427672295
unprovisioned,100,optimistic,on,0.9,0.8,184,0,0.0
unprovisioned,100,optimistic,off,0.9,0.8,184,14,0.0653065948958941
unprovisioned,100,optimistic,on,1.0,0.8,184,0,0.0
unprovisioned,100,optimistic,off,1.0,0.8,184,0,0.0
