population,workload,rule,q,q_hat,payments,refused,refusal rate,bootstrap lo,bootstrap hi
provisioned,10,oracle,0.3,0.3,73723,3874,0.05254805149003703,0.05021582930988511,0.054837999738209374
provisioned,10,oracle,0.4,0.4,73723,3874,0.05254805149003703,0.05021582930988511,0.054837999738209374
provisioned,10,oracle,0.5,0.5,73723,3874,0.05254805149003703,0.05021582930988511,0.054837999738209374
provisioned,10,oracle,0.6,0.6,73723,3874,0.05254805149003703,0.05021582930988511,0.054837999738209374
provisioned,10,oracle,0.7,0.7,73723,3874,0.05254805149003703,0.05021582930988511,0.054837999738209374
provisioned,10,oracle,0.8,0.8,73723,3874,0.05254805149003703,0.05021582930988511,0.054837999738209374
provisioned,10,oracle,0.9,0.9,73723,3874,0.05254805149003703,0.05021582930988511,0.054837999738209374
provisioned,10,oracle,1.0,1.0,73723,3874,0.05254805149003703,0.05021582930988511,0.054837999738209374
provisioned,10,floor,0.3,0.3,73723,3874,0.05254805149003703,0.05021582930988511,0.054837999738209374
provisioned,10,floor,0.4,0.3,73723,3874,0.05254805149003703,0.05021582930988511,0.054837999738209374
provisioned,10,floor,0.5,0.3,73723,3874,0.05254805149003703,0.05021582930988511,0.054837999738209374
provisioned,10,floor,0.6,0.3,73723,3874,0.05254805149003703,0.05021582930988511,0.054837999738209374
provisioned,10,floor,0.7,0.3,73723,3874,0.05254805149003703,0.05021582930988511,0.054837999738209374
provisioned,10,floor,0.8,0.3,73723,3874,0.05254805149003703,0.05021582930988511,0.054837999738209374
provisioned,10,floor,0.9,0.3,73723,3874,0.05254805149003703,0.05021582930988511,0.054837999738209374
provisioned,10,floor,1.0,0.3,73723,3874,0.05254805149003703,0.05021582930988511,0.054837999738209374
provisioned,10,optimistic,0.3,0.8,73723,3874,0.05254805149003703,0.05021582930988511,0.054837999738209374
provisioned,10,optimistic,0.4,0.8,73723,3874,0.05254805149003703,0.05021582930988511,0.054837999738209374
provisioned,10,optimistic,0.5,0.8,73723,3874,0.05254805149003703,0.05021582930988511,0.054837999738209374
provisioned,10,optimistic,0.6,0.8,73723,3874,0.05254805149003703,0.05021582930988511,0.054837999738209374
provisioned,10,optimistic,0.7,0.8,73723,3874,0.05254805149003703,0.05021582930988511,0.054837999738209374
provisioned,10,optimistic,0.8,0.8,73723,3874,0.05254805149003703,0.05021582930988511,0.054837999738209374
provisioned,10,optimistic,0.9,0.8,73723,3874,0.05254805149003703,0.05021582930988511,0.054837999738209374
provisioned,10,optimistic,1.0,0.8,73723,3874,0.05254805149003703,0.05021582930988511,0.054837999738209374
unprovisioned,10,oracle,0.3,0.3,73723,37005,0.5019464753197781,0.4689366711231922,0.5340269005029201
unprovisioned,10,oracle,0.4,0.4,73723,32182,0.43652591457211454,0.40194503515496527,0.47025142145012055
unprovisioned,10,oracle,0.5,0.5,73723,28907,0.3921028715597575,0.3567938068270259,0.4263866810904634
unprovisioned,10,oracle,0.6,0.6,73723,27665,0.3752560259349185,0.3410366770466727,0.4091099472240758
unprovisioned,10,oracle,0.7,0.7,73723,27283,0.37007446794080545,0.33611536705916323,0.4034933156240866
unprovisioned,10,oracle,0.8,0.8,73723,27254,0.369681103590467,0.33547729770704926,0.40311587444187846
unprovisioned,10,oracle,0.9,0.9,73723,27254,0.369681103590467,0.33547729770704926,0.40311587444187846
unprovisioned,10,oracle,1.0,1.0,73723,27254,0.369681103590467,0.33547729770704926,0.40311587444187846
unprovisioned,10,floor,0.3,0.3,73723,37005,0.5019464753197781,0.4689366711231922,0.5340269005029201
unprovisioned,10,floor,0.4,0.3,73723,37005,0.5019464753197781,0.4689366711231922,0.5340269005029201
unprovisioned,10,floor,0.5,0.3,73723,37005,0.5019464753197781,0.4689366711231922,0.5340269005029201
unprovisioned,10,floor,0.6,0.3,73723,37005,0.5019464753197781,0.4689366711231922,0.5340269005029201
unprovisioned,10,floor,0.7,0.3,73723,37005,0.5019464753197781,0.4689366711231922,0.5340269005029201
unprovisioned,10,floor,0.8,0.3,73723,37005,0.5019464753197781,0.4689366711231922,0.5340269005029201
unprovisioned,10,floor,0.9,0.3,73723,37005,0.5019464753197781,0.4689366711231922,0.5340269005029201
unprovisioned,10,floor,1.0,0.3,73723,37005,0.5019464753197781,0.4689366711231922,0.5340269005029201
unprovisioned,10,optimistic,0.3,0.8,73723,27254,0.369681103590467,0.33547729770704926,0.40311587444187846
unprovisioned,10,optimistic,0.4,0.8,73723,27254,0.369681103590467,0.33547729770704926,0.40311587444187846
unprovisioned,10,optimistic,0.5,0.8,73723,27254,0.369681103590467,0.33547729770704926,0.40311587444187846
unprovisioned,10,optimistic,0.6,0.8,73723,27254,0.369681103590467,0.33547729770704926,0.40311587444187846
unprovisioned,10,optimistic,0.7,0.8,73723,27254,0.369681103590467,0.33547729770704926,0.40311587444187846
unprovisioned,10,optimistic,0.8,0.8,73723,27254,0.369681103590467,0.33547729770704926,0.40311587444187846
unprovisioned,10,optimistic,0.9,0.8,73723,27254,0.369681103590467,0.33547729770704926,0.40311587444187846
unprovisioned,10,optimistic,1.0,0.8,73723,27254,0.369681103590467,0.33547729770704926,0.40311587444187846
provisioned,30,oracle,0.3,0.3,222361,2570,0.011557782165037934,0.010772787551093167,0.012353113960517819
provisioned,30,oracle,0.4,0.4,222361,2570,0.011557782165037934,0.010772787551093167,0.012353113960517819
provisioned,30,oracle,0.5,0.5,222361,2570,0.011557782165037934,0.010772787551093167,0.012353113960517819
provisioned,30,oracle,0.6,0.6,222361,2570,0.011557782165037934,0.010772787551093167,0.012353113960517819
provisioned,30,oracle,0.7,0.7,222361,2570,0.011557782165037934,0.010772787551093167,0.012353113960517819
provisioned,30,oracle,0.8,0.8,222361,2570,0.011557782165037934,0.010772787551093167,0.012353113960517819
provisioned,30,oracle,0.9,0.9,222361,2570,0.011557782165037934,0.010772787551093167,0.012353113960517819
provisioned,30,oracle,1.0,1.0,222361,2570,0.011557782165037934,0.010772787551093167,0.012353113960517819
provisioned,30,floor,0.3,0.3,222361,2570,0.011557782165037934,0.010772787551093167,0.012353113960517819
provisioned,30,floor,0.4,0.3,222361,2570,0.011557782165037934,0.010772787551093167,0.012353113960517819
provisioned,30,floor,0.5,0.3,222361,2570,0.011557782165037934,0.010772787551093167,0.012353113960517819
provisioned,30,floor,0.6,0.3,222361,2570,0.011557782165037934,0.010772787551093167,0.012353113960517819
provisioned,30,floor,0.7,0.3,222361,2570,0.011557782165037934,0.010772787551093167,0.012353113960517819
provisioned,30,floor,0.8,0.3,222361,2570,0.011557782165037934,0.010772787551093167,0.012353113960517819
provisioned,30,floor,0.9,0.3,222361,2570,0.011557782165037934,0.010772787551093167,0.012353113960517819
provisioned,30,floor,1.0,0.3,222361,2570,0.011557782165037934,0.010772787551093167,0.012353113960517819
provisioned,30,optimistic,0.3,0.8,222361,2570,0.011557782165037934,0.010772787551093167,0.012353113960517819
provisioned,30,optimistic,0.4,0.8,222361,2570,0.011557782165037934,0.010772787551093167,0.012353113960517819
provisioned,30,optimistic,0.5,0.8,222361,2570,0.011557782165037934,0.010772787551093167,0.012353113960517819
provisioned,30,optimistic,0.6,0.8,222361,2570,0.011557782165037934,0.010772787551093167,0.012353113960517819
provisioned,30,optimistic,0.7,0.8,222361,2570,0.011557782165037934,0.010772787551093167,0.012353113960517819
provisioned,30,optimistic,0.8,0.8,222361,2570,0.011557782165037934,0.010772787551093167,0.012353113960517819
provisioned,30,optimistic,0.9,0.8,222361,2570,0.011557782165037934,0.010772787551093167,0.012353113960517819
provisioned,30,optimistic,1.0,0.8,222361,2570,0.011557782165037934,0.010772787551093167,0.012353113960517819
unprovisioned,30,oracle,0.3,0.3,222361,102320,0.46015263467964257,0.4263176661693677,0.49214131079651036
unprovisioned,30,oracle,0.4,0.4,222361,90210,0.4056916455673432,0.37110618421253355,0.43925055538840835
unprovisioned,30,oracle,0.5,0.5,222361,82060,0.3690395348105108,0.3343980804815436,0.40356036887870295
unprovisioned,30,oracle,0.6,0.6,222361,79027,0.35539955297916453,0.32167896699424,0.3896835429220342
unprovisioned,30,oracle,0.7,0.7,222361,77461,0.348356951084048,0.3139552301999752,0.3828273899901804
unprovisioned,30,oracle,0.8,0.8,222361,77057,0.34654008571647005,0.31165325293471,0.3813155728866346
unprovisioned,30,oracle,0.9,0.9,222361,77036,0.34644564469488803,0.3116270228093789,0.38122317751114165
unprovisioned,30,oracle,1.0,1.0,222361,77036,0.34644564469488803,0.3116270228093789,0.38122317751114165
unprovisioned,30,floor,0.3,0.3,222361,102320,0.46015263467964257,0.4263176661693677,0.49214131079651036
unprovisioned,30,floor,0.4,0.3,222361,102320,0.46015263467964257,0.4263176661693677,0.49214131079651036
unprovisioned,30,floor,0.5,0.3,222361,102320,0.46015263467964257,0.4263176661693677,0.49214131079651036
unprovisioned,30,floor,0.6,0.3,222361,102320,0.46015263467964257,0.4263176661693677,0.49214131079651036
unprovisioned,30,floor,0.7,0.3,222361,102320,0.46015263467964257,0.4263176661693677,0.49214131079651036
unprovisioned,30,floor,0.8,0.3,222361,102320,0.46015263467964257,0.4263176661693677,0.49214131079651036
unprovisioned,30,floor,0.9,0.3,222361,102320,0.46015263467964257,0.4263176661693677,0.49214131079651036
unprovisioned,30,floor,1.0,0.3,222361,102320,0.46015263467964257,0.4263176661693677,0.49214131079651036
unprovisioned,30,optimistic,0.3,0.8,222361,77057,0.34654008571647005,0.31165325293471,0.3813155728866346
unprovisioned,30,optimistic,0.4,0.8,222361,77057,0.34654008571647005,0.31165325293471,0.3813155728866346
unprovisioned,30,optimistic,0.5,0.8,222361,77057,0.34654008571647005,0.31165325293471,0.3813155728866346
unprovisioned,30,optimistic,0.6,0.8,222361,77057,0.34654008571647005,0.31165325293471,0.3813155728866346
unprovisioned,30,optimistic,0.7,0.8,222361,77057,0.34654008571647005,0.31165325293471,0.3813155728866346
unprovisioned,30,optimistic,0.8,0.8,222361,77057,0.34654008571647005,0.31165325293471,0.3813155728866346
unprovisioned,30,optimistic,0.9,0.8,222361,77057,0.34654008571647005,0.31165325293471,0.3813155728866346
unprovisioned,30,optimistic,1.0,0.8,222361,77057,0.34654008571647005,0.31165325293471,0.3813155728866346
provisioned,100,oracle,0.3,0.3,739778,237,0.0003203663801843256,0.00023129627376814943,0.0004250766817561993
provisioned,100,oracle,0.4,0.4,739778,237,0.0003203663801843256,0.00023129627376814943,0.0004250766817561993
provisioned,100,oracle,0.5,0.5,739778,237,0.0003203663801843256,0.00023129627376814943,0.0004250766817561993
provisioned,100,oracle,0.6,0.6,739778,237,0.0003203663801843256,0.00023129627376814943,0.0004250766817561993
provisioned,100,oracle,0.7,0.7,739778,237,0.0003203663801843256,0.00023129627376814943,0.0004250766817561993
provisioned,100,oracle,0.8,0.8,739778,237,0.0003203663801843256,0.00023129627376814943,0.0004250766817561993
provisioned,100,oracle,0.9,0.9,739778,237,0.0003203663801843256,0.00023129627376814943,0.0004250766817561993
provisioned,100,oracle,1.0,1.0,739778,237,0.0003203663801843256,0.00023129627376814943,0.0004250766817561993
provisioned,100,floor,0.3,0.3,739778,237,0.0003203663801843256,0.00023129627376814943,0.0004250766817561993
provisioned,100,floor,0.4,0.3,739778,237,0.0003203663801843256,0.00023129627376814943,0.0004250766817561993
provisioned,100,floor,0.5,0.3,739778,237,0.0003203663801843256,0.00023129627376814943,0.0004250766817561993
provisioned,100,floor,0.6,0.3,739778,237,0.0003203663801843256,0.00023129627376814943,0.0004250766817561993
provisioned,100,floor,0.7,0.3,739778,237,0.0003203663801843256,0.00023129627376814943,0.0004250766817561993
provisioned,100,floor,0.8,0.3,739778,237,0.0003203663801843256,0.00023129627376814943,0.0004250766817561993
provisioned,100,floor,0.9,0.3,739778,237,0.0003203663801843256,0.00023129627376814943,0.0004250766817561993
provisioned,100,floor,1.0,0.3,739778,237,0.0003203663801843256,0.00023129627376814943,0.0004250766817561993
provisioned,100,optimistic,0.3,0.8,739778,237,0.0003203663801843256,0.00023129627376814943,0.0004250766817561993
provisioned,100,optimistic,0.4,0.8,739778,237,0.0003203663801843256,0.00023129627376814943,0.0004250766817561993
provisioned,100,optimistic,0.5,0.8,739778,237,0.0003203663801843256,0.00023129627376814943,0.0004250766817561993
provisioned,100,optimistic,0.6,0.8,739778,237,0.0003203663801843256,0.00023129627376814943,0.0004250766817561993
provisioned,100,optimistic,0.7,0.8,739778,237,0.0003203663801843256,0.00023129627376814943,0.0004250766817561993
provisioned,100,optimistic,0.8,0.8,739778,237,0.0003203663801843256,0.00023129627376814943,0.0004250766817561993
provisioned,100,optimistic,0.9,0.8,739778,237,0.0003203663801843256,0.00023129627376814943,0.0004250766817561993
provisioned,100,optimistic,1.0,0.8,739778,237,0.0003203663801843256,0.00023129627376814943,0.0004250766817561993
unprovisioned,100,oracle,0.3,0.3,739778,352927,0.47707149982832686,0.43861007021225057,0.5150896654961582
unprovisioned,100,oracle,0.4,0.4,739778,304881,0.41212498884800575,0.3738643909452148,0.44975222071149185
unprovisioned,100,oracle,0.5,0.5,739778,275305,0.3721454274120074,0.3342559837623298,0.40935238259801693
unprovisioned,100,oracle,0.6,0.6,739778,260892,0.3526625555234138,0.315323185962063,0.39010370890944174
unprovisioned,100,oracle,0.7,0.7,739778,253326,0.3424351629813268,0.3055036661176918,0.3797348006918921
unprovisioned,100,oracle,0.8,0.8,739778,251274,0.3396613578668195,0.30306999829501513,0.376440411167921
unprovisioned,100,oracle,0.9,0.9,739778,250948,0.33922068512445624,0.3024995500308449,0.3761109066619061
unprovisioned,100,oracle,1.0,1.0,739778,250948,0.33922068512445624,0.3024995500308449,0.3761109066619061
unprovisioned,100,floor,0.3,0.3,739778,352927,0.47707149982832686,0.43861007021225057,0.5150896654961582
unprovisioned,100,floor,0.4,0.3,739778,352927,0.47707149982832686,0.43861007021225057,0.5150896654961582
unprovisioned,100,floor,0.5,0.3,739778,352927,0.47707149982832686,0.43861007021225057,0.5150896654961582
unprovisioned,100,floor,0.6,0.3,739778,352927,0.47707149982832686,0.43861007021225057,0.5150896654961582
unprovisioned,100,floor,0.7,0.3,739778,352927,0.47707149982832686,0.43861007021225057,0.5150896654961582
unprovisioned,100,floor,0.8,0.3,739778,352927,0.47707149982832686,0.43861007021225057,0.5150896654961582
unprovisioned,100,floor,0.9,0.3,739778,352927,0.47707149982832686,0.43861007021225057,0.5150896654961582
unprovisioned,100,floor,1.0,0.3,739778,352927,0.47707149982832686,0.43861007021225057,0.5150896654961582
unprovisioned,100,optimistic,0.3,0.8,739778,251274,0.3396613578668195,0.30306999829501513,0.376440411167921
unprovisioned,100,optimistic,0.4,0.8,739778,251274,0.3396613578668195,0.30306999829501513,0.376440411167921
unprovisioned,100,optimistic,0.5,0.8,739778,251274,0.3396613578668195,0.30306999829501513,0.376440411167921
unprovisioned,100,optimistic,0.6,0.8,739778,251274,0.3396613578668195,0.30306999829501513,0.376440411167921
unprovisioned,100,optimistic,0.7,0.8,739778,251274,0.3396613578668195,0.30306999829501513,0.376440411167921
unprovisioned,100,optimistic,0.8,0.8,739778,251274,0.3396613578668195,0.30306999829501513,0.376440411167921
unprovisioned,100,optimistic,0.9,0.8,739778,251274,0.3396613578668195,0.30306999829501513,0.376440411167921
unprovisioned,100,optimistic,1.0,0.8,739778,251274,0.3396613578668195,0.30306999829501513,0.376440411167921
