population,workload,rule,admission,q,q_hat,compromised custodians,deviating,gross loss / mean exposure,expected uncovered / mean exposure
provisioned,10,oracle,on,0.3,0.3,19,19,0.8777852126297683,0.6144496488408379
provisioned,10,oracle,off,0.3,0.3,19,19,0.9633566553901943,0.6743496587731361
provisioned,10,oracle,on,0.4,0.4,19,19,0.8777852126297683,0.5266711275778609
provisioned,10,oracle,off,0.4,0.4,19,19,0.9633566553901943,0.5780139932341166
provisioned,10,oracle,on,0.5,0.5,19,19,0.8777852126297683,0.43889260631488414
provisioned,10,oracle,off,0.5,0.5,19,19,0.9633566553901943,0.49788267767262123
provisioned,10,oracle,on,0.6,0.6,19,19,0.8777852126297683,0.35111408505190733
provisioned,10,oracle,off,0.6,0.6,19,19,0.9633566553901943,0.41689396915699645
provisioned,10,oracle,on,0.7,0.7,19,19,0.8777852126297683,0.2633355637889306
provisioned,10,oracle,off,0.7,0.7,19,19,0.9633566553901943,0.32581685478479677
provisioned,10,oracle,on,0.8,0.8,19,19,0.8777852126297683,0.17555704252595358
provisioned,10,oracle,off,0.8,0.8,19,19,0.9633566553901943,0.23473974041259701
provisioned,10,oracle,on,0.9,0.9,19,19,0.8777852126297683,0.08777852126297686
provisioned,10,oracle,off,0.9,0.9,19,19,0.9633566553901943,0.1436626260403974
provisioned,10,oracle,on,1.0,1.0,19,19,0.8777852126297683,0.0
provisioned,10,oracle,off,1.0,1.0,19,19,0.9633566553901943,0.05258551166819776
provisioned,10,floor,on,0.3,0.3,19,19,0.8777852126297683,0.6144496488408379
provisioned,10,floor,off,0.3,0.3,19,19,0.9633566553901943,0.6743496587731361
provisioned,10,floor,on,0.4,0.3,19,19,0.8777852126297683,0.5266711275778609
provisioned,10,floor,off,0.4,0.3,19,19,0.9633566553901943,0.5780139932341166
provisioned,10,floor,on,0.5,0.3,19,19,0.8777852126297683,0.43889260631488414
provisioned,10,floor,off,0.5,0.3,19,19,0.9633566553901943,0.48167832769509716
provisioned,10,floor,on,0.6,0.3,19,19,0.8777852126297683,0.35111408505190733
provisioned,10,floor,off,0.6,0.3,19,19,0.9633566553901943,0.3853426621560777
provisioned,10,floor,on,0.7,0.3,19,19,0.8777852126297683,0.2633355637889306
provisioned,10,floor,off,0.7,0.3,19,19,0.9633566553901943,0.2890069966170583
provisioned,10,floor,on,0.8,0.3,19,19,0.8777852126297683,0.17555704252595358
provisioned,10,floor,off,0.8,0.3,19,19,0.9633566553901943,0.19267133107803877
provisioned,10,floor,on,0.9,0.3,19,19,0.8777852126297683,0.08777852126297686
provisioned,10,floor,off,0.9,0.3,19,19,0.9633566553901943,0.09633566553901939
provisioned,10,floor,on,1.0,0.3,19,19,0.8777852126297683,0.0
provisioned,10,floor,off,1.0,0.3,19,19,0.9633566553901943,0.0
provisioned,10,optimistic,on,0.3,0.8,19,19,0.8777852126297683,0.6144496488408379
provisioned,10,optimistic,off,0.3,0.8,19,19,0.9633566553901943,0.6901253122735953
provisioned,10,optimistic,on,0.4,0.8,19,19,0.8777852126297683,0.5266711275778609
provisioned,10,optimistic,off,0.4,0.8,19,19,0.9633566553901943,0.5990481979013957
provisioned,10,optimistic,on,0.5,0.8,19,19,0.8777852126297683,0.43889260631488414
provisioned,10,optimistic,off,0.5,0.8,19,19,0.9633566553901943,0.5079710835291961
provisioned,10,optimistic,on,0.6,0.8,19,19,0.8777852126297683,0.35111408505190733
provisioned,10,optimistic,off,0.6,0.8,19,19,0.9633566553901943,0.41689396915699645
provisioned,10,optimistic,on,0.7,0.8,19,19,0.8777852126297683,0.2633355637889306
provisioned,10,optimistic,off,0.7,0.8,19,19,0.9633566553901943,0.32581685478479677
provisioned,10,optimistic,on,0.8,0.8,19,19,0.8777852126297683,0.17555704252595358
provisioned,10,optimistic,off,0.8,0.8,19,19,0.9633566553901943,0.23473974041259701
provisioned,10,optimistic,on,0.9,0.8,19,19,0.8777852126297683,0.08777852126297686
provisioned,10,optimistic,off,0.9,0.8,19,19,0.9633566553901943,0.1436626260403974
provisioned,10,optimistic,on,1.0,0.8,19,19,0.8777852126297683,0.0
provisioned,10,optimistic,off,1.0,0.8,19,19,0.9633566553901943,0.05258551166819776
unprovisioned,10,oracle,on,0.3,0.3,19,19,0.2785549913425665,0.19498849393979653
unprovisioned,10,oracle,off,0.3,0.3,19,19,0.9633566553901943,0.8038184045577319
unprovisioned,10,oracle,on,0.4,0.4,19,19,0.380321898351108,0.2281931390106648
unprovisioned,10,oracle,off,0.4,0.4,19,19,0.9633566553901943,0.7506389876135776
unprovisioned,10,oracle,on,0.5,0.5,19,19,0.4435175066159555,0.22175875330797776
unprovisioned,10,oracle,off,0.5,0.5,19,19,0.9633566553901943,0.6974595706694234
unprovisioned,10,oracle,on,0.6,0.6,19,19,0.4689257532357018,0.18757030129428073
unprovisioned,10,oracle,off,0.6,0.6,19,19,0.9633566553901943,0.6442801537252693
unprovisioned,10,oracle,on,0.7,0.7,19,19,0.4673635702072688,0.14020907106218067
unprovisioned,10,oracle,off,0.7,0.7,19,19,0.9633566553901943,0.5911007367811151
unprovisioned,10,oracle,on,0.8,0.8,19,19,0.4781712438272663,0.09563424876545322
unprovisioned,10,oracle,off,0.8,0.8,19,19,0.9633566553901943,0.5379213198369608
unprovisioned,10,oracle,on,0.9,0.9,19,19,0.4781712438272663,0.047817124382726645
unprovisioned,10,oracle,off,0.9,0.9,19,19,0.9633566553901943,0.4847419028928066
unprovisioned,10,oracle,on,1.0,1.0,19,19,0.4781712438272663,0.0
unprovisioned,10,oracle,off,1.0,1.0,19,19,0.9633566553901943,0.4315624859486525
unprovisioned,10,floor,on,0.3,0.3,19,19,0.2785549913425665,0.19498849393979653
unprovisioned,10,floor,off,0.3,0.3,19,19,0.9633566553901943,0.8038184045577319
unprovisioned,10,floor,on,0.4,0.3,19,19,0.2785549913425665,0.16713299480553986
unprovisioned,10,floor,off,0.4,0.3,19,19,0.9633566553901943,0.7506389876135776
unprovisioned,10,floor,on,0.5,0.3,19,19,0.2785549913425665,0.13927749567128325
unprovisioned,10,floor,off,0.5,0.3,19,19,0.9633566553901943,0.6974595706694234
unprovisioned,10,floor,on,0.6,0.3,19,19,0.2785549913425665,0.1114219965370266
unprovisioned,10,floor,off,0.6,0.3,19,19,0.9633566553901943,0.6442801537252693
unprovisioned,10,floor,on,0.7,0.3,19,19,0.2785549913425665,0.08356649740276993
unprovisioned,10,floor,off,0.7,0.3,19,19,0.9633566553901943,0.5911007367811151
unprovisioned,10,floor,on,0.8,0.3,19,19,0.2785549913425665,0.05571099826851328
unprovisioned,10,floor,off,0.8,0.3,19,19,0.9633566553901943,0.5379213198369608
unprovisioned,10,floor,on,0.9,0.3,19,19,0.2785549913425665,0.027855499134256622
unprovisioned,10,floor,off,0.9,0.3,19,19,0.9633566553901943,0.4847419028928066
unprovisioned,10,floor,on,1.0,0.3,19,19,0.2785549913425665,0.0
unprovisioned,10,floor,off,1.0,0.3,19,19,0.9633566553901943,0.4315624859486525
unprovisioned,10,optimistic,on,0.3,0.8,19,19,0.4781712438272663,0.33471987067908643
unprovisioned,10,optimistic,off,0.3,0.8,19,19,0.9633566553901943,0.8038184045577319
unprovisioned,10,optimistic,on,0.4,0.8,19,19,0.4781712438272663,0.28690274629635976
unprovisioned,10,optimistic,off,0.4,0.8,19,19,0.9633566553901943,0.7506389876135776
unprovisioned,10,optimistic,on,0.5,0.8,19,19,0.4781712438272663,0.23908562191363314
unprovisioned,10,optimistic,off,0.5,0.8,19,19,0.9633566553901943,0.6974595706694234
unprovisioned,10,optimistic,on,0.6,0.8,19,19,0.4781712438272663,0.19126849753090652
unprovisioned,10,optimistic,off,0.6,0.8,19,19,0.9633566553901943,0.6442801537252693
unprovisioned,10,optimistic,on,0.7,0.8,19,19,0.4781712438272663,0.14345137314817993
unprovisioned,10,optimistic,off,0.7,0.8,19,19,0.9633566553901943,0.5911007367811151
unprovisioned,10,optimistic,on,0.8,0.8,19,19,0.4781712438272663,0.09563424876545322
unprovisioned,10,optimistic,off,0.8,0.8,19,19,0.9633566553901943,0.5379213198369608
unprovisioned,10,optimistic,on,0.9,0.8,19,19,0.4781712438272663,0.047817124382726645
unprovisioned,10,optimistic,off,0.9,0.8,19,19,0.9633566553901943,0.4847419028928066
unprovisioned,10,optimistic,on,1.0,0.8,19,19,0.4781712438272663,0.0
unprovisioned,10,optimistic,off,1.0,0.8,19,19,0.9633566553901943,0.4315624859486525
provisioned,30,oracle,on,0.3,0.3,20,20,0.8799806433920219,0.6159864503744152
provisioned,30,oracle,off,0.3,0.3,20,20,0.879980643392022,0.6159864503744155
provisioned,30,oracle,on,0.4,0.4,20,20,0.8799806433920219,0.527988386035213
provisioned,30,oracle,off,0.4,0.4,20,20,0.879980643392022,0.5279883860352133
provisioned,30,oracle,on,0.5,0.5,20,20,0.8799806433920219,0.43999032169601093
provisioned,30,oracle,off,0.5,0.5,20,20,0.879980643392022,0.439990321696011
provisioned,30,oracle,on,0.6,0.6,20,20,0.8799806433920219,0.35199225735680867
provisioned,30,oracle,off,0.6,0.6,20,20,0.879980643392022,0.3519922573568089
provisioned,30,oracle,on,0.7,0.7,20,20,0.8799806433920219,0.26399419301760657
provisioned,30,oracle,off,0.7,0.7,20,20,0.879980643392022,0.2639941930176066
provisioned,30,oracle,on,0.8,0.8,20,20,0.8799806433920219,0.17599612867840425
provisioned,30,oracle,off,0.8,0.8,20,20,0.879980643392022,0.17599612867840445
provisioned,30,oracle,on,0.9,0.9,20,20,0.8799806433920219,0.08799806433920213
provisioned,30,oracle,off,0.9,0.9,20,20,0.879980643392022,0.08799806433920213
provisioned,30,oracle,on,1.0,1.0,20,20,0.8799806433920219,0.0
provisioned,30,oracle,off,1.0,1.0,20,20,0.879980643392022,0.0
provisioned,30,floor,on,0.3,0.3,20,20,0.8799806433920219,0.6159864503744152
provisioned,30,floor,off,0.3,0.3,20,20,0.879980643392022,0.6159864503744155
provisioned,30,floor,on,0.4,0.3,20,20,0.8799806433920219,0.527988386035213
provisioned,30,floor,off,0.4,0.3,20,20,0.879980643392022,0.5279883860352133
provisioned,30,floor,on,0.5,0.3,20,20,0.8799806433920219,0.43999032169601093
provisioned,30,floor,off,0.5,0.3,20,20,0.879980643392022,0.439990321696011
provisioned,30,floor,on,0.6,0.3,20,20,0.8799806433920219,0.35199225735680867
provisioned,30,floor,off,0.6,0.3,20,20,0.879980643392022,0.3519922573568089
provisioned,30,floor,on,0.7,0.3,20,20,0.8799806433920219,0.26399419301760657
provisioned,30,floor,off,0.7,0.3,20,20,0.879980643392022,0.2639941930176066
provisioned,30,floor,on,0.8,0.3,20,20,0.8799806433920219,0.17599612867840425
provisioned,30,floor,off,0.8,0.3,20,20,0.879980643392022,0.17599612867840445
provisioned,30,floor,on,0.9,0.3,20,20,0.8799806433920219,0.08799806433920213
provisioned,30,floor,off,0.9,0.3,20,20,0.879980643392022,0.08799806433920213
provisioned,30,floor,on,1.0,0.3,20,20,0.8799806433920219,0.0
provisioned,30,floor,off,1.0,0.3,20,20,0.879980643392022,0.0
provisioned,30,optimistic,on,0.3,0.8,20,20,0.8799806433920219,0.6159864503744152
provisioned,30,optimistic,off,0.3,0.8,20,20,0.879980643392022,0.6159864503744155
provisioned,30,optimistic,on,0.4,0.8,20,20,0.8799806433920219,0.527988386035213
provisioned,30,optimistic,off,0.4,0.8,20,20,0.879980643392022,0.5279883860352133
provisioned,30,optimistic,on,0.5,0.8,20,20,0.8799806433920219,0.43999032169601093
provisioned,30,optimistic,off,0.5,0.8,20,20,0.879980643392022,0.439990321696011
provisioned,30,optimistic,on,0.6,0.8,20,20,0.8799806433920219,0.35199225735680867
provisioned,30,optimistic,off,0.6,0.8,20,20,0.879980643392022,0.3519922573568089
provisioned,30,optimistic,on,0.7,0.8,20,20,0.8799806433920219,0.26399419301760657
provisioned,30,optimistic,off,0.7,0.8,20,20,0.879980643392022,0.2639941930176066
provisioned,30,optimistic,on,0.8,0.8,20,20,0.8799806433920219,0.17599612867840425
provisioned,30,optimistic,off,0.8,0.8,20,20,0.879980643392022,0.17599612867840445
provisioned,30,optimistic,on,0.9,0.8,20,20,0.8799806433920219,0.08799806433920213
provisioned,30,optimistic,off,0.9,0.8,20,20,0.879980643392022,0.08799806433920213
provisioned,30,optimistic,on,1.0,0.8,20,20,0.8799806433920219,0.0
provisioned,30,optimistic,off,1.0,0.8,20,20,0.879980643392022,0.0
unprovisioned,30,oracle,on,0.3,0.3,20,20,0.2704709593516348,0.18932967154614433
unprovisioned,30,oracle,off,0.3,0.3,20,20,0.879980643392022,0.7424971362498204
unprovisioned,30,oracle,on,0.4,0.4,20,20,0.35685179198052336,0.214111075188314
unprovisioned,30,oracle,off,0.4,0.4,20,20,0.879980643392022,0.6966693005357533
unprovisioned,30,oracle,on,0.5,0.5,20,20,0.40518785840391397,0.20259392920195698
unprovisioned,30,oracle,off,0.5,0.5,20,20,0.879980643392022,0.6508414648216861
unprovisioned,30,oracle,on,0.6,0.6,20,20,0.40805995857550686,0.16322398343020275
unprovisioned,30,oracle,off,0.6,0.6,20,20,0.879980643392022,0.6050136291076189
unprovisioned,30,oracle,on,0.7,0.7,20,20,0.4088679855856648,0.12266039567569945
unprovisioned,30,oracle,off,0.7,0.7,20,20,0.879980643392022,0.5591857933935517
unprovisioned,30,oracle,on,0.8,0.8,20,20,0.4088679855856647,0.08177359711713289
unprovisioned,30,oracle,off,0.8,0.8,20,20,0.879980643392022,0.5133579576794846
unprovisioned,30,oracle,on,0.9,0.9,20,20,0.4088679855856647,0.040886798558566424
unprovisioned,30,oracle,off,0.9,0.9,20,20,0.879980643392022,0.4675301219654173
unprovisioned,30,oracle,on,1.0,1.0,20,20,0.4088679855856647,0.0
unprovisioned,30,oracle,off,1.0,1.0,20,20,0.879980643392022,0.42170228625135014
unprovisioned,30,floor,on,0.3,0.3,20,20,0.2704709593516348,0.18932967154614433
unprovisioned,30,floor,off,0.3,0.3,20,20,0.879980643392022,0.7424971362498204
unprovisioned,30,floor,on,0.4,0.3,20,20,0.2704709593516348,0.16228257561098086
unprovisioned,30,floor,off,0.4,0.3,20,20,0.879980643392022,0.6966693005357533
unprovisioned,30,floor,on,0.5,0.3,20,20,0.2704709593516348,0.1352354796758174
unprovisioned,30,floor,off,0.5,0.3,20,20,0.879980643392022,0.6508414648216861
unprovisioned,30,floor,on,0.6,0.3,20,20,0.2704709593516348,0.1081883837406539
unprovisioned,30,floor,off,0.6,0.3,20,20,0.879980643392022,0.6050136291076189
unprovisioned,30,floor,on,0.7,0.3,20,20,0.2704709593516348,0.08114128780549043
unprovisioned,30,floor,off,0.7,0.3,20,20,0.879980643392022,0.5591857933935517
unprovisioned,30,floor,on,0.8,0.3,20,20,0.2704709593516348,0.05409419187032694
unprovisioned,30,floor,off,0.8,0.3,20,20,0.879980643392022,0.5133579576794846
unprovisioned,30,floor,on,0.9,0.3,20,20,0.2704709593516348,0.02704709593516347
unprovisioned,30,floor,off,0.9,0.3,20,20,0.879980643392022,0.4675301219654173
unprovisioned,30,floor,on,1.0,0.3,20,20,0.2704709593516348,0.0
unprovisioned,30,floor,off,1.0,0.3,20,20,0.879980643392022,0.42170228625135014
unprovisioned,30,optimistic,on,0.3,0.8,20,20,0.4088679855856647,0.28620758990996525
unprovisioned,30,optimistic,off,0.3,0.8,20,20,0.879980643392022,0.7424971362498204
unprovisioned,30,optimistic,on,0.4,0.8,20,20,0.4088679855856647,0.2453207913513988
unprovisioned,30,optimistic,off,0.4,0.8,20,20,0.879980643392022,0.6966693005357533
unprovisioned,30,optimistic,on,0.5,0.8,20,20,0.4088679855856647,0.20443399279283234
unprovisioned,30,optimistic,off,0.5,0.8,20,20,0.879980643392022,0.6508414648216861
unprovisioned,30,optimistic,on,0.6,0.8,20,20,0.4088679855856647,0.16354719423426586
unprovisioned,30,optimistic,off,0.6,0.8,20,20,0.879980643392022,0.6050136291076189
unprovisioned,30,optimistic,on,0.7,0.8,20,20,0.4088679855856647,0.1226603956756994
unprovisioned,30,optimistic,off,0.7,0.8,20,20,0.879980643392022,0.5591857933935517
unprovisioned,30,optimistic,on,0.8,0.8,20,20,0.4088679855856647,0.08177359711713289
unprovisioned,30,optimistic,off,0.8,0.8,20,20,0.879980643392022,0.5133579576794846
unprovisioned,30,optimistic,on,0.9,0.8,20,20,0.4088679855856647,0.040886798558566424
unprovisioned,30,optimistic,off,0.9,0.8,20,20,0.879980643392022,0.4675301219654173
unprovisioned,30,optimistic,on,1.0,0.8,20,20,0.4088679855856647,0.0
unprovisioned,30,optimistic,off,1.0,0.8,20,20,0.879980643392022,0.42170228625135014
provisioned,100,oracle,on,0.3,0.3,16,16,1.0209468849933432,0.7146628194953403
provisioned,100,oracle,off,0.3,0.3,16,16,1.0233793881767055,0.7163655717236939
provisioned,100,oracle,on,0.4,0.4,16,16,1.0209468849933432,0.6125681309960058
provisioned,100,oracle,off,0.4,0.4,16,16,1.0233793881767055,0.6140276329060232
provisioned,100,oracle,on,0.5,0.5,16,16,1.0209468849933432,0.5104734424966716
provisioned,100,oracle,off,0.5,0.5,16,16,1.0233793881767055,0.5116896940883527
provisioned,100,oracle,on,0.6,0.6,16,16,1.0209468849933432,0.4083787539973373
provisioned,100,oracle,off,0.6,0.6,16,16,1.0233793881767055,0.40935175527068224
provisioned,100,oracle,on,0.7,0.7,16,16,1.0209468849933432,0.30628406549800297
provisioned,100,oracle,off,0.7,0.7,16,16,1.0233793881767055,0.3070138164530116
provisioned,100,oracle,on,0.8,0.8,16,16,1.0209468849933432,0.20418937699866851
provisioned,100,oracle,off,0.8,0.8,16,16,1.0233793881767055,0.20467587763534104
provisioned,100,oracle,on,0.9,0.9,16,16,1.0209468849933432,0.10209468849933433
provisioned,100,oracle,off,0.9,0.9,16,16,1.0233793881767055,0.10233793881767059
provisioned,100,oracle,on,1.0,1.0,16,16,1.0209468849933432,0.0
provisioned,100,oracle,off,1.0,1.0,16,16,1.0233793881767055,0.0
provisioned,100,floor,on,0.3,0.3,16,16,1.0209468849933432,0.7146628194953403
provisioned,100,floor,off,0.3,0.3,16,16,1.0233793881767055,0.7163655717236939
provisioned,100,floor,on,0.4,0.3,16,16,1.0209468849933432,0.6125681309960058
provisioned,100,floor,off,0.4,0.3,16,16,1.0233793881767055,0.6140276329060232
provisioned,100,floor,on,0.5,0.3,16,16,1.0209468849933432,0.5104734424966716
provisioned,100,floor,off,0.5,0.3,16,16,1.0233793881767055,0.5116896940883527
provisioned,100,floor,on,0.6,0.3,16,16,1.0209468849933432,0.4083787539973373
provisioned,100,floor,off,0.6,0.3,16,16,1.0233793881767055,0.40935175527068224
provisioned,100,floor,on,0.7,0.3,16,16,1.0209468849933432,0.30628406549800297
provisioned,100,floor,off,0.7,0.3,16,16,1.0233793881767055,0.3070138164530116
provisioned,100,floor,on,0.8,0.3,16,16,1.0209468849933432,0.20418937699866851
provisioned,100,floor,off,0.8,0.3,16,16,1.0233793881767055,0.20467587763534104
provisioned,100,floor,on,0.9,0.3,16,16,1.0209468849933432,0.10209468849933433
provisioned,100,floor,off,0.9,0.3,16,16,1.0233793881767055,0.10233793881767059
provisioned,100,floor,on,1.0,0.3,16,16,1.0209468849933432,0.0
provisioned,100,floor,off,1.0,0.3,16,16,1.0233793881767055,0.0
provisioned,100,optimistic,on,0.3,0.8,16,16,1.0209468849933432,0.7146628194953403
provisioned,100,optimistic,off,0.3,0.8,16,16,1.0233793881767055,0.7163655717236939
provisioned,100,optimistic,on,0.4,0.8,16,16,1.0209468849933432,0.6125681309960058
provisioned,100,optimistic,off,0.4,0.8,16,16,1.0233793881767055,0.6140276329060232
provisioned,100,optimistic,on,0.5,0.8,16,16,1.0209468849933432,0.5104734424966716
provisioned,100,optimistic,off,0.5,0.8,16,16,1.0233793881767055,0.5116896940883527
provisioned,100,optimistic,on,0.6,0.8,16,16,1.0209468849933432,0.4083787539973373
provisioned,100,optimistic,off,0.6,0.8,16,16,1.0233793881767055,0.40935175527068224
provisioned,100,optimistic,on,0.7,0.8,16,16,1.0209468849933432,0.30628406549800297
provisioned,100,optimistic,off,0.7,0.8,16,16,1.0233793881767055,0.3070138164530116
provisioned,100,optimistic,on,0.8,0.8,16,16,1.0209468849933432,0.20418937699866851
provisioned,100,optimistic,off,0.8,0.8,16,16,1.0233793881767055,0.20467587763534104
provisioned,100,optimistic,on,0.9,0.8,16,16,1.0209468849933432,0.10209468849933433
provisioned,100,optimistic,off,0.9,0.8,16,16,1.0233793881767055,0.10233793881767059
provisioned,100,optimistic,on,1.0,0.8,16,16,1.0209468849933432,0.0
provisioned,100,optimistic,off,1.0,0.8,16,16,1.0233793881767055,0.0
unprovisioned,100,oracle,on,0.3,0.3,16,16,0.5528664064692307,0.3870064845284615
unprovisioned,100,oracle,off,0.3,0.3,16,16,1.0233793881767055,0.8258999756173889
unprovisioned,100,oracle,on,0.4,0.4,16,16,0.6285394940825285,0.37712369644951704
unprovisioned,100,oracle,off,0.4,0.4,16,16,1.0233793881767055,0.7600735047642836
unprovisioned,100,oracle,on,0.5,0.5,16,16,0.6444407951433438,0.3222203975716719
unprovisioned,100,oracle,off,0.5,0.5,16,16,1.0233793881767055,0.6942470339111783
unprovisioned,100,oracle,on,0.6,0.6,16,16,0.6460524098825682,0.25842096395302727
unprovisioned,100,oracle,off,0.6,0.6,16,16,1.0233793881767055,0.6284205630580727
unprovisioned,100,oracle,on,0.7,0.7,16,16,0.6460524098825682,0.1938157229647705
unprovisioned,100,oracle,off,0.7,0.7,16,16,1.0233793881767055,0.5625940922049673
unprovisioned,100,oracle,on,0.8,0.8,16,16,0.6460524098825682,0.1292104819765136
unprovisioned,100,oracle,off,0.8,0.8,16,16,1.0233793881767055,0.4967676213518618
unprovisioned,100,oracle,on,0.9,0.9,16,16,0.6460524098825682,0.06460524098825683
unprovisioned,100,oracle,off,0.9,0.9,16,16,1.0233793881767055,0.4309411504987564
unprovisioned,100,oracle,on,1.0,1.0,16,16,0.6460524098825682,0.0
unprovisioned,100,oracle,off,1.0,1.0,16,16,1.0233793881767055,0.3651146796456509
unprovisioned,100,floor,on,0.3,0.3,16,16,0.5528664064692307,0.3870064845284615
unprovisioned,100,floor,off,0.3,0.3,16,16,1.0233793881767055,0.8258999756173889
unprovisioned,100,floor,on,0.4,0.3,16,16,0.5528664064692307,0.3317198438815384
unprovisioned,100,floor,off,0.4,0.3,16,16,1.0233793881767055,0.7600735047642836
unprovisioned,100,floor,on,0.5,0.3,16,16,0.5528664064692307,0.27643320323461534
unprovisioned,100,floor,off,0.5,0.3,16,16,1.0233793881767055,0.6942470339111783
unprovisioned,100,floor,on,0.6,0.3,16,16,0.5528664064692307,0.22114656258769227
unprovisioned,100,floor,off,0.6,0.3,16,16,1.0233793881767055,0.6284205630580727
unprovisioned,100,floor,on,0.7,0.3,16,16,0.5528664064692307,0.1658599219407692
unprovisioned,100,floor,off,0.7,0.3,16,16,1.0233793881767055,0.5625940922049673
unprovisioned,100,floor,on,0.8,0.3,16,16,0.5528664064692307,0.1105732812938461
unprovisioned,100,floor,off,0.8,0.3,16,16,1.0233793881767055,0.4967676213518618
unprovisioned,100,floor,on,0.9,0.3,16,16,0.5528664064692307,0.05528664064692305
unprovisioned,100,floor,off,0.9,0.3,16,16,1.0233793881767055,0.4309411504987564
unprovisioned,100,floor,on,1.0,0.3,16,16,0.5528664064692307,0.0
unprovisioned,100,floor,off,1.0,0.3,16,16,1.0233793881767055,0.3651146796456509
unprovisioned,100,optimistic,on,0.3,0.8,16,16,0.6460524098825682,0.45223668691779767
unprovisioned,100,optimistic,off,0.3,0.8,16,16,1.0233793881767055,0.8258999756173889
unprovisioned,100,optimistic,on,0.4,0.8,16,16,0.6460524098825682,0.3876314459295409
unprovisioned,100,optimistic,off,0.4,0.8,16,16,1.0233793881767055,0.7600735047642836
unprovisioned,100,optimistic,on,0.5,0.8,16,16,0.6460524098825682,0.3230262049412841
unprovisioned,100,optimistic,off,0.5,0.8,16,16,1.0233793881767055,0.6942470339111783
unprovisioned,100,optimistic,on,0.6,0.8,16,16,0.6460524098825682,0.25842096395302727
unprovisioned,100,optimistic,off,0.6,0.8,16,16,1.0233793881767055,0.6284205630580727
unprovisioned,100,optimistic,on,0.7,0.8,16,16,0.6460524098825682,0.1938157229647705
unprovisioned,100,optimistic,off,0.7,0.8,16,16,1.0233793881767055,0.5625940922049673
unprovisioned,100,optimistic,on,0.8,0.8,16,16,0.6460524098825682,0.1292104819765136
unprovisioned,100,optimistic,off,0.8,0.8,16,16,1.0233793881767055,0.4967676213518618
unprovisioned,100,optimistic,on,0.9,0.8,16,16,0.6460524098825682,0.06460524098825683
unprovisioned,100,optimistic,off,0.9,0.8,16,16,1.0233793881767055,0.4309411504987564
unprovisioned,100,optimistic,on,1.0,0.8,16,16,0.6460524098825682,0.0
unprovisioned,100,optimistic,off,1.0,0.8,16,16,1.0233793881767055,0.3651146796456509
