set,scenario,config,attacks,loss,step-up,denied
in-model,all,B1,50,36,0,14
in-model,all,B2,50,45,0,5
in-model,all,B3,50,45,5,0
in-model,all,B4,50,47,0,3
in-model,all,B5,50,50,0,0
in-model,all,B6,50,47,2,1
in-model,all,B7,50,23,20,7
in-model,all,M1-G1,50,32,11,7
in-model,all,M1,50,28,13,9
in-model,all,M2,50,14,23,14
in-model,all,M3,50,7,25,14
in-model,custodian_redirect,B1,4,3,0,1
in-model,custodian_redirect,B2,4,4,0,0
in-model,custodian_redirect,B3,4,4,0,0
in-model,custodian_redirect,B4,4,4,0,0
in-model,custodian_redirect,B5,4,4,0,0
in-model,custodian_redirect,B6,4,4,0,0
in-model,custodian_redirect,B7,4,3,1,0
in-model,custodian_redirect,M1-G1,4,4,0,0
in-model,custodian_redirect,M1,4,4,0,0
in-model,custodian_redirect,M2,4,3,1,0
in-model,custodian_redirect,M3,4,3,1,0
in-model,first_hop_mismatch,B1,4,4,0,0
in-model,first_hop_mismatch,B2,4,2,0,2
in-model,first_hop_mismatch,B3,4,4,0,0
in-model,first_hop_mismatch,B4,4,4,0,0
in-model,first_hop_mismatch,B5,4,4,0,0
in-model,first_hop_mismatch,B6,4,4,0,0
in-model,first_hop_mismatch,B7,4,2,0,2
in-model,first_hop_mismatch,M1-G1,4,4,0,0
in-model,first_hop_mismatch,M1,4,4,0,0
in-model,first_hop_mismatch,M2,4,4,0,0
in-model,first_hop_mismatch,M3,4,0,0,0
in-model,fresh_fake_delegation,B1,2,1,0,1
in-model,fresh_fake_delegation,B2,2,2,0,0
in-model,fresh_fake_delegation,B3,2,2,0,0
in-model,fresh_fake_delegation,B4,2,2,0,0
in-model,fresh_fake_delegation,B5,2,2,0,0
in-model,fresh_fake_delegation,B6,2,2,0,0
in-model,fresh_fake_delegation,B7,2,2,0,0
in-model,fresh_fake_delegation,M1-G1,2,2,0,0
in-model,fresh_fake_delegation,M1,2,2,0,0
in-model,fresh_fake_delegation,M2,2,0,1,1
in-model,fresh_fake_delegation,M3,2,0,1,1
in-model,irreversible_revocation,B1,4,4,0,0
in-model,irreversible_revocation,B2,4,4,0,0
in-model,irreversible_revocation,B3,4,4,0,0
in-model,irreversible_revocation,B4,4,2,0,2
in-model,irreversible_revocation,B5,4,4,0,0
in-model,irreversible_revocation,B6,4,4,0,0
in-model,irreversible_revocation,B7,4,2,0,2
in-model,irreversible_revocation,M1-G1,4,4,0,0
in-model,irreversible_revocation,M1,4,4,0,0
in-model,irreversible_revocation,M2,4,3,1,0
in-model,irreversible_revocation,M3,4,0,3,0
in-model,lookalike,B1,9,3,0,6
in-model,lookalike,B2,9,9,0,0
in-model,lookalike,B3,9,8,1,0
in-model,lookalike,B4,9,9,0,0
in-model,lookalike,B5,9,9,0,0
in-model,lookalike,B6,9,7,1,1
in-model,lookalike,B7,9,4,5,0
in-model,lookalike,M1-G1,9,9,0,0
in-model,lookalike,M1,9,9,0,0
in-model,lookalike,M2,9,1,4,5
in-model,lookalike,M3,9,1,4,5
in-model,payee_swap,B1,7,5,0,2
in-model,payee_swap,B2,7,4,0,3
in-model,payee_swap,B3,7,5,2,0
in-model,payee_swap,B4,7,6,0,1
in-model,payee_swap,B5,7,7,0,0
in-model,payee_swap,B6,7,7,0,0
in-model,payee_swap,B7,7,0,4,3
in-model,payee_swap,M1-G1,7,0,2,5
in-model,payee_swap,M1,7,0,2,5
in-model,payee_swap,M2,7,0,2,5
in-model,payee_swap,M3,7,0,2,5
in-model,processor_payout_change,B1,4,4,0,0
in-model,processor_payout_change,B2,4,4,0,0
in-model,processor_payout_change,B3,4,4,0,0
in-model,processor_payout_change,B4,4,4,0,0
in-model,processor_payout_change,B5,4,4,0,0
in-model,processor_payout_change,B6,4,4,0,0
in-model,processor_payout_change,B7,4,3,1,0
in-model,processor_payout_change,M1-G1,4,4,0,0
in-model,processor_payout_change,M1,4,0,0,4
in-model,processor_payout_change,M2,4,0,1,3
in-model,processor_payout_change,M3,4,0,1,3
in-model,revoked_delegation,B1,4,4,0,0
in-model,revoked_delegation,B2,4,4,0,0
in-model,revoked_delegation,B3,4,4,0,0
in-model,revoked_delegation,B4,4,4,0,0
in-model,revoked_delegation,B5,4,4,0,0
in-model,revoked_delegation,B6,4,4,0,0
in-model,revoked_delegation,B7,4,2,2,0
in-model,revoked_delegation,M1-G1,4,2,2,0
in-model,revoked_delegation,M1,4,2,2,0
in-model,revoked_delegation,M2,4,2,2,0
in-model,revoked_delegation,M3,4,2,2,0
in-model,rogue_submerchant,B1,4,2,0,2
in-model,rogue_submerchant,B2,4,4,0,0
in-model,rogue_submerchant,B3,4,2,2,0
in-model,rogue_submerchant,B4,4,4,0,0
in-model,rogue_submerchant,B5,4,4,0,0
in-model,rogue_submerchant,B6,4,3,1,0
in-model,rogue_submerchant,B7,4,2,2,0
in-model,rogue_submerchant,M1-G1,4,0,2,2
in-model,rogue_submerchant,M1,4,0,4,0
in-model,rogue_submerchant,M2,4,0,4,0
in-model,rogue_submerchant,M3,4,0,4,0
in-model,scope_abuse,B1,5,4,0,1
in-model,scope_abuse,B2,5,5,0,0
in-model,scope_abuse,B3,5,5,0,0
in-model,scope_abuse,B4,5,5,0,0
in-model,scope_abuse,B5,5,5,0,0
in-model,scope_abuse,B6,5,5,0,0
in-model,scope_abuse,B7,5,0,5,0
in-model,scope_abuse,M1-G1,5,0,5,0
in-model,scope_abuse,M1,5,0,5,0
in-model,scope_abuse,M2,5,0,5,0
in-model,scope_abuse,M3,5,0,5,0
in-model,split_view,B1,3,2,0,1
in-model,split_view,B2,3,3,0,0
in-model,split_view,B3,3,3,0,0
in-model,split_view,B4,3,3,0,0
in-model,split_view,B5,3,3,0,0
in-model,split_view,B6,3,3,0,0
in-model,split_view,B7,3,3,0,0
in-model,split_view,M1-G1,3,3,0,0
in-model,split_view,M1,3,3,0,0
in-model,split_view,M2,3,1,2,0
in-model,split_view,M3,3,1,2,0
premise-violation,all,B1,2,2,0,0
premise-violation,all,B2,2,2,0,0
premise-violation,all,B3,2,2,0,0
premise-violation,all,B4,2,2,0,0
premise-violation,all,B5,2,2,0,0
premise-violation,all,B6,2,2,0,0
premise-violation,all,B7,2,0,2,0
premise-violation,all,M1-G1,2,2,0,0
premise-violation,all,M1,2,2,0,0
premise-violation,all,M2,2,2,0,0
premise-violation,all,M3,2,2,0,0
premise-violation,fresh_fake_delegation,B1,2,2,0,0
premise-violation,fresh_fake_delegation,B2,2,2,0,0
premise-violation,fresh_fake_delegation,B3,2,2,0,0
premise-violation,fresh_fake_delegation,B4,2,2,0,0
premise-violation,fresh_fake_delegation,B5,2,2,0,0
premise-violation,fresh_fake_delegation,B6,2,2,0,0
premise-violation,fresh_fake_delegation,B7,2,0,2,0
premise-violation,fresh_fake_delegation,M1-G1,2,2,0,0
premise-violation,fresh_fake_delegation,M1,2,2,0,0
premise-violation,fresh_fake_delegation,M2,2,2,0,0
premise-violation,fresh_fake_delegation,M3,2,2,0,0
