case_id,kind,v1b,v1b_sync,v1a,v1b_ms,v1b_sync_ms,v1a_ms,v1b_reason,v1a_reason,status_lists
benign-S1-000,benign,ALLOW,ALLOW,ALLOW,0.6903340108692646,2.613832999486476,1.21441698865965,,,2
benign-S1-001,benign,ALLOW,ALLOW,ALLOW,0.6358330138027668,1.4062919944990426,1.1505000002216548,,,2
benign-S1-002,benign,ALLOW,ALLOW,ALLOW,0.6470000080298632,1.4360409986693412,1.1106669844593853,,,2
benign-S1-003,benign,ALLOW,ALLOW,ALLOW,0.6325409922283143,1.3570420269388705,1.1083749996032566,,,2
benign-S1-004,benign,ALLOW,ALLOW,ALLOW,0.6334999925456941,1.342917006695643,1.0908749827649444,,,2
benign-S1-005,benign,ALLOW,ALLOW,ALLOW,0.6327500159386545,1.351499988231808,1.077249995432794,,,2
benign-S1-006,benign,ALLOW,ALLOW,ALLOW,0.6366249872371554,1.3677079987246543,1.1054160131607205,,,2
benign-S1-007,benign,ALLOW,ALLOW,ALLOW,0.6425000028684735,1.3610419991891831,1.096416002837941,,,2
benign-S1-008,benign,ALLOW,ALLOW,ALLOW,0.6331250187940896,1.3258749968372285,1.0889999975915998,,,2
benign-S1-009,benign,ALLOW,ALLOW,ALLOW,0.6350000039674342,1.3325840118341148,1.0889590193983167,,,2
benign-S1-010,benign,ALLOW,ALLOW,ALLOW,0.6373330252245069,1.321125018876046,1.0746250045485795,,,2
benign-S1-011,benign,ALLOW,ALLOW,ALLOW,0.6328749877866358,1.3492919970303774,1.0809579980559647,,,2
benign-S1-012,benign,ALLOW,ALLOW,ALLOW,0.6281669775489718,1.3345830084290355,1.1218329891562462,,,2
benign-S1-013,benign,ALLOW,ALLOW,ALLOW,0.6345000001601875,1.3473340077325702,1.0795829875860363,,,2
benign-S1-014,benign,ALLOW,ALLOW,ALLOW,0.6371669878717512,1.3190000026952475,1.0657079983502626,,,2
benign-S1-015,benign,ALLOW,ALLOW,ALLOW,0.6307080038823187,1.3843339984305203,1.0968330025207251,,,2
benign-S1-016,benign,ALLOW,ALLOW,ALLOW,0.6330000178422779,1.3158329820726067,1.1218329891562462,,,2
benign-S1-017,benign,ALLOW,ALLOW,ALLOW,0.6322499830275774,1.31929200142622,1.0885419906117022,,,2
benign-S1-018,benign,ALLOW,ALLOW,ALLOW,0.6825419841334224,1.2907909986097366,1.102125010220334,,,2
benign-S1-019,benign,ALLOW,ALLOW,ALLOW,0.6324999849312007,1.2978330196347088,1.0670829797163606,,,2
benign-S1-020,benign,ALLOW,ALLOW,ALLOW,0.634458992863074,1.345374999800697,1.06712500564754,,,2
benign-S1-021,benign,ALLOW,ALLOW,ALLOW,0.6356669764500111,1.3104169920552522,1.0668330069165677,,,2
benign-S1-022,benign,ALLOW,ALLOW,ALLOW,0.6328749877866358,1.3241250126156956,1.1129170015919954,,,2
benign-S1-023,benign,ALLOW,ALLOW,ALLOW,0.6356250087264925,1.3042500067967921,1.0846660006791353,,,2
benign-S1-024,benign,ALLOW,ALLOW,ALLOW,0.6575830047950149,1.297999988310039,1.0641659901011735,,,2
benign-S1-025,benign,ALLOW,ALLOW,ALLOW,0.6384580046869814,1.3371249951887876,1.082333008525893,,,2
benign-S1-026,benign,ALLOW,ALLOW,ALLOW,0.6395000091288239,1.338500005658716,1.0611669858917594,,,2
benign-S1-027,benign,ALLOW,ALLOW,ALLOW,0.6309589953161776,1.3367919891607016,1.0887499956879765,,,2
benign-S1-028,benign,ALLOW,ALLOW,ALLOW,0.6356670055538416,1.304499979596585,1.1086660088039935,,,2
benign-S1-029,benign,ALLOW,ALLOW,ALLOW,0.6585420051123947,1.3011669798288494,1.0786670027300715,,,2
benign-S1-030,benign,ALLOW,ALLOW,ALLOW,0.6311670003924519,1.2992919946555048,1.0565840057097375,,,2
benign-S1-031,benign,ALLOW,ALLOW,ALLOW,0.6300420209299773,1.2879590212833136,1.1222499888390303,,,2
benign-S1-032,benign,ALLOW,ALLOW,ALLOW,0.6417090189643204,1.359916990622878,1.1047500011045486,,,2
benign-S1-033,benign,ALLOW,ALLOW,ALLOW,0.6338329985737801,1.3302090228535235,1.0689170158002526,,,2
benign-S1-034,benign,ALLOW,ALLOW,ALLOW,0.632334005786106,1.3118750066496432,1.0630839969962835,,,2
benign-S1-035,benign,ALLOW,ALLOW,ALLOW,0.689208012772724,1.31141601013951,1.0751250083558261,,,2
benign-S1-036,benign,ALLOW,ALLOW,ALLOW,0.625832995865494,1.3097079936414957,1.0739169956650585,,,2
benign-S1-037,benign,ALLOW,ALLOW,ALLOW,0.631624978268519,1.3161250099074095,1.0807499929796904,,,2
benign-S1-038,benign,ALLOW,ALLOW,ALLOW,0.6326249858830124,1.3151250022929162,1.0891249985434115,,,2
benign-S1-039,benign,ALLOW,ALLOW,ALLOW,0.6326670118141919,1.324000011663884,1.0855419968720526,,,2
benign-S10-000,benign,ALLOW,ALLOW,ALLOW,0.6945409986656159,1.3416250003501773,1.133249985286966,,,2
benign-S10-001,benign,ALLOW,ALLOW,ALLOW,0.6404169835150242,1.3223330024629831,1.0868750105146319,,,2
benign-S10-002,benign,ALLOW,ALLOW,ALLOW,0.629457994364202,1.3115830079186708,1.0542919917497784,,,2
benign-S10-003,benign,ALLOW,ALLOW,ALLOW,0.6312909827101976,1.3067910040263087,1.0810840176418424,,,2
benign-S10-004,benign,ALLOW,ALLOW,ALLOW,0.6328340095933527,1.3116250047460198,1.0561670060269535,,,2
benign-S10-005,benign,ALLOW,ALLOW,ALLOW,0.629834015853703,1.2996660079807043,1.1068749881815165,,,2
benign-S10-006,benign,ALLOW,ALLOW,ALLOW,0.6450829969253391,1.3349580112844706,1.0678340040612966,,,2
benign-S10-007,benign,ALLOW,ALLOW,ALLOW,0.6287909927777946,1.316459005465731,1.0690829949453473,,,2
benign-S10-008,benign,ALLOW,ALLOW,ALLOW,0.6303749978542328,1.2909999932162464,1.059500005794689,,,2
benign-S10-009,benign,ALLOW,ALLOW,ALLOW,0.6463329773396254,1.328375015873462,1.0675420053303242,,,2
benign-S10-010,benign,ALLOW,ALLOW,ALLOW,0.6316250073723495,1.3072500005364418,1.0664580040611327,,,2
benign-S10-011,benign,ALLOW,ALLOW,ALLOW,0.6333330238703638,1.2852909858338535,1.061957998899743,,,2
benign-S10-012,benign,ALLOW,ALLOW,ALLOW,0.6455839902628213,1.3159160153008997,1.0889580007642508,,,2
benign-S10-013,benign,ALLOW,ALLOW,ALLOW,0.6313329795375466,1.323625008808449,1.0803749901242554,,,2
benign-S10-014,benign,ALLOW,ALLOW,ALLOW,0.6323330162558705,1.3484160008374602,1.0726249893195927,,,2
benign-S10-015,benign,ALLOW,ALLOW,ALLOW,0.6303330010268837,1.3313750096131116,1.060124981449917,,,2
benign-S10-016,benign,ALLOW,ALLOW,ALLOW,0.6462500023189932,1.374374987790361,1.086291013052687,,,2
benign-S10-017,benign,ALLOW,ALLOW,ALLOW,0.6324170099105686,1.3082499790471047,1.0677909885998815,,,2
benign-S10-018,benign,ALLOW,ALLOW,ALLOW,0.6297919899225235,1.2997500016354024,1.051458006259054,,,2
benign-S10-019,benign,ALLOW,ALLOW,ALLOW,0.631624978268519,1.3256660022307187,1.091667014406994,,,2
benign-S10-020,benign,ALLOW,ALLOW,ALLOW,0.6282079848460853,1.31141601013951,1.0670000046957284,,,2
benign-S10-021,benign,ALLOW,ALLOW,ALLOW,0.632707990007475,1.3340000004973263,1.0696669924072921,,,2
benign-S10-022,benign,ALLOW,ALLOW,ALLOW,0.6472079840023071,1.3221250264905393,1.0867080127354711,,,2
benign-S10-023,benign,ALLOW,ALLOW,ALLOW,0.6381669954862446,1.3334999966900796,1.0943750094156712,,,2
benign-S10-024,benign,ALLOW,ALLOW,ALLOW,0.6290420133154839,1.3192079786676913,1.0682500142138451,,,2
benign-S10-025,benign,ALLOW,ALLOW,ALLOW,0.6329999887384474,1.3306660111993551,1.0678749822545797,,,2
benign-S10-026,benign,ALLOW,ALLOW,ALLOW,0.6273750041145831,1.3173329934943467,1.088084012735635,,,2
benign-S10-027,benign,ALLOW,ALLOW,ALLOW,0.6343749992083758,1.3057079922873527,1.130374992499128,,,2
benign-S10-028,benign,ALLOW,ALLOW,ALLOW,0.633084011496976,1.3548329879995435,1.0977089987136424,,,2
benign-S10-029,benign,ALLOW,ALLOW,ALLOW,0.6318749801721424,1.3098330236971378,1.0610840108711272,,,2
benign-S10-030,benign,ALLOW,ALLOW,ALLOW,0.6325830181594938,1.3342500024009496,1.1261659965384752,,,2
benign-S10-031,benign,ALLOW,ALLOW,ALLOW,0.6284589762799442,1.3473750150296837,1.111916993977502,,,2
benign-S10-032,benign,ALLOW,ALLOW,ALLOW,0.6357090023811907,1.360291993478313,1.0826250072568655,,,2
benign-S10-033,benign,ALLOW,ALLOW,ALLOW,0.6404169835150242,1.315708999754861,1.0665830050129443,,,2
benign-S10-034,benign,ALLOW,ALLOW,ALLOW,0.6256250198930502,1.3370829983614385,1.0627910087350756,,,2
benign-S10-035,benign,ALLOW,ALLOW,ALLOW,0.6285420095082372,1.2934999831486493,1.062333001755178,,,2
benign-S10-036,benign,ALLOW,ALLOW,ALLOW,0.6290000164881349,1.3150000013411045,1.0843749914783984,,,2
benign-S10-037,benign,ALLOW,ALLOW,ALLOW,0.629415997536853,1.3249999901745468,1.0628750023897737,,,2
benign-S10-038,benign,ALLOW,ALLOW,ALLOW,0.6284579867497087,1.299084018683061,1.1077080271206796,,,2
benign-S10-039,benign,ALLOW,ALLOW,ALLOW,0.6340000254567713,1.3115000037942082,1.0650000185705721,,,2
benign-S11-000,benign,STEP-UP,STEP-UP,STEP-UP,0.0018330174498260021,0.00020899460650980473,0.3717920044437051,no-path,no-path,0
benign-S11-001,benign,STEP-UP,STEP-UP,STEP-UP,0.001500011421740055,0.00020800507627427578,0.3939999733120203,no-path,no-path,0
benign-S11-002,benign,STEP-UP,STEP-UP,STEP-UP,0.0011250085663050413,0.00016600824892520905,0.3348749887663871,no-path,no-path,0
benign-S11-003,benign,STEP-UP,STEP-UP,STEP-UP,0.0010420044418424368,0.000166997779160738,0.3382909926585853,no-path,no-path,0
benign-S11-004,benign,STEP-UP,STEP-UP,STEP-UP,0.001207983586937189,0.00012500095181167126,0.32529199961572886,no-path,no-path,0
benign-S11-005,benign,STEP-UP,STEP-UP,STEP-UP,0.0008750066626816988,0.00012500095181167126,0.334457989083603,no-path,no-path,0
benign-S11-006,benign,STEP-UP,STEP-UP,STEP-UP,0.0007920025382190943,8.399365469813347e-05,0.3224170068278909,no-path,no-path,0
benign-S11-007,benign,STEP-UP,STEP-UP,STEP-UP,0.0007920025382190943,8.300412446260452e-05,0.3394579980522394,no-path,no-path,0
benign-S11-008,benign,STEP-UP,STEP-UP,STEP-UP,0.0007920025382190943,8.300412446260452e-05,0.31512498389929533,no-path,no-path,0
benign-S11-009,benign,STEP-UP,STEP-UP,STEP-UP,0.0007920025382190943,0.00012500095181167126,0.385499995900318,no-path,no-path,0
benign-S11-010,benign,STEP-UP,STEP-UP,STEP-UP,0.0007500057108700275,8.40227585285902e-05,0.31958302133716643,no-path,no-path,0
benign-S11-011,benign,STEP-UP,STEP-UP,STEP-UP,0.0008749775588512421,8.399365469813347e-05,0.33825001446530223,no-path,no-path,0
benign-S11-012,benign,STEP-UP,STEP-UP,STEP-UP,0.0009169743862003088,0.00012500095181167126,0.32675001421011984,no-path,no-path,0
benign-S11-013,benign,STEP-UP,STEP-UP,STEP-UP,0.000833999365568161,8.300412446260452e-05,0.3217080084141344,no-path,no-path,0
benign-S11-014,benign,STEP-UP,STEP-UP,STEP-UP,0.0007499766070395708,0.0001659791450947523,0.326832989230752,no-path,no-path,0
benign-S11-015,benign,STEP-UP,STEP-UP,STEP-UP,0.0007079797796905041,0.00012500095181167126,0.3215420001652092,no-path,no-path,0
benign-S11-016,benign,STEP-UP,STEP-UP,STEP-UP,0.0007089984137564898,0.00012500095181167126,0.3294580092187971,no-path,no-path,0
benign-S11-017,benign,STEP-UP,STEP-UP,STEP-UP,0.0008749775588512421,0.00012500095181167126,0.3338330134283751,no-path,no-path,0
benign-S11-018,benign,STEP-UP,STEP-UP,STEP-UP,0.0007499766070395708,0.00012500095181167126,0.3261250094510615,no-path,no-path,0
benign-S11-019,benign,STEP-UP,STEP-UP,STEP-UP,0.0007500057108700275,0.00012500095181167126,0.30508299823850393,no-path,no-path,0
benign-S11-020,benign,STEP-UP,STEP-UP,STEP-UP,0.0007079797796905041,8.300412446260452e-05,0.3176660102326423,no-path,no-path,0
benign-S11-021,benign,STEP-UP,STEP-UP,STEP-UP,0.0008330098353326321,0.00012500095181167126,0.377499993192032,no-path,no-path,0
benign-S11-022,benign,STEP-UP,STEP-UP,STEP-UP,0.0008329807315021753,0.0001659791450947523,0.3140420012641698,no-path,no-path,0
benign-S11-023,benign,STEP-UP,STEP-UP,STEP-UP,0.0007500057108700275,8.300412446260452e-05,0.3385829913895577,no-path,no-path,0
benign-S11-024,benign,STEP-UP,STEP-UP,STEP-UP,0.0007910130079835653,0.00012500095181167126,0.3775410004891455,no-path,no-path,0
benign-S11-025,benign,STEP-UP,STEP-UP,STEP-UP,0.0007499766070395708,0.00012500095181167126,0.3187500115018338,no-path,no-path,0
benign-S11-026,benign,STEP-UP,STEP-UP,STEP-UP,0.0008330098353326321,8.40227585285902e-05,0.315624987706542,no-path,no-path,0
benign-S11-027,benign,STEP-UP,STEP-UP,STEP-UP,0.000833999365568161,8.297502063214779e-05,0.31874998239800334,no-path,no-path,0
benign-S11-028,benign,STEP-UP,STEP-UP,STEP-UP,0.0007920025382190943,0.00012500095181167126,0.3409999771974981,no-path,no-path,0
benign-S11-029,benign,STEP-UP,STEP-UP,STEP-UP,0.0007500057108700275,0.00012500095181167126,0.30191699624992907,no-path,no-path,0
benign-S11-030,benign,STEP-UP,STEP-UP,STEP-UP,0.0007500057108700275,8.300412446260452e-05,0.28375000692903996,no-path,no-path,0
benign-S11-031,benign,STEP-UP,STEP-UP,STEP-UP,0.0007500057108700275,0.00012500095181167126,0.3093330014962703,no-path,no-path,0
benign-S11-032,benign,STEP-UP,STEP-UP,STEP-UP,0.000833999365568161,8.300412446260452e-05,0.3185420064255595,no-path,no-path,0
benign-S11-033,benign,STEP-UP,STEP-UP,STEP-UP,0.0008329807315021753,0.00012500095181167126,0.28179201763123274,no-path,no-path,0
benign-S11-034,benign,STEP-UP,STEP-UP,STEP-UP,0.0007089984137564898,8.300412446260452e-05,0.28670800384134054,no-path,no-path,0
benign-S11-035,benign,STEP-UP,STEP-UP,STEP-UP,0.0007920025382190943,8.297502063214779e-05,0.3182079817634076,no-path,no-path,0
benign-S11-036,benign,STEP-UP,STEP-UP,STEP-UP,0.0009580107871443033,0.00012500095181167126,0.2928329922724515,no-path,no-path,0
benign-S11-037,benign,STEP-UP,STEP-UP,STEP-UP,0.0007500057108700275,8.300412446260452e-05,0.305499997921288,no-path,no-path,0
benign-S11-038,benign,STEP-UP,STEP-UP,STEP-UP,0.0007909839041531086,8.399365469813347e-05,0.29220900614745915,no-path,no-path,0
benign-S11-039,benign,STEP-UP,STEP-UP,STEP-UP,0.0007499766070395708,0.00012500095181167126,0.31391700031235814,no-path,no-path,0
benign-S12-000,benign,ALLOW,ALLOW,ALLOW,0.8509999897796661,1.3853330165147781,1.2047499767504632,,,2
benign-S12-001,benign,ALLOW,ALLOW,ALLOW,0.6799589900765568,1.354875013930723,1.1308340181130916,,,2
benign-S12-002,benign,ALLOW,ALLOW,ALLOW,0.6850420031696558,1.3312910159584135,1.1485829891171306,,,2
benign-S12-003,benign,ALLOW,ALLOW,ALLOW,0.6588340038433671,1.330125000094995,1.1337079922668636,,,2
benign-S12-004,benign,ALLOW,ALLOW,ALLOW,0.6611250282730907,1.3159579830244184,1.09125001472421,,,2
benign-S12-005,benign,ALLOW,ALLOW,ALLOW,0.656583026284352,1.331332983681932,1.1608749919105321,,,2
benign-S12-006,benign,ALLOW,ALLOW,ALLOW,0.6592920108232647,1.3331249938346446,1.1324580118525773,,,2
benign-S12-007,benign,ALLOW,ALLOW,ALLOW,0.6484999903477728,1.329916005488485,1.0932499717455357,,,2
benign-S12-008,benign,ALLOW,ALLOW,ALLOW,0.6692910101264715,1.3587909925263375,1.0982080129906535,,,2
benign-S12-009,benign,ALLOW,ALLOW,ALLOW,0.639957987004891,1.408042007824406,1.1081249976996332,,,2
benign-S12-010,benign,ALLOW,ALLOW,ALLOW,0.6418330012820661,1.371792022837326,1.1016669741366059,,,2
benign-S12-011,benign,ALLOW,ALLOW,ALLOW,0.6385419983416796,1.3745829928666353,1.1139999842271209,,,2
benign-S12-012,benign,ALLOW,ALLOW,ALLOW,0.6571249978151172,1.3740829890593886,1.0885829979088157,,,2
benign-S12-013,benign,ALLOW,ALLOW,ALLOW,0.6441250152420253,1.376832980895415,1.0980410152114928,,,2
benign-S12-014,benign,ALLOW,ALLOW,ALLOW,0.6341249973047525,1.3580409868154675,1.09029101440683,,,2
benign-S12-015,benign,ALLOW,ALLOW,ALLOW,0.639207981294021,1.3363749894779176,1.0847079975064844,,,2
benign-S12-016,benign,ALLOW,ALLOW,ALLOW,0.6589999829884619,1.3636670191772282,1.0904999799095094,,,2
benign-S12-017,benign,ALLOW,ALLOW,ALLOW,0.6455830007325858,1.3369169901125133,1.1032499896828085,,,2
benign-S12-018,benign,ALLOW,ALLOW,ALLOW,0.6494580011349171,1.3537910126615316,1.0973330063279718,,,2
benign-S12-019,benign,ALLOW,ALLOW,ALLOW,0.6444170139729977,1.3478339824359864,1.1031250178348273,,,2
benign-S12-020,benign,ALLOW,ALLOW,ALLOW,0.6617920007556677,1.3733340019825846,1.0924169910140336,,,2
benign-S12-021,benign,ALLOW,ALLOW,ALLOW,0.6364169821608812,1.3266250025480986,1.1042089900001884,,,2
benign-S12-022,benign,ALLOW,ALLOW,ALLOW,0.6390420021489263,1.3881250051781535,1.0909160191658884,,,2
benign-S12-023,benign,ALLOW,ALLOW,ALLOW,0.6444579921662807,1.3904999941587448,1.0885419906117022,,,2
benign-S12-024,benign,ALLOW,ALLOW,ALLOW,0.6575000006705523,1.3467079843394458,1.0941250075120479,,,2
benign-S12-025,benign,ALLOW,ALLOW,ALLOW,0.6433340022340417,1.3390410167630762,1.1058750096708536,,,2
benign-S12-026,benign,ALLOW,ALLOW,ALLOW,0.6421250000130385,1.3462080096360296,1.0806249920278788,,,2
benign-S12-027,benign,ALLOW,ALLOW,ALLOW,0.6350840267259628,1.3220000255387276,1.107625022996217,,,2
benign-S12-028,benign,ALLOW,ALLOW,ALLOW,0.6548330129589885,1.3955000031273812,1.1444169795140624,,,2
benign-S12-029,benign,ALLOW,ALLOW,ALLOW,0.6374169897753745,1.355250016786158,1.0682090069167316,,,2
benign-S12-030,benign,ALLOW,ALLOW,ALLOW,0.6325419817585498,1.360249996650964,1.1428750003688037,,,2
benign-S12-031,benign,ALLOW,ALLOW,ALLOW,0.6381249986588955,1.337791996775195,1.1026669817510992,,,2
benign-S12-032,benign,ALLOW,ALLOW,ALLOW,0.6569999968633056,1.335625012870878,1.0973330063279718,,,2
benign-S12-033,benign,ALLOW,ALLOW,ALLOW,0.6380000268109143,1.35162501828745,1.0740830039139837,,,2
benign-S12-034,benign,ALLOW,ALLOW,ALLOW,0.6341249973047525,1.348959020106122,1.0958340135402977,,,2
benign-S12-035,benign,ALLOW,ALLOW,ALLOW,0.6346250011119992,1.3350409863051027,1.0888339893426746,,,2
benign-S12-036,benign,ALLOW,ALLOW,ALLOW,0.6389170011971146,1.3524589885491878,1.210749993333593,,,2
benign-S12-037,benign,ALLOW,ALLOW,ALLOW,0.6967919762246311,2.186083991546184,2.1807920129504055,,,2
benign-S12-038,benign,ALLOW,ALLOW,ALLOW,0.9400830022059381,3.0958339921198785,2.2424169874284416,,,2
benign-S12-039,benign,ALLOW,ALLOW,ALLOW,0.9433329978492111,3.0197919986676425,2.5389590009581298,,,2
benign-S13-000,benign,ALLOW,ALLOW,ALLOW,0.71233298513107,2.835667022736743,1.497707999078557,,,2
benign-S13-001,benign,ALLOW,ALLOW,ALLOW,0.7032919966150075,1.5962909965310246,1.2486249906942248,,,2
benign-S13-002,benign,ALLOW,ALLOW,ALLOW,0.6863329908810556,1.6048329998739064,1.222291000885889,,,2
benign-S13-003,benign,ALLOW,ALLOW,ALLOW,0.6805830053053796,1.4543750148732215,1.1726249940693378,,,2
benign-S13-004,benign,ALLOW,ALLOW,ALLOW,0.7137499924283475,1.4750419941265136,1.158708008006215,,,2
benign-S13-005,benign,ALLOW,ALLOW,ALLOW,0.6892499804962426,1.5308750153053552,1.2757920194417238,,,2
benign-S13-006,benign,ALLOW,ALLOW,ALLOW,0.688833009917289,1.5646250103600323,1.2824579898733646,,,2
benign-S13-007,benign,ALLOW,ALLOW,ALLOW,0.6848329794593155,1.442125008907169,1.146333001088351,,,2
benign-S13-008,benign,ALLOW,ALLOW,ALLOW,0.6583749782294035,1.480417005950585,1.2145419896114618,,,2
benign-S13-009,benign,ALLOW,ALLOW,ALLOW,0.6563749921042472,1.4652500103693455,1.250540983164683,,,2
benign-S13-010,benign,ALLOW,ALLOW,ALLOW,0.6581670022569597,1.5826250019017607,1.1667079816106707,,,2
benign-S13-011,benign,ALLOW,ALLOW,ALLOW,0.6622920045629144,1.4982499997131526,1.1416250199545175,,,2
benign-S13-012,benign,ALLOW,ALLOW,ALLOW,0.6481670134235173,1.3974169851280749,1.1160830035805702,,,2
benign-S13-013,benign,ALLOW,ALLOW,ALLOW,0.6573749997187406,1.4237499854061753,1.1712080158758909,,,2
benign-S13-014,benign,ALLOW,ALLOW,ALLOW,0.7221660052891821,1.564417005283758,1.160124986199662,,,2
benign-S13-015,benign,ALLOW,ALLOW,ALLOW,0.6722499965690076,1.4779999910388142,1.153624994913116,,,2
benign-S13-016,benign,ALLOW,ALLOW,ALLOW,0.6650830036960542,1.4567920006811619,1.1711249826475978,,,2
benign-S13-017,benign,ALLOW,ALLOW,ALLOW,0.7060419884510338,1.3398329901974648,1.1573749943636358,,,2
benign-S13-018,benign,ALLOW,ALLOW,ALLOW,0.6495420238934457,1.4375419996213168,1.1519170075189322,,,2
benign-S13-019,benign,ALLOW,ALLOW,ALLOW,0.7194999780040234,1.335250010015443,1.1326249805279076,,,2
benign-S13-020,benign,ALLOW,ALLOW,ALLOW,0.6855420069769025,1.2859159905929118,1.1734580039046705,,,2
benign-S13-021,benign,ALLOW,ALLOW,ALLOW,0.6474579859059304,1.3099999923724681,1.1107920145150274,,,2
benign-S13-022,benign,ALLOW,ALLOW,ALLOW,0.6711670139338821,1.3367079955060035,1.1205420014448464,,,2
benign-S13-023,benign,ALLOW,ALLOW,ALLOW,0.6618339975830168,1.3680410047527403,2.494957996532321,,,2
benign-S13-024,benign,ALLOW,ALLOW,ALLOW,0.6630000134464353,1.2513750116340816,1.1627910134848207,,,2
benign-S13-025,benign,ALLOW,ALLOW,ALLOW,0.6613330042455345,1.4111250056885183,1.1727499950211495,,,2
benign-S13-026,benign,ALLOW,ALLOW,ALLOW,0.685874983901158,1.4528750034514815,1.1284580104984343,,,2
benign-S13-027,benign,ALLOW,ALLOW,ALLOW,0.676124996971339,1.3499159831553698,1.1001670209225267,,,2
benign-S13-028,benign,ALLOW,ALLOW,ALLOW,0.7061250216793269,1.3328329951036721,1.0925839887931943,,,2
benign-S13-029,benign,ALLOW,ALLOW,ALLOW,0.6815410160925239,1.3572919997386634,1.1324159859213978,,,2
benign-S13-030,benign,ALLOW,ALLOW,ALLOW,0.6555410218425095,1.3218340172898024,1.0805839847307652,,,2
benign-S13-031,benign,ALLOW,ALLOW,ALLOW,0.6495419947896153,1.3806249771732837,1.1418749927543104,,,2
benign-S13-032,benign,ALLOW,ALLOW,ALLOW,0.6632910226471722,1.3854579883627594,1.119874999858439,,,2
benign-S13-033,benign,ALLOW,ALLOW,ALLOW,0.6628329865634441,1.436999998986721,1.3011250121053308,,,2
benign-S13-034,benign,ALLOW,ALLOW,ALLOW,0.6534999993164092,1.4603750023525208,1.1679170129355043,,,2
benign-S13-035,benign,ALLOW,ALLOW,ALLOW,0.6412920192815363,1.373207982396707,1.113792008254677,,,2
benign-S13-036,benign,ALLOW,ALLOW,ALLOW,0.6407920154742897,1.3615839998237789,1.0868330136872828,,,2
benign-S13-037,benign,ALLOW,ALLOW,ALLOW,0.639582984149456,1.3199580134823918,1.0971250012516975,,,2
benign-S13-038,benign,ALLOW,ALLOW,ALLOW,0.6389170011971146,1.3313750096131116,1.0755420080386102,,,2
benign-S13-039,benign,ALLOW,ALLOW,ALLOW,0.6354170036502182,1.31854199571535,1.0745410108938813,,,2
benign-S2-000,benign,ALLOW,ALLOW,ALLOW,0.6343330023810267,1.3132920139469206,1.1247500078752637,,,2
benign-S2-001,benign,ALLOW,ALLOW,ALLOW,0.6311670003924519,1.3147910067345947,1.1035409988835454,,,2
benign-S2-002,benign,ALLOW,ALLOW,ALLOW,0.6382080027833581,1.3141249946784228,1.067833014531061,,,2
benign-S2-003,benign,ALLOW,ALLOW,ALLOW,0.6299170199781656,1.308459002757445,1.084415998775512,,,2
benign-S2-004,benign,ALLOW,ALLOW,ALLOW,0.6373750220518559,1.3343329774215817,1.1012920003850013,,,2
benign-S2-005,benign,ALLOW,ALLOW,ALLOW,0.6565829971805215,1.3072089932393283,1.0658329993020743,,,2
benign-S2-006,benign,ALLOW,ALLOW,ALLOW,0.6335419893730432,1.2896250118501484,1.1029169836547226,,,2
benign-S2-007,benign,ALLOW,ALLOW,ALLOW,0.6324999849312007,1.3007920060772449,1.0786250059027225,,,2
benign-S2-008,benign,ALLOW,ALLOW,ALLOW,0.6351669726427644,1.291834021685645,1.0807499929796904,,,2
benign-S2-009,benign,ALLOW,ALLOW,ALLOW,0.6336670194286853,1.3125409896019846,1.0935419995803386,,,2
benign-S2-010,benign,ALLOW,ALLOW,ALLOW,0.6275420018937439,1.2923329777549952,1.0477500036358833,,,2
benign-S2-011,benign,ALLOW,ALLOW,ALLOW,0.6239170033950359,1.277750008739531,1.0450839763507247,,,2
benign-S2-012,benign,ALLOW,ALLOW,ALLOW,0.6277089996729046,1.2991669937036932,1.0465829982422292,,,2
benign-S2-013,benign,ALLOW,ALLOW,ALLOW,0.6520409951917827,1.3321659935172647,1.0486659884918481,,,2
benign-S2-014,benign,ALLOW,ALLOW,ALLOW,0.6460000004153699,1.3303750019986182,1.0895000013988465,,,2
benign-S2-015,benign,ALLOW,ALLOW,ALLOW,0.651542010018602,1.3724580057896674,1.1091660126112401,,,2
benign-S2-016,benign,ALLOW,ALLOW,ALLOW,0.6502910109702498,1.353333005681634,1.099166984204203,,,2
benign-S2-017,benign,ALLOW,ALLOW,ALLOW,0.6357080128509551,1.358374982373789,1.1231250246055424,,,2
benign-S2-018,benign,ALLOW,ALLOW,ALLOW,0.6534999993164092,1.3383750047069043,1.0729999921750277,,,2
benign-S2-019,benign,ALLOW,ALLOW,ALLOW,0.639540987322107,1.2900829897262156,1.055458007613197,,,2
benign-S2-020,benign,ALLOW,ALLOW,ALLOW,0.6296249921433628,1.2961250031366944,1.1149579950142652,,,2
benign-S2-021,benign,ALLOW,ALLOW,ALLOW,0.6299160013440996,1.3332910020835698,1.056250010151416,,,2
benign-S2-022,benign,ALLOW,ALLOW,ALLOW,0.6280830129981041,1.3303339947015047,1.064166979631409,,,2
benign-S2-023,benign,ALLOW,ALLOW,ALLOW,0.6280420057009906,1.2973749835509807,1.039208989823237,,,2
benign-S2-024,benign,ALLOW,ALLOW,ALLOW,0.6257919885683805,1.283124991459772,1.0484590020496398,,,2
benign-S2-025,benign,ALLOW,ALLOW,ALLOW,0.6295419880189002,1.2970420066267252,1.048874983098358,,,2
benign-S2-026,benign,ALLOW,ALLOW,ALLOW,0.6295839848462492,1.293000008445233,1.0407920053694397,,,2
benign-S2-027,benign,ALLOW,ALLOW,ALLOW,0.6268330034799874,1.2218749907333404,1.0585410054773092,,,2
benign-S2-028,benign,ALLOW,ALLOW,ALLOW,0.6365000153891742,1.2623749789781868,1.034542015986517,,,2
benign-S2-029,benign,ALLOW,ALLOW,ALLOW,0.6291250174399465,1.2314999767113477,1.0442499769851565,,,2
benign-S2-030,benign,ALLOW,ALLOW,ALLOW,0.6314170022960752,1.2232919980306178,1.0063340014312416,,,2
benign-S2-031,benign,ALLOW,ALLOW,ALLOW,0.6306249997578561,1.2253329914528877,0.996457994915545,,,2
benign-S2-032,benign,ALLOW,ALLOW,ALLOW,0.6320000102277845,1.2646660034079105,1.077624998288229,,,2
benign-S2-033,benign,ALLOW,ALLOW,ALLOW,0.6508329825010151,1.2347500014584512,1.0480000055395067,,,2
benign-S2-034,benign,ALLOW,ALLOW,ALLOW,0.6469590007327497,1.1846670240629464,1.0335829865653068,,,2
benign-S2-035,benign,ALLOW,ALLOW,ALLOW,0.6295829953160137,1.204250002047047,1.0014580038841814,,,2
benign-S2-036,benign,ALLOW,ALLOW,ALLOW,0.6459579744841903,1.17591698653996,1.1074579961132258,,,2
benign-S2-037,benign,ALLOW,ALLOW,ALLOW,0.6332079938147217,1.3380839955061674,1.012082997476682,,,2
benign-S2-038,benign,ALLOW,ALLOW,ALLOW,0.6376669916789979,1.2215000169817358,1.0980409861076623,,,2
benign-S2-039,benign,ALLOW,ALLOW,ALLOW,0.6523749907501042,1.2382499990053475,1.02508399868384,,,2
benign-S3-000,benign,ALLOW,ALLOW,ALLOW,0.8222500036936253,1.4422920066863298,1.301333017181605,,,2
benign-S3-001,benign,ALLOW,ALLOW,ALLOW,0.8178330026566982,1.4648330106865615,1.244375016540289,,,2
benign-S3-002,benign,ALLOW,ALLOW,ALLOW,0.823500013211742,1.5355829964391887,1.2387500028125942,,,2
benign-S3-003,benign,ALLOW,ALLOW,ALLOW,0.8262080082204193,1.4954580110497773,1.2754159979522228,,,2
benign-S3-004,benign,ALLOW,ALLOW,ALLOW,0.8099169936031103,1.4710419927723706,1.282041019294411,,,2
benign-S3-005,benign,ALLOW,ALLOW,ALLOW,0.8132079965434968,1.458290993468836,1.260624994756654,,,2
benign-S3-006,benign,ALLOW,ALLOW,ALLOW,0.8121659921016544,1.4256669965106994,1.3088750129099935,,,2
benign-S3-007,benign,ALLOW,ALLOW,ALLOW,0.8131249924190342,1.4469999878201634,1.2559170136228204,,,2
benign-S3-008,benign,ALLOW,ALLOW,ALLOW,0.821291992906481,1.5020419959910214,1.2687910057138652,,,2
benign-S3-009,benign,ALLOW,ALLOW,ALLOW,0.8222080068662763,1.5309159934986383,1.2710420123767108,,,2
benign-S3-010,benign,ALLOW,ALLOW,ALLOW,0.8155420073308051,1.4387909905053675,1.2895420077256858,,,2
benign-S3-011,benign,ALLOW,ALLOW,ALLOW,0.821249996079132,1.457209000363946,1.2517909926827997,,,2
benign-S3-012,benign,ALLOW,ALLOW,ALLOW,0.8138330013025552,1.4918750093784183,1.3137090136297047,,,2
benign-S3-013,benign,ALLOW,ALLOW,ALLOW,0.8204160258173943,1.4452500035986304,1.2650840217247605,,,2
benign-S3-014,benign,ALLOW,ALLOW,ALLOW,0.8139999990817159,1.5360419929493219,1.2757090153172612,,,2
benign-S3-015,benign,ALLOW,ALLOW,ALLOW,0.8117090037558228,1.5287910064216703,1.2656250037252903,,,2
benign-S3-016,benign,ALLOW,ALLOW,ALLOW,0.8195420086849481,1.4755000011064112,1.2727499997708946,,,2
benign-S3-017,benign,ALLOW,ALLOW,ALLOW,0.8117909892462194,1.5500830195378512,1.3298749981913716,,,2
benign-S3-018,benign,ALLOW,ALLOW,ALLOW,0.8078330138232559,1.5186670061666518,1.2562909978441894,,,2
benign-S3-019,benign,ALLOW,ALLOW,ALLOW,0.8090419869404286,1.4874580083414912,1.2684999965131283,,,2
benign-S3-020,benign,ALLOW,ALLOW,ALLOW,0.80900001921691,1.5398749965243042,1.2547090009320527,,,2
benign-S3-021,benign,ALLOW,ALLOW,ALLOW,0.8039590029511601,1.4815419854130596,1.274542009923607,,,2
benign-S3-022,benign,ALLOW,ALLOW,ALLOW,0.8497500093653798,1.5097910072654486,1.2587500095833093,,,2
benign-S3-023,benign,ALLOW,ALLOW,ALLOW,0.8134170202538371,1.5068329812493175,1.2555000139400363,,,2
benign-S3-024,benign,ALLOW,ALLOW,ALLOW,0.8073749777395278,1.5305830165743828,1.2449169880710542,,,2
benign-S3-025,benign,ALLOW,ALLOW,ALLOW,0.8145419997163117,1.5144999779295176,1.2474160175770521,,,2
benign-S3-026,benign,ALLOW,ALLOW,ALLOW,0.8088749891612679,1.4722910127602518,1.2902079906780273,,,2
benign-S3-027,benign,ALLOW,ALLOW,ALLOW,0.8087499882094562,1.5218750049825758,1.2752919865306467,,,2
benign-S3-028,benign,ALLOW,ALLOW,ALLOW,0.8120409911498427,1.5131249965634197,1.257374999113381,,,2
benign-S3-029,benign,ALLOW,ALLOW,ALLOW,0.8052499906625599,1.5587499947287142,1.2634169834200293,,,2
benign-S3-030,benign,ALLOW,ALLOW,ALLOW,0.8119999838527292,1.5117920120246708,1.2533330009318888,,,2
benign-S3-031,benign,ALLOW,ALLOW,ALLOW,0.8091659983620048,1.556041999720037,1.255541981663555,,,2
benign-S3-032,benign,ALLOW,ALLOW,ALLOW,0.8059160027187318,1.5145830111578107,1.2568749953061342,,,2
benign-S3-033,benign,ALLOW,ALLOW,ALLOW,0.8066670270636678,1.498124998761341,1.3060409983154386,,,2
benign-S3-034,benign,ALLOW,ALLOW,ALLOW,0.8103750005830079,1.498500001616776,1.256791001651436,,,2
benign-S3-035,benign,ALLOW,ALLOW,ALLOW,0.8127079927362502,1.4809579879511148,1.2503330071922392,,,2
benign-S3-036,benign,ALLOW,ALLOW,ALLOW,0.8628750219941139,1.5149999817367643,1.2680420186370611,,,2
benign-S3-037,benign,ALLOW,ALLOW,ALLOW,0.8072500058915466,1.493749994551763,1.288541010580957,,,2
benign-S3-038,benign,ALLOW,ALLOW,ALLOW,0.8105419983621687,1.553791982587427,1.3282080180943012,,,2
benign-S3-039,benign,ALLOW,ALLOW,ALLOW,0.8043330162763596,1.4875420019961894,1.2615840241778642,,,2
benign-S4-000,benign,ALLOW,ALLOW,ALLOW,0.6388330075424165,1.3285000168252736,1.0904999799095094,,,2
benign-S4-001,benign,ALLOW,ALLOW,ALLOW,0.6474159890785813,1.2892909871879965,1.1312499991618097,,,2
benign-S4-002,benign,ALLOW,ALLOW,ALLOW,0.6391250062733889,1.3101660006213933,1.0824580094777048,,,2
benign-S4-003,benign,ALLOW,ALLOW,ALLOW,0.6323750130832195,1.3428749807644635,1.1460840178187937,,,2
benign-S4-004,benign,ALLOW,ALLOW,ALLOW,0.6324160203803331,1.3419999741017818,1.1214579863008112,,,2
benign-S4-005,benign,ALLOW,ALLOW,ALLOW,0.6430409848690033,1.3208750169724226,1.0824170021805912,,,2
benign-S4-006,benign,ALLOW,ALLOW,ALLOW,0.651500013191253,1.4133339864201844,1.0552910098340362,,,2
benign-S4-007,benign,ALLOW,ALLOW,ALLOW,0.6307079747784883,1.3127499842084944,1.08374998671934,,,2
benign-S4-008,benign,ALLOW,ALLOW,ALLOW,0.6324999849312007,1.3296249962877482,1.0734169918578118,,,2
benign-S4-009,benign,ALLOW,ALLOW,ALLOW,0.6314589991234243,1.305917015997693,1.1194580001756549,,,2
benign-S4-010,benign,ALLOW,ALLOW,ALLOW,0.6636670150328428,1.3114159810356796,1.084082992747426,,,2
benign-S4-011,benign,ALLOW,ALLOW,ALLOW,0.6293329934123904,1.3138749927747995,1.172375021269545,,,2
benign-S4-012,benign,ALLOW,ALLOW,ALLOW,0.6282500107772648,1.3107089907862246,1.0864159849006683,,,2
benign-S4-013,benign,ALLOW,ALLOW,ALLOW,0.6356670055538416,1.3273750082589686,1.090249978005886,,,2
benign-S4-014,benign,ALLOW,ALLOW,ALLOW,0.6298339867498726,1.3326249900273979,1.076874992577359,,,2
benign-S4-015,benign,ALLOW,ALLOW,ALLOW,0.6345419969875365,1.3085420068819076,1.0534590110182762,,,2
benign-S4-016,benign,ALLOW,ALLOW,ALLOW,0.6483330216724426,1.3615409843623638,1.090875011868775,,,2
benign-S4-017,benign,ALLOW,ALLOW,ALLOW,0.6335829966701567,1.3846250076312572,1.0939159838017076,,,2
benign-S4-018,benign,ALLOW,ALLOW,ALLOW,0.6262919923756272,1.3506670075003058,1.088084012735635,,,2
benign-S4-019,benign,ALLOW,ALLOW,ALLOW,0.6347500020638108,1.3199580134823918,1.0668330069165677,,,2
benign-S4-020,benign,ALLOW,ALLOW,ALLOW,0.6506249774247408,1.287416002014652,1.1289999820291996,,,2
benign-S4-021,benign,ALLOW,ALLOW,ALLOW,0.633415998890996,1.2967500078957528,1.0623339912854135,,,2
benign-S4-022,benign,ALLOW,ALLOW,ALLOW,0.637084012851119,1.3452919956762344,1.1037079966627061,,,2
benign-S4-023,benign,ALLOW,ALLOW,ALLOW,0.647915992885828,1.3336660049390048,1.0809579980559647,,,2
benign-S4-024,benign,ALLOW,ALLOW,ALLOW,0.6534160056617111,1.3382500037550926,1.0675830126274377,,,2
benign-S4-025,benign,ALLOW,ALLOW,ALLOW,0.6328340095933527,1.3364169863052666,1.0641250119078904,,,2
benign-S4-026,benign,ALLOW,ALLOW,ALLOW,0.6284580158535391,1.3467079843394458,1.0622499976307154,,,2
benign-S4-027,benign,ALLOW,ALLOW,ALLOW,0.6329170137178153,1.3096669863443822,1.0712500079534948,,,2
benign-S4-028,benign,ALLOW,ALLOW,ALLOW,0.6690419977530837,1.3162910181563348,1.0929580021183938,,,2
benign-S4-029,benign,ALLOW,ALLOW,ALLOW,0.6289579905569553,1.336999994236976,1.062750001437962,,,2
benign-S4-030,benign,ALLOW,ALLOW,ALLOW,0.63233298715204,1.3157920038793236,1.1095830122940242,,,2
benign-S4-031,benign,ALLOW,ALLOW,ALLOW,0.6298749940469861,1.3126670091878623,1.0756250121630728,,,2
benign-S4-032,benign,ALLOW,ALLOW,ALLOW,0.6351660122163594,1.3459170004352927,1.0840419854503125,,,2
benign-S4-033,benign,ALLOW,ALLOW,ALLOW,0.6505420024041086,1.331916981143877,1.1187920172233135,,,2
benign-S4-034,benign,ALLOW,ALLOW,ALLOW,0.6283330149017274,1.3006249791942537,1.101375004509464,,,2
benign-S4-035,benign,ALLOW,ALLOW,ALLOW,0.6359170074574649,1.3482090143952519,1.0922919900622219,,,2
benign-S4-036,benign,ALLOW,ALLOW,ALLOW,0.6344169960357249,1.338125002803281,1.065582997398451,,,2
benign-S4-037,benign,ALLOW,ALLOW,ALLOW,0.6290420133154839,1.3199590030126274,1.0781249729916453,,,2
benign-S4-038,benign,ALLOW,ALLOW,ALLOW,0.629457994364202,1.2972080148756504,1.0780000011436641,,,2
benign-S4-039,benign,ALLOW,ALLOW,ALLOW,0.7014589791651815,1.291874999878928,1.068958023097366,,,2
benign-S5-000,benign,ALLOW,ALLOW,ALLOW,0.9087919897865504,1.9620409875642508,1.3998750073369592,,,3
benign-S5-001,benign,ALLOW,ALLOW,ALLOW,0.9278750221710652,1.8913749954663217,1.3832499971613288,,,3
benign-S5-002,benign,ALLOW,ALLOW,ALLOW,0.9050839871633798,1.96358299581334,1.3782090099994093,,,3
benign-S5-003,benign,ALLOW,ALLOW,ALLOW,0.9499170118942857,1.9414169946685433,1.3987919955980033,,,3
benign-S5-004,benign,ALLOW,ALLOW,ALLOW,0.9032500092871487,2.0043750118929893,1.3977079943288118,,,3
benign-S5-005,benign,ALLOW,ALLOW,ALLOW,0.927332992432639,1.902040996355936,1.3770000077784061,,,3
benign-S5-006,benign,ALLOW,ALLOW,ALLOW,0.9117079898715019,1.9002080080099404,1.4157920086290687,,,3
benign-S5-007,benign,ALLOW,ALLOW,ALLOW,0.9385419834870845,1.8782920087687671,1.410583994584158,,,3
benign-S5-008,benign,ALLOW,ALLOW,ALLOW,0.9000419813673943,1.9330829964019358,1.4060419925954193,,,3
benign-S5-009,benign,ALLOW,ALLOW,ALLOW,0.9062080061994493,1.9303330045659095,1.4021249953657389,,,3
benign-S5-010,benign,ALLOW,ALLOW,ALLOW,0.9027089981827885,1.929250021930784,1.4070000033825636,,,3
benign-S5-011,benign,ALLOW,ALLOW,ALLOW,0.9105000062845647,1.96283299010247,1.431874989066273,,,3
benign-S5-012,benign,ALLOW,ALLOW,ALLOW,0.910333008505404,1.9322909938637167,1.413374993717298,,,3
benign-S5-013,benign,ALLOW,ALLOW,ALLOW,0.9043750178534538,1.9488749967422336,1.3845829817000777,,,3
benign-S5-014,benign,ALLOW,ALLOW,ALLOW,0.8987920009531081,1.9137919880449772,1.3843330089002848,,,3
benign-S5-015,benign,ALLOW,ALLOW,ALLOW,0.9516249992884696,1.9307920010760427,1.3850829855073243,,,3
benign-S5-016,benign,ALLOW,ALLOW,ALLOW,0.897249992704019,1.9073330040555447,1.4234160189516842,,,3
benign-S5-017,benign,ALLOW,ALLOW,ALLOW,0.9039170108735561,1.9246670126449317,1.387290976708755,,,3
benign-S5-018,benign,ALLOW,ALLOW,ALLOW,0.8970830240286887,1.9360420119483024,1.4005420089233667,,,3
benign-S5-019,benign,ALLOW,ALLOW,ALLOW,0.9146250085905194,1.9407089857850224,1.3932500150986016,,,3
benign-S5-020,benign,ALLOW,ALLOW,ALLOW,0.9067920036613941,1.9212079932913184,1.4145410095807165,,,3
benign-S5-021,benign,ALLOW,ALLOW,ALLOW,0.9120839822571725,1.9210830214433372,1.3790839875582606,,,3
benign-S5-022,benign,ALLOW,ALLOW,ALLOW,0.9019580029416829,1.9163749821018428,1.5091249952092767,,,3
benign-S5-023,benign,ALLOW,ALLOW,ALLOW,0.9287089924328029,1.975999999558553,1.4124169829301536,,,3
benign-S5-024,benign,ALLOW,ALLOW,ALLOW,0.9007079934235662,1.9073330040555447,1.4026249991729856,,,3
benign-S5-025,benign,ALLOW,ALLOW,ALLOW,0.9113330161198974,1.9493750005494803,1.433041994459927,,,3
benign-S5-026,benign,ALLOW,ALLOW,ALLOW,0.9075420093722641,1.916582987178117,1.4715830038767308,,,3
benign-S5-027,benign,ALLOW,ALLOW,ALLOW,0.9036250121425837,1.9601249950937927,1.380583009449765,,,3
benign-S5-028,benign,ALLOW,ALLOW,ALLOW,0.9046250197570771,1.9864999921992421,1.372832979541272,,,3
benign-S5-029,benign,ALLOW,ALLOW,ALLOW,0.904166023246944,1.9175829947926104,1.3911669957451522,,,3
benign-S5-030,benign,ALLOW,ALLOW,ALLOW,0.9014169918373227,1.9281249842606485,1.404042006470263,,,3
benign-S5-031,benign,ALLOW,ALLOW,ALLOW,0.9075409907381982,1.940167014254257,1.3971249863971025,,,3
benign-S5-032,benign,ALLOW,ALLOW,ALLOW,0.9038329881150275,1.978459011297673,1.437750004697591,,,3
benign-S5-033,benign,ALLOW,ALLOW,ALLOW,0.9310409950558096,1.9452080014161766,1.381624984787777,,,3
benign-S5-034,benign,ALLOW,ALLOW,ALLOW,0.9074579866137356,2.021833002800122,1.4131249918136746,,,3
benign-S5-035,benign,ALLOW,ALLOW,ALLOW,0.8980839920695871,1.9653330091387033,1.3876250013709068,,,3
benign-S5-036,benign,ALLOW,ALLOW,ALLOW,0.902375002624467,1.913332991534844,1.3871249975636601,,,3
benign-S5-037,benign,ALLOW,ALLOW,ALLOW,0.8996670076157898,1.8874579982366413,1.4074160135351121,,,3
benign-S5-038,benign,ALLOW,ALLOW,ALLOW,0.908874993911013,1.979583001229912,1.3934590097051114,,,3
benign-S5-039,benign,ALLOW,ALLOW,ALLOW,0.899500009836629,1.9248749886173755,1.4355000166688114,,,3
benign-S6-000,benign,ALLOW,ALLOW,ALLOW,0.9040830191224813,1.9193750049453229,1.3985840196255594,,,3
benign-S6-001,benign,ALLOW,ALLOW,ALLOW,0.9051660017576069,1.9021670159418136,1.394666003761813,,,3
benign-S6-002,benign,ALLOW,ALLOW,ALLOW,0.9034159884322435,1.9176249916199595,1.3995410117786378,,,3
benign-S6-003,benign,ALLOW,ALLOW,ALLOW,0.9008339839056134,1.95237499428913,1.411208009812981,,,3
benign-S6-004,benign,ALLOW,ALLOW,ALLOW,0.897666992386803,1.905374985653907,1.366041018627584,,,3
benign-S6-005,benign,ALLOW,ALLOW,ALLOW,0.9239579958375543,1.9175409979652613,1.402291003614664,,,3
benign-S6-006,benign,ALLOW,ALLOW,ALLOW,0.9027910127770156,1.954124978510663,1.3690420018974692,,,3
benign-S6-007,benign,ALLOW,ALLOW,ALLOW,0.901999999769032,1.9323749875184149,1.374083018163219,,,3
benign-S6-008,benign,ALLOW,ALLOW,ALLOW,0.9046670165844262,1.9290829950477928,1.3785409973934293,,,3
benign-S6-009,benign,ALLOW,ALLOW,ALLOW,0.894750002771616,1.9334589887876064,1.3793749967589974,,,3
benign-S6-010,benign,ALLOW,ALLOW,ALLOW,0.8956249803304672,1.948416989762336,1.3550409930758178,,,3
benign-S6-011,benign,ALLOW,ALLOW,ALLOW,0.9011249931063503,1.9554159953258932,1.392499980283901,,,3
benign-S6-012,benign,ALLOW,ALLOW,ALLOW,0.8897499938029796,1.8917499983217567,1.390707999235019,,,3
benign-S6-013,benign,ALLOW,ALLOW,ALLOW,0.9028330096043646,1.9608750008046627,1.4140410057734698,,,3
benign-S6-014,benign,ALLOW,ALLOW,ALLOW,0.906750006834045,1.9339580030646175,1.4444160042330623,,,3
benign-S6-015,benign,ALLOW,ALLOW,ALLOW,0.8975829987321049,1.9725000020116568,1.3947499974165112,,,3
benign-S6-016,benign,ALLOW,ALLOW,ALLOW,0.9000419813673943,1.9331249932292849,1.4560840209014714,,,3
benign-S6-017,benign,ALLOW,ALLOW,ALLOW,0.9269580186810344,1.9533339946065098,1.3850409886799753,,,3
benign-S6-018,benign,ALLOW,ALLOW,ALLOW,0.9415409876964986,1.8860420095734298,1.3713749940507114,,,3
benign-S6-019,benign,ALLOW,ALLOW,ALLOW,0.8953749784268439,1.9307080074213445,1.3965830148663372,,,3
benign-S6-020,benign,ALLOW,ALLOW,ALLOW,0.8932499913498759,1.8680829962249845,1.3729589991271496,,,3
benign-S6-021,benign,ALLOW,ALLOW,ALLOW,0.8996659889817238,1.9264169968664646,1.4057500229682773,,,3
benign-S6-022,benign,ALLOW,ALLOW,ALLOW,0.9282919927500188,1.9911249983124435,1.416249986505136,,,3
benign-S6-023,benign,ALLOW,ALLOW,ALLOW,0.9009590139612556,1.9548750133253634,1.3993330067023635,,,3
benign-S6-024,benign,ALLOW,ALLOW,ALLOW,0.8968749898485839,1.9052079878747463,1.3766250049229711,,,3
benign-S6-025,benign,ALLOW,ALLOW,ALLOW,0.9147919772658497,1.9489169935695827,1.3693329819943756,,,3
benign-S6-026,benign,ALLOW,ALLOW,ALLOW,0.9607920073904097,1.9249169854447246,1.4205409970600158,,,3
benign-S6-027,benign,ALLOW,ALLOW,ALLOW,0.9021250007208437,1.9449999963399023,1.3635409995913506,,,3
benign-S6-028,benign,ALLOW,ALLOW,ALLOW,0.9130419930443168,1.928582991240546,1.3961659860797226,,,3
benign-S6-029,benign,ALLOW,ALLOW,ALLOW,0.9009159984998405,1.8994999991264194,1.3834999990649521,,,3
benign-S6-030,benign,ALLOW,ALLOW,ALLOW,0.9163749928120524,1.9156670023221523,1.3873330026399344,,,3
benign-S6-031,benign,ALLOW,ALLOW,ALLOW,0.9020409779623151,1.9072909781243652,1.3698750117328018,,,3
benign-S6-032,benign,ALLOW,ALLOW,ALLOW,0.9002079896163195,1.8937500135507435,1.423250010702759,,,3
benign-S6-033,benign,ALLOW,ALLOW,ALLOW,0.8935419900808483,1.9110830035060644,1.427208015229553,,,3
benign-S6-034,benign,ALLOW,ALLOW,ALLOW,0.9327919979114085,1.9051670096814632,1.4075830113142729,,,3
benign-S6-035,benign,ALLOW,ALLOW,ALLOW,0.9001250145956874,1.9470829865895212,1.395667000906542,,,3
benign-S6-036,benign,ALLOW,ALLOW,ALLOW,0.8987080072984099,1.9322499865666032,1.3838750019203871,,,3
benign-S6-037,benign,ALLOW,ALLOW,ALLOW,0.9011249931063503,1.9735000096261501,1.392083999235183,,,3
benign-S6-038,benign,ALLOW,ALLOW,ALLOW,0.9110000100918114,1.9703749858308583,1.4078749809414148,,,3
benign-S6-039,benign,ALLOW,ALLOW,ALLOW,0.8955840021371841,1.9423750054556876,1.4048330194782466,,,3
benign-S7-000,benign,ALLOW,ALLOW,ALLOW,0.8163330203387886,1.5232499863486737,1.2570410035550594,,,2
benign-S7-001,benign,ALLOW,ALLOW,ALLOW,0.8094589866232127,1.491958013502881,1.268666994292289,,,2
benign-S7-002,benign,ALLOW,ALLOW,ALLOW,0.8648340008221567,1.4990000054240227,1.3126250123605132,,,2
benign-S7-003,benign,ALLOW,ALLOW,ALLOW,0.8130419882945716,1.5118330193217844,1.3014999858569354,,,2
benign-S7-004,benign,ALLOW,ALLOW,ALLOW,0.8117920078802854,1.5352079935837537,1.3239590043667704,,,2
benign-S7-005,benign,ALLOW,ALLOW,ALLOW,0.8220830059144646,1.5322499966714531,1.2555000139400363,,,2
benign-S7-006,benign,ALLOW,ALLOW,ALLOW,0.8099580009002239,1.4765000087209046,1.2868329940829426,,,2
benign-S7-007,benign,ALLOW,ALLOW,ALLOW,0.8113330113701522,1.4839159848634154,1.304499979596585,,,2
benign-S7-008,benign,ALLOW,ALLOW,ALLOW,0.8059999963734299,1.4204169856384397,1.269792002858594,,,2
benign-S7-009,benign,ALLOW,ALLOW,ALLOW,0.8043329871725291,1.4070000033825636,1.2935409904457629,,,2
benign-S7-010,benign,ALLOW,ALLOW,ALLOW,0.8085420122370124,1.5436660032719374,1.2465000036172569,,,2
benign-S7-011,benign,ALLOW,ALLOW,ALLOW,0.803542003268376,1.5210410056170076,1.247041014721617,,,2
benign-S7-012,benign,ALLOW,ALLOW,ALLOW,0.8376249752473086,1.5410420019179583,1.2870419886894524,,,2
benign-S7-013,benign,ALLOW,ALLOW,ALLOW,0.8037910156417638,1.4999999839346856,1.2831670173909515,,,2
benign-S7-014,benign,ALLOW,ALLOW,ALLOW,0.8063749992288649,1.4922500122338533,1.2571669940371066,,,2
benign-S7-015,benign,ALLOW,ALLOW,ALLOW,0.8019999950192869,1.4853749889880419,1.3400829921010882,,,2
benign-S7-016,benign,ALLOW,ALLOW,ALLOW,0.8639580046292394,1.4650000084657222,1.2627909891307354,,,2
benign-S7-017,benign,ALLOW,ALLOW,ALLOW,0.8040829852689058,1.5065829793456942,1.2552910193335265,,,2
benign-S7-018,benign,ALLOW,ALLOW,ALLOW,0.8054590143729001,1.4809579879511148,1.2485000188462436,,,2
benign-S7-019,benign,ALLOW,ALLOW,ALLOW,0.8240409952122718,1.478915975894779,1.2680840154644102,,,2
benign-S7-020,benign,ALLOW,ALLOW,ALLOW,0.8091250201687217,1.5001669817138463,1.3233750069048256,,,2
benign-S7-021,benign,ALLOW,ALLOW,ALLOW,0.8035829814616591,1.5198750188574195,1.2647080002352595,,,2
benign-S7-022,benign,ALLOW,ALLOW,ALLOW,0.804667011834681,1.5328750014305115,1.2504580081440508,,,2
benign-S7-023,benign,ALLOW,ALLOW,ALLOW,0.8010829915292561,1.4799580094404519,1.246915984665975,,,2
benign-S7-024,benign,ALLOW,ALLOW,ALLOW,0.8319159969687462,1.4942090201657265,1.2691250012721866,,,2
benign-S7-025,benign,ALLOW,ALLOW,ALLOW,0.8030000026337802,1.5479160065297037,1.2499169970396906,,,2
benign-S7-026,benign,ALLOW,ALLOW,ALLOW,0.8233750122599304,1.4961670094635338,1.2590829865075648,,,2
benign-S7-027,benign,ALLOW,ALLOW,ALLOW,0.8054579957388341,1.4914589992258698,1.2490000226534903,,,2
benign-S7-028,benign,ALLOW,ALLOW,ALLOW,0.7973330211825669,1.4914999774191529,1.2327090080361813,,,2
benign-S7-029,benign,ALLOW,ALLOW,ALLOW,0.8138749981299043,1.4972909993957728,1.2500830052886158,,,2
benign-S7-030,benign,ALLOW,ALLOW,ALLOW,0.8543749863747507,1.4835410111118108,1.302749995375052,,,2
benign-S7-031,benign,ALLOW,ALLOW,ALLOW,0.8062499982770532,1.5063330065459013,1.2516249844338745,,,2
benign-S7-032,benign,ALLOW,ALLOW,ALLOW,0.8048329909797758,1.5222920046653599,1.297584007261321,,,2
benign-S7-033,benign,ALLOW,ALLOW,ALLOW,0.8245829958468676,1.4833750028628856,1.2525000202003866,,,2
benign-S7-034,benign,ALLOW,ALLOW,ALLOW,0.802416994702071,1.4915000065229833,1.269750006031245,,,2
benign-S7-035,benign,ALLOW,ALLOW,ALLOW,0.8255000284407288,1.5095000271685421,1.2720829981844872,,,2
benign-S7-036,benign,ALLOW,ALLOW,ALLOW,0.8109170012176037,1.4655000122729689,1.2842910073231906,,,2
benign-S7-037,benign,ALLOW,ALLOW,ALLOW,0.8069579780567437,1.489125017542392,1.2417089892551303,,,2
benign-S7-038,benign,ALLOW,ALLOW,ALLOW,0.803167000412941,1.5423330187331885,1.279457996133715,,,2
benign-S7-039,benign,ALLOW,ALLOW,ALLOW,0.8279579924419522,1.5295420016627759,1.248666987521574,,,2
benign-S8-000,benign,ALLOW,ALLOW,ALLOW,0.9249580034520477,1.9052079878747463,1.40954100061208,,,3
benign-S8-001,benign,ALLOW,ALLOW,ALLOW,0.9055420232471079,1.9745409954339266,1.498083001933992,,,3
benign-S8-002,benign,ALLOW,ALLOW,ALLOW,1.0943749803118408,2.1739999938290566,1.6227500163950026,,,3
benign-S8-003,benign,ALLOW,ALLOW,ALLOW,1.0685409943107516,2.0606250036507845,1.441957982024178,,,3
benign-S8-004,benign,ALLOW,ALLOW,ALLOW,1.0878750181291252,2.2146670089568943,1.5606250090058893,,,3
benign-S8-005,benign,ALLOW,ALLOW,ALLOW,1.022917014779523,2.15312498039566,1.5351250185631216,,,3
benign-S8-006,benign,ALLOW,ALLOW,ALLOW,0.9963329939637333,2.075625001452863,1.5432089858222753,,,3
benign-S8-007,benign,ALLOW,ALLOW,ALLOW,0.9074579866137356,2.0998750114813447,1.573749992530793,,,3
benign-S8-008,benign,ALLOW,ALLOW,ALLOW,0.9619589836802334,2.0043329859618098,1.568666979437694,,,3
benign-S8-009,benign,ALLOW,ALLOW,ALLOW,1.0675420053303242,2.0338329777587205,1.6622080001980066,,,3
benign-S8-010,benign,ALLOW,ALLOW,ALLOW,1.00770901190117,2.0027080026920885,1.4252909750211984,,,3
benign-S8-011,benign,ALLOW,ALLOW,ALLOW,0.9052919922396541,2.0196250115986913,1.4053329941816628,,,3
benign-S8-012,benign,ALLOW,ALLOW,ALLOW,0.9046669874805957,1.922791008837521,1.4166659966576844,,,3
benign-S8-013,benign,ALLOW,ALLOW,ALLOW,0.9077909926418215,1.9778749847318977,1.375124993501231,,,3
benign-S8-014,benign,ALLOW,ALLOW,ALLOW,0.9235409961547703,1.8928330100607127,1.3968749844934791,,,3
benign-S8-015,benign,ALLOW,ALLOW,ALLOW,0.902375002624467,1.9192080071661621,1.4336669992189854,,,3
benign-S8-016,benign,ALLOW,ALLOW,ALLOW,0.9086670179385692,1.9191250030416995,1.4381249784491956,,,3
benign-S8-017,benign,ALLOW,ALLOW,ALLOW,0.9001250145956874,1.9214580242987722,1.3915830058977008,,,3
benign-S8-018,benign,ALLOW,ALLOW,ALLOW,0.9380840056110173,5.4699580068700016,1.3904160005040467,,,3
benign-S8-019,benign,ALLOW,ALLOW,ALLOW,0.9239579958375543,1.889083010610193,1.4025000273250043,,,3
benign-S8-020,benign,ALLOW,ALLOW,ALLOW,0.9045420156326145,1.8928750068880618,1.3828750234097242,,,3
benign-S8-021,benign,ALLOW,ALLOW,ALLOW,0.9025830077007413,1.9288340117782354,1.385957992170006,,,3
benign-S8-022,benign,ALLOW,ALLOW,ALLOW,0.9014579991344362,1.8474999815225601,1.3916250027250499,,,3
benign-S8-023,benign,ALLOW,ALLOW,ALLOW,0.916874996619299,1.9251249905209988,1.3944160018581897,,,3
benign-S8-024,benign,ALLOW,ALLOW,ALLOW,0.9225420071743429,1.9401249883230776,1.4223750040400773,,,3
benign-S8-025,benign,ALLOW,ALLOW,ALLOW,0.9214579768013209,1.9682090205606073,1.40954100061208,,,3
benign-S8-026,benign,ALLOW,ALLOW,ALLOW,0.8986660104710609,1.9409579981584102,1.4291660045273602,,,3
benign-S8-027,benign,ALLOW,ALLOW,ALLOW,0.9003749873954803,1.9142499950248748,1.410582975950092,,,3
benign-S8-028,benign,ALLOW,ALLOW,ALLOW,0.9022910089697689,1.8757079960778356,1.382334012305364,,,3
benign-S8-029,benign,ALLOW,ALLOW,ALLOW,0.9256670018658042,1.9004160130862147,1.3882910134270787,,,3
benign-S8-030,benign,ALLOW,ALLOW,ALLOW,0.9019580029416829,1.9691670022439212,1.3960410142317414,,,3
benign-S8-031,benign,ALLOW,ALLOW,ALLOW,0.9025829785969108,1.956332998815924,1.421749999281019,,,3
benign-S8-032,benign,ALLOW,ALLOW,ALLOW,0.9122909978032112,1.89741697977297,1.4217910065781325,,,3
benign-S8-033,benign,ALLOW,ALLOW,ALLOW,0.9868750057648867,1.8872500222641975,1.385957992170006,,,3
benign-S8-034,benign,ALLOW,ALLOW,ALLOW,0.913249998120591,1.923790987348184,1.4435829943977296,,,3
benign-S8-035,benign,ALLOW,ALLOW,ALLOW,0.9005420142784715,1.930250000441447,1.407332980306819,,,3
benign-S8-036,benign,ALLOW,ALLOW,ALLOW,0.9012089867610484,1.9470410188660026,1.4050409954506904,,,3
benign-S8-037,benign,ALLOW,ALLOW,ALLOW,0.9245830005966127,1.8943749892059714,1.3716249959543347,,,3
benign-S8-038,benign,ALLOW,ALLOW,ALLOW,0.9059169969987124,1.8766669963952154,1.447124988771975,,,3
benign-S8-039,benign,ALLOW,ALLOW,ALLOW,0.903791980817914,1.9027499947696924,1.4055829960852861,,,3
benign-S9-000,benign,ALLOW,ALLOW,ALLOW,0.632707990007475,1.3115410110913217,1.0840419854503125,,,2
benign-S9-001,benign,ALLOW,ALLOW,ALLOW,0.6723749975208193,1.33050000295043,1.1078329989686608,,,2
benign-S9-002,benign,ALLOW,ALLOW,ALLOW,0.6285420095082372,1.3165840064175427,1.068166980985552,,,2
benign-S9-003,benign,ALLOW,ALLOW,ALLOW,0.6319170061033219,1.3302910083439201,1.101000001654029,,,2
benign-S9-004,benign,ALLOW,ALLOW,ALLOW,0.6314170022960752,1.347208017250523,1.0949169809464365,,,2
benign-S9-005,benign,ALLOW,ALLOW,ALLOW,0.6314580095931888,1.3130419829394668,1.127083000028506,,,2
benign-S9-006,benign,ALLOW,ALLOW,ALLOW,0.6467080092988908,1.3639579992741346,1.083290990209207,,,2
benign-S9-007,benign,ALLOW,ALLOW,ALLOW,0.6285420095082372,1.287124992813915,1.0893750004470348,,,2
benign-S9-008,benign,ALLOW,ALLOW,ALLOW,0.629457994364202,1.3423750060610473,1.0844169883057475,,,2
benign-S9-009,benign,ALLOW,ALLOW,ALLOW,0.6301249959506094,1.3698749826289713,1.0779159783851355,,,2
benign-S9-010,benign,ALLOW,ALLOW,ALLOW,0.6249160214792937,1.3310840004123747,1.0809160012286156,,,2
benign-S9-011,benign,ALLOW,ALLOW,ALLOW,0.6319580134004354,1.3578340003732592,1.1317909811623394,,,2
benign-S9-012,benign,ALLOW,ALLOW,ALLOW,0.6352500058710575,1.3418750022538006,1.0662919958122075,,,2
benign-S9-013,benign,ALLOW,ALLOW,ALLOW,0.628332985797897,1.2607919925358146,1.0886250238399953,,,2
benign-S9-014,benign,ALLOW,ALLOW,ALLOW,0.6355830118991435,1.2819159892387688,1.068583020241931,,,2
benign-S9-015,benign,ALLOW,ALLOW,ALLOW,0.6307500007096678,1.2521670141723007,1.0315410036128014,,,2
benign-S9-016,benign,ALLOW,ALLOW,ALLOW,0.6327909941319376,1.2277500063646585,1.1002499959431589,,,2
benign-S9-017,benign,ALLOW,ALLOW,ALLOW,0.6328329909592867,1.229833986144513,1.0482910147402436,,,2
benign-S9-018,benign,ALLOW,ALLOW,ALLOW,0.6347500020638108,1.2733749754261225,1.0549160069786012,,,2
benign-S9-019,benign,ALLOW,ALLOW,ALLOW,0.6280420057009906,1.2062079913448542,1.0553750034887344,,,2
benign-S9-020,benign,ALLOW,ALLOW,ALLOW,0.6323749839793891,1.2204580125398934,3.661333001218736,,,2
benign-S9-021,benign,ALLOW,ALLOW,ALLOW,0.6441249861381948,1.364916010061279,1.087625016225502,,,2
benign-S9-022,benign,ALLOW,ALLOW,ALLOW,0.6380410050041974,1.3572080060839653,1.103541988413781,,,2
benign-S9-023,benign,ALLOW,ALLOW,ALLOW,0.6295829953160137,1.3683750003110617,1.0952910233754665,,,2
benign-S9-024,benign,ALLOW,ALLOW,ALLOW,0.6280409870669246,1.2808750034309924,1.065666991053149,,,2
benign-S9-025,benign,ALLOW,ALLOW,ALLOW,0.6294999911915511,1.2699160142801702,1.043917000060901,,,2
benign-S9-026,benign,ALLOW,ALLOW,ALLOW,0.626542023383081,1.249917026143521,1.0444579820614308,,,2
benign-S9-027,benign,ALLOW,ALLOW,ALLOW,0.629082991508767,1.2531669926829636,1.0607090080156922,,,2
benign-S9-028,benign,ALLOW,ALLOW,ALLOW,0.6302499969024211,1.210374990478158,1.0226669837720692,,,2
benign-S9-029,benign,ALLOW,ALLOW,ALLOW,0.6396250100806355,1.2797079980373383,1.039499999023974,,,2
benign-S9-030,benign,ALLOW,ALLOW,ALLOW,0.6270419980864972,1.2398749822750688,1.055125001585111,,,2
benign-S9-031,benign,ALLOW,ALLOW,ALLOW,0.6272080063354224,1.2359590036794543,1.0889160039369017,,,2
benign-S9-032,benign,ALLOW,ALLOW,ALLOW,0.6305419956333935,1.2113749980926514,1.043917000060901,,,2
benign-S9-033,benign,ALLOW,ALLOW,ALLOW,0.6257919885683805,1.1747080134227872,1.0199170210398734,,,2
benign-S9-034,benign,ALLOW,ALLOW,ALLOW,0.6345830042846501,1.2536249996628612,1.0516660113353282,,,2
benign-S9-035,benign,ALLOW,ALLOW,ALLOW,0.6320000102277845,1.2995840224903077,1.0828329832293093,,,2
benign-S9-036,benign,ALLOW,ALLOW,ALLOW,0.6259999936446548,1.3037500029895455,1.0762499878183007,,,2
benign-S9-037,benign,ALLOW,ALLOW,ALLOW,0.629082991508767,1.3219999964348972,1.0710000060498714,,,2
benign-S9-038,benign,ALLOW,ALLOW,ALLOW,0.6297499930951744,1.3108339917380363,1.0640000109560788,,,2
benign-S9-039,benign,ALLOW,ALLOW,ALLOW,0.6287920114118606,1.371124992147088,1.0331250086892396,,,2
A1-000,A1,ALLOW,ALLOW,ALLOW,0.7641670235898346,1.4079579850658774,1.1138340050820261,,,2
A1-001,A1,ALLOW,ALLOW,ALLOW,0.6382089923135936,1.3490410055965185,1.1154169915243983,,,2
A1-002,A1,ALLOW,ALLOW,ALLOW,0.6323330162558705,1.3918750046286732,1.0619170207064599,,,2
A1-003,A1,ALLOW,ALLOW,ALLOW,0.6729580054525286,1.3696670066565275,1.1592499795369804,,,2
A1-004,A1,ALLOW,ALLOW,ALLOW,0.6410000205505639,1.3794999977108091,1.0935419995803386,,,2
A1-005,A1,ALLOW,ALLOW,ALLOW,0.6571660051122308,1.3664159923791885,1.131084020016715,,,2
A1-006,A1,ALLOW,ALLOW,ALLOW,0.6430830108001828,1.3679580006282777,1.0908330150414258,,,2
A1-007,A1,ALLOW,ALLOW,ALLOW,0.6353330099955201,1.3169579906389117,1.0918749903794378,,,2
A1-008,A1,ALLOW,ALLOW,ALLOW,0.6308750016614795,1.343166979495436,1.0662080021575093,,,2
A1-009,A1,ALLOW,ALLOW,ALLOW,0.6439999851863831,1.339208014542237,1.078583998605609,,,2
A1-010,A1,ALLOW,ALLOW,ALLOW,0.6795420194976032,1.3314999814610928,1.1039160017389804,,,2
A1-011,A1,ALLOW,ALLOW,ALLOW,0.634541007457301,1.31929200142622,1.0649159958120435,,,2
A1-012,A1,ALLOW,ALLOW,ALLOW,0.6467089988291264,1.3077920011710376,1.0647499875631183,,,2
A1-013,A1,ALLOW,ALLOW,ALLOW,0.6926670030225068,1.361750008072704,1.131124998209998,,,2
A1-014,A1,ALLOW,ALLOW,ALLOW,0.6478749855887145,1.341791998129338,1.0849590180441737,,,2
A1-015,A1,ALLOW,ALLOW,ALLOW,0.6361250125337392,1.3302919978741556,1.0696660028770566,,,2
A1-016,A1,ALLOW,ALLOW,ALLOW,0.6307080038823187,1.3727500045206398,1.044667005771771,,,2
A1-017,A1,ALLOW,ALLOW,ALLOW,0.6292079924605787,1.3021669874433428,1.0541249939706177,,,2
A1-018,A1,ALLOW,ALLOW,ALLOW,0.6510420062113553,1.333749998593703,1.0711670038290322,,,2
A1-019,A1,ALLOW,ALLOW,ALLOW,0.6346250011119992,1.3050420093350112,1.061582996044308,,,2
A1-020,A1,ALLOW,ALLOW,ALLOW,0.633415998890996,1.3187500007916242,1.0733329982031137,,,2
A1-021,A1,ALLOW,ALLOW,ALLOW,0.6424999737646431,1.3062499929219484,1.1011250026058406,,,2
A1-022,A1,ALLOW,ALLOW,ALLOW,0.6365000153891742,1.3369169901125133,1.0520840005483478,,,2
A1-023,A1,ALLOW,ALLOW,ALLOW,0.6340830004774034,1.3374580012168735,1.058666006429121,,,2
A1-024,A1,ALLOW,ALLOW,ALLOW,0.6822500145062804,1.3727500045206398,1.095665997127071,,,2
A1-025,A1,ALLOW,ALLOW,ALLOW,0.6401670107152313,1.3555420155171305,1.0715420066844672,,,2
A1-026,A1,ALLOW,ALLOW,ALLOW,0.6365409935824573,1.3957080082036555,1.061624992871657,,,2
A1-027,A1,ALLOW,ALLOW,ALLOW,0.6452079978771508,1.347208017250523,1.0828750091604888,,,2
A1-028,A1,ALLOW,ALLOW,ALLOW,0.637416000245139,1.339208014542237,1.0563329851720482,,,2
A1-029,A1,ALLOW,ALLOW,ALLOW,0.6340839900076389,1.3032919960096478,1.062333001755178,,,2
A2-000,A2,ALLOW,ALLOW,ALLOW,0.630916008958593,1.304415985941887,1.1258749873377383,,,2
A2-001,A2,ALLOW,ALLOW,ALLOW,0.6342499982565641,1.3098329945933074,1.0484590020496398,,,2
A2-002,A2,ALLOW,ALLOW,ALLOW,0.6298750231508166,1.292874978389591,1.0958749917335808,,,2
A2-003,A2,ALLOW,ALLOW,ALLOW,0.6385830056387931,1.3575410121120512,1.1374159948900342,,,2
A2-004,A2,ALLOW,ALLOW,ALLOW,0.6364999862853438,1.3288749905768782,1.1280000035185367,,,2
A2-005,A2,ALLOW,ALLOW,ALLOW,0.6311250035651028,1.330958999460563,1.068916986696422,,,2
A2-006,A2,ALLOW,ALLOW,ALLOW,0.6299169908743352,1.3447499950416386,1.122458023019135,,,2
A2-007,A2,ALLOW,ALLOW,ALLOW,0.6338749954011291,1.335250010015443,1.077166001778096,,,2
A2-008,A2,ALLOW,ALLOW,ALLOW,0.6300829991232604,1.3833330012857914,1.0506669932510704,,,2
A2-009,A2,ALLOW,ALLOW,ALLOW,0.6303330010268837,1.2843330041505396,1.0372500109951943,,,2
A2-010,A2,ALLOW,ALLOW,ALLOW,0.6309169984888285,1.328333019046113,1.1783329828176647,,,2
A2-011,A2,ALLOW,ALLOW,ALLOW,0.8363749948330224,1.4415830082725734,1.1972920037806034,,,2
A2-012,A2,ALLOW,ALLOW,ALLOW,0.6645420216955245,1.5080829907674342,1.2051659869030118,,,2
A2-013,A2,ALLOW,ALLOW,ALLOW,0.6723749975208193,1.4822499942965806,1.1525000154506415,,,2
A2-014,A2,ALLOW,ALLOW,ALLOW,0.6565420189872384,1.414124999428168,1.0777909774333239,,,2
A2-015,A2,ALLOW,ALLOW,ALLOW,0.6388750043697655,1.3398340088315308,1.0867499804589897,,,2
A2-016,A2,ALLOW,ALLOW,ALLOW,0.6355409859679639,1.376832980895415,1.0681250132620335,,,2
A2-017,A2,ALLOW,ALLOW,ALLOW,0.6383339932654053,1.3314170064404607,1.0886660020332783,,,2
A2-018,A2,ALLOW,ALLOW,ALLOW,0.6327089795377105,1.3364999904297292,1.076417014701292,,,2
A2-019,A2,ALLOW,ALLOW,ALLOW,0.625832995865494,1.3184999988880008,1.0762909951154143,,,2
A2-020,A2,ALLOW,ALLOW,ALLOW,0.630166003247723,1.3621659891214222,1.0711670038290322,,,2
A2-021,A2,ALLOW,ALLOW,ALLOW,0.6289999873843044,1.3066249957773834,1.038167014485225,,,2
A2-022,A2,ALLOW,ALLOW,ALLOW,0.6306670256890357,1.2746670108754188,1.0316669940948486,,,2
A2-023,A2,ALLOW,ALLOW,ALLOW,0.6339999963529408,1.2625419767573476,1.0827500082086772,,,2
A2-024,A2,ALLOW,ALLOW,ALLOW,0.6538330053444952,1.3545419787988067,1.0508749983273447,,,2
A2-025,A2,ALLOW,ALLOW,ALLOW,0.6324579881038517,1.3282079889904708,1.0611669858917594,,,2
A2-026,A2,ALLOW,ALLOW,ALLOW,0.6327920127660036,1.3165420095901936,1.0665419977158308,,,2
A2-027,A2,ALLOW,ALLOW,ALLOW,0.6280840025283396,1.3118750066496432,1.0604159906506538,,,2
A2-028,A2,ALLOW,ALLOW,ALLOW,0.6332499906420708,1.3522920198738575,1.0767919884528965,,,2
A2-029,A2,ALLOW,ALLOW,ALLOW,0.628709007287398,1.3243340072222054,1.0715829848777503,,,2
A3-000,A3,DENY,DENY,DENY,0.5560420104302466,1.233957998920232,0.35858299816027284,payee-mismatch,path-to-different-entity,2
A3-001,A3,DENY,DENY,DENY,0.635208998573944,1.3115830079186708,0.35845799720846117,path-to-different-entity,path-to-different-entity,2
A3-002,A3,STEP-UP,STEP-UP,DENY,0.0014579854905605316,0.000166997779160738,0.3559589968062937,no-path,path-to-different-entity,0
A3-003,A3,DENY,DENY,DENY,0.6465000042226166,1.3608330045826733,0.4070419818162918,payee-mismatch,path-to-different-entity,2
A3-004,A3,DENY,DENY,DENY,0.6894590042065829,1.4946250012144446,0.40395898395217955,path-to-different-entity,path-to-different-entity,2
A3-005,A3,STEP-UP,STEP-UP,DENY,0.001374981366097927,0.00020902371034026146,0.3649170103017241,no-path,path-to-different-entity,0
A3-006,A3,DENY,DENY,DENY,0.5792499869130552,1.353792002191767,0.3981670015491545,payee-mismatch,path-to-different-entity,2
A3-007,A3,DENY,DENY,DENY,0.641791004454717,1.3777920103166252,0.3939590242225677,path-to-different-entity,path-to-different-entity,2
A3-008,A3,STEP-UP,STEP-UP,DENY,0.001333013642579317,0.00016702688299119473,0.4171250038780272,no-path,path-to-different-entity,0
A3-009,A3,DENY,DENY,DENY,0.5692080012522638,1.2608339893631637,0.34087500534951687,payee-mismatch,path-to-different-entity,2
A3-010,A3,DENY,DENY,DENY,0.7404170173685998,1.3227089948486537,0.3497079887893051,path-to-different-entity,path-to-different-entity,2
A3-011,A3,STEP-UP,STEP-UP,DENY,0.001207983586937189,0.00020797597244381905,0.3910000086762011,no-path,path-to-different-entity,0
A3-012,A3,DENY,DENY,DENY,0.5647079960908741,1.204291998874396,0.3538339806254953,payee-mismatch,path-to-different-entity,2
A3-013,A3,DENY,DENY,DENY,0.6400000129360706,1.3282080180943012,0.36112498492002487,path-to-different-entity,path-to-different-entity,2
A3-014,A3,STEP-UP,STEP-UP,DENY,0.001207983586937189,0.0001659791450947523,0.3508330264594406,no-path,path-to-different-entity,0
A3-015,A3,DENY,DENY,DENY,0.5593330133706331,1.2683749955613166,0.3530420071911067,payee-mismatch,path-to-different-entity,2
A3-016,A3,DENY,DENY,DENY,0.6377909739967436,1.3325409963726997,0.38225000025704503,path-to-different-entity,path-to-different-entity,2
A3-017,A3,STEP-UP,STEP-UP,DENY,0.0012499804142862558,0.000166997779160738,0.340208993293345,no-path,path-to-different-entity,0
A3-018,A3,DENY,DENY,DENY,0.593250006204471,1.2480419827625155,0.34845800837501884,payee-mismatch,path-to-different-entity,2
A3-019,A3,DENY,DENY,DENY,0.6433340022340417,1.3080830103717744,0.35129100433550775,path-to-different-entity,path-to-different-entity,2
A3-020,A3,STEP-UP,STEP-UP,DENY,0.0012499804142862558,0.000166997779160738,0.35470901639200747,no-path,path-to-different-entity,0
A3-021,A3,DENY,DENY,DENY,0.601208012085408,1.3235420046839863,0.3579159965738654,payee-mismatch,path-to-different-entity,2
A3-022,A3,DENY,DENY,DENY,0.6440000142902136,1.3420420000329614,0.35795898293145,path-to-different-entity,path-to-different-entity,2
A3-023,A3,STEP-UP,STEP-UP,DENY,0.0012909877113997936,0.000166997779160738,0.41325000347569585,no-path,path-to-different-entity,0
A3-024,A3,DENY,DENY,DENY,0.7393750129267573,1.4306670054793358,0.4032500146422535,payee-mismatch,path-to-different-entity,2
A3-025,A3,DENY,DENY,DENY,0.6426670006476343,1.3100000214762986,0.36137501592747867,path-to-different-entity,path-to-different-entity,2
A3-026,A3,STEP-UP,STEP-UP,DENY,0.0012909877113997936,0.000166997779160738,0.3602920041885227,no-path,path-to-different-entity,0
A3-027,A3,DENY,DENY,DENY,0.5617499991785735,1.2518749863374978,0.3684160183183849,payee-mismatch,path-to-different-entity,2
A3-028,A3,DENY,DENY,DENY,0.6894579855725169,1.3590420130640268,0.38112502079457045,path-to-different-entity,path-to-different-entity,2
A3-029,A3,STEP-UP,STEP-UP,DENY,0.001166015863418579,0.00016600824892520905,0.34620799124240875,no-path,path-to-different-entity,0
A4-000,A4,DENY,DENY,DENY,0.640334008494392,1.32299997494556,0.3639589995145798,path-to-different-entity,path-to-different-entity,2
A4-001,A4,STEP-UP,STEP-UP,DENY,0.0012920063454657793,0.00012500095181167126,0.34954200964421034,no-path,path-to-different-entity,0
A4-002,A4,DENY,DENY,DENY,0.6427079788409173,1.316042005782947,0.3669580037239939,path-to-different-entity,path-to-different-entity,2
A4-003,A4,STEP-UP,STEP-UP,DENY,0.0012500095181167126,0.00020800507627427578,0.3625410026870668,no-path,path-to-different-entity,0
A4-004,A4,DENY,DENY,DENY,0.6418749981094152,1.3245830195955932,0.4356660065241158,path-to-different-entity,path-to-different-entity,2
A4-005,A4,STEP-UP,STEP-UP,DENY,0.0012499804142862558,0.000166997779160738,0.3998749889433384,no-path,path-to-different-entity,0
A4-006,A4,DENY,DENY,DENY,0.7066249963827431,1.416042010532692,0.41883400990627706,path-to-different-entity,path-to-different-entity,2
A4-007,A4,STEP-UP,STEP-UP,DENY,0.0012909877113997936,0.000166997779160738,0.3744999994523823,no-path,path-to-different-entity,0
A4-008,A4,DENY,DENY,DENY,0.6422500009648502,1.29945800290443,0.37858300493098795,path-to-different-entity,path-to-different-entity,2
A4-009,A4,STEP-UP,STEP-UP,DENY,0.0020830193534493446,0.0002500019036233425,0.39654099964536726,no-path,path-to-different-entity,0
A4-010,A4,DENY,DENY,DENY,0.651165988529101,1.365708012599498,0.35200000274926424,path-to-different-entity,path-to-different-entity,2
A4-011,A4,STEP-UP,STEP-UP,DENY,0.0012500095181167126,0.00020800507627427578,0.3734579950105399,no-path,path-to-different-entity,0
A4-012,A4,DENY,DENY,DENY,0.6405419844668359,1.325500023085624,0.35083299735561013,path-to-different-entity,path-to-different-entity,2
A4-013,A4,STEP-UP,STEP-UP,DENY,0.001374981366097927,0.000166997779160738,0.3774169890675694,no-path,path-to-different-entity,0
A4-014,A4,DENY,DENY,DENY,0.643542007310316,1.2996660079807043,0.3693329927045852,path-to-different-entity,path-to-different-entity,2
A4-015,A4,STEP-UP,STEP-UP,DENY,0.0011669762898236513,0.000166997779160738,0.3577090101316571,no-path,path-to-different-entity,0
A4-016,A4,DENY,DENY,DENY,0.6463749741669744,1.372625003568828,0.3383750154171139,path-to-different-entity,path-to-different-entity,2
A4-017,A4,STEP-UP,STEP-UP,DENY,0.0012920063454657793,0.00020899460650980473,0.35866699181497097,no-path,path-to-different-entity,0
A4-018,A4,DENY,DENY,DENY,0.6431249785237014,1.3385830097831786,0.34670799504965544,path-to-different-entity,path-to-different-entity,2
A4-019,A4,STEP-UP,STEP-UP,DENY,0.0012090022210031748,0.00020899460650980473,0.38341700565069914,no-path,path-to-different-entity,0
A4-020,A4,DENY,DENY,DENY,0.6480000156443566,1.3732500083278865,0.36637502489611506,path-to-different-entity,path-to-different-entity,2
A4-021,A4,STEP-UP,STEP-UP,DENY,0.0011250085663050413,0.000166997779160738,0.3460839798208326,no-path,path-to-different-entity,0
A4-022,A4,DENY,DENY,DENY,0.6357090023811907,1.3364999904297292,0.35866699181497097,path-to-different-entity,path-to-different-entity,2
A4-023,A4,STEP-UP,STEP-UP,DENY,0.0010830117389559746,0.000166997779160738,0.38241699803620577,no-path,path-to-different-entity,0
A4-024,A4,DENY,DENY,DENY,0.6474590045399964,1.3999169750604779,0.35349998506717384,path-to-different-entity,path-to-different-entity,2
A4-025,A4,STEP-UP,STEP-UP,DENY,0.0011669762898236513,0.00020800507627427578,0.3591249987948686,no-path,path-to-different-entity,0
A4-026,A4,DENY,DENY,DENY,0.6371669878717512,1.43012500484474,0.37770799826830626,path-to-different-entity,path-to-different-entity,2
A4-027,A4,STEP-UP,STEP-UP,DENY,0.0010830117389559746,0.00020800507627427578,0.35570800537243485,no-path,path-to-different-entity,0
A4-028,A4,DENY,DENY,DENY,0.6350830080918968,1.3455410080496222,0.3527080116327852,path-to-different-entity,path-to-different-entity,2
A4-029,A4,STEP-UP,STEP-UP,DENY,0.002042012056335807,0.00029199873097240925,0.4084999964106828,no-path,path-to-different-entity,0
A5-000,A5,STEP-UP,STEP-UP,STEP-UP,0.0011250085663050413,0.000166997779160738,0.34995799069292843,no-path,no-path,0
A5-001,A5,STEP-UP,STEP-UP,STEP-UP,0.3760000108741224,0.6771670014131814,0.3301670076325536,grammar:AG before principal,no-path,1
A5-002,A5,STEP-UP,STEP-UP,STEP-UP,0.0014169781934469938,0.00029199873097240925,0.367375003406778,no-path,no-path,0
A5-003,A5,STEP-UP,STEP-UP,STEP-UP,0.37791699287481606,0.6939159939065576,0.3767500165849924,grammar:AG before principal,no-path,1
A5-004,A5,STEP-UP,STEP-UP,STEP-UP,0.001166015863418579,0.00020800507627427578,0.33541698940098286,no-path,no-path,0
A5-005,A5,STEP-UP,STEP-UP,STEP-UP,0.37516700103878975,0.7162919791880995,0.3697909996844828,grammar:AG before principal,no-path,1
A5-006,A5,STEP-UP,STEP-UP,STEP-UP,0.00100000761449337,0.00020800507627427578,0.34937498276121914,no-path,no-path,0
A5-007,A5,STEP-UP,STEP-UP,STEP-UP,0.3904589975718409,0.7293749949894845,0.35491600283421576,grammar:AG before principal,no-path,1
A5-008,A5,STEP-UP,STEP-UP,STEP-UP,0.001167005393654108,0.00029098009690642357,0.3997499879915267,no-path,no-path,0
A5-009,A5,STEP-UP,STEP-UP,STEP-UP,0.36762497620657086,0.6954579730518162,0.36858298699371517,grammar:AG before principal,no-path,1
A5-010,A5,STEP-UP,STEP-UP,STEP-UP,0.0011249794624745846,0.0002499727997928858,0.32324998755939305,no-path,no-path,0
A5-011,A5,STEP-UP,STEP-UP,STEP-UP,0.3763750137295574,0.6956249999348074,0.36170901148580015,grammar:AG before principal,no-path,1
A5-012,A5,STEP-UP,STEP-UP,STEP-UP,0.0009580107871443033,0.00020800507627427578,0.35895800101570785,no-path,no-path,0
A5-013,A5,STEP-UP,STEP-UP,STEP-UP,0.3708750009536743,0.7294999959412962,0.3526659857016057,grammar:AG before principal,no-path,1
A5-014,A5,STEP-UP,STEP-UP,STEP-UP,0.0010830117389559746,0.0002910092007368803,0.3285830025561154,no-path,no-path,0
A5-015,A5,STEP-UP,STEP-UP,STEP-UP,0.38737498107366264,0.7016250165179372,0.37054199492558837,grammar:AG before principal,no-path,1
A5-016,A5,STEP-UP,STEP-UP,STEP-UP,0.0010829826351255178,0.0002500019036233425,0.3447500057518482,no-path,no-path,0
A5-017,A5,STEP-UP,STEP-UP,STEP-UP,0.37166697438806295,0.7062500226311386,0.32950000604614615,grammar:AG before principal,no-path,1
A5-018,A5,STEP-UP,STEP-UP,STEP-UP,0.00100000761449337,0.00033300602808594704,0.36633299896493554,no-path,no-path,0
A5-019,A5,STEP-UP,STEP-UP,STEP-UP,0.3687499847728759,0.7044580124784261,0.3829589986708015,grammar:AG before principal,no-path,1
A5-020,A5,STEP-UP,STEP-UP,STEP-UP,0.0010420044418424368,0.000166997779160738,0.32862499938346446,no-path,no-path,0
A5-021,A5,STEP-UP,STEP-UP,STEP-UP,0.38070898153819144,0.7080000068526715,0.3378329856786877,grammar:AG before principal,no-path,1
A5-022,A5,STEP-UP,STEP-UP,STEP-UP,0.0009580107871443033,0.00029199873097240925,0.327582994941622,no-path,no-path,0
A5-023,A5,STEP-UP,STEP-UP,STEP-UP,0.3789579786825925,0.7250829949043691,0.3900410083588213,grammar:AG before principal,no-path,1
A5-024,A5,STEP-UP,STEP-UP,STEP-UP,0.0010840012691915035,0.0002500019036233425,0.4239999980200082,no-path,no-path,0
A5-025,A5,STEP-UP,STEP-UP,STEP-UP,0.3725840069819242,0.7562090177088976,0.3317079972475767,grammar:AG before principal,no-path,1
A5-026,A5,STEP-UP,STEP-UP,STEP-UP,0.00100000761449337,0.0002910092007368803,0.36904201260767877,no-path,no-path,0
A5-027,A5,STEP-UP,STEP-UP,STEP-UP,0.3671669983305037,0.7080000068526715,0.3607500111684203,grammar:AG before principal,no-path,1
A5-028,A5,STEP-UP,STEP-UP,STEP-UP,0.0009999785106629133,0.0002910092007368803,0.3721670072991401,no-path,no-path,0
A5-029,A5,STEP-UP,STEP-UP,STEP-UP,0.37608298589475453,0.709457992343232,0.352917006239295,grammar:AG before principal,no-path,1
A6-000,A6,ALLOW,ALLOW,ALLOW,0.6900829903315753,1.307416008785367,1.088457996957004,,,2
A6-001,A6,DENY,DENY,STEP-UP,0.5582080048043281,1.2583330099005252,0.3473339893389493,payee-mismatch,no-path,2
A6-002,A6,STEP-UP,STEP-UP,STEP-UP,0.0012920063454657793,0.00020800507627427578,0.36054200609214604,no-path,no-path,0
A6-003,A6,ALLOW,ALLOW,ALLOW,0.6477500137407333,1.349708007182926,1.165583002148196,,,2
A6-004,A6,STEP-UP,STEP-UP,STEP-UP,0.001167005393654108,0.00020899460650980473,0.36249999538995326,no-path,no-path,0
A6-005,A6,DENY,DENY,STEP-UP,0.6554580177180469,1.273000001674518,0.3451659868005663,payee-mismatch,no-path,2
A6-006,A6,ALLOW,ALLOW,ALLOW,0.6730419991072267,1.3325409963726997,1.1907909938599914,,,2
A6-007,A6,DENY,DENY,STEP-UP,0.5705410148948431,1.343874988378957,0.369208020856604,payee-mismatch,no-path,2
A6-008,A6,STEP-UP,STEP-UP,STEP-UP,0.0011250085663050413,0.00020800507627427578,0.38754098932258785,no-path,no-path,0
A6-009,A6,ALLOW,ALLOW,ALLOW,0.6621670036111027,1.351166982203722,1.0977089987136424,,,2
A6-010,A6,STEP-UP,STEP-UP,STEP-UP,0.0013329845387488604,0.00020899460650980473,0.3620420175138861,no-path,no-path,0
A6-011,A6,DENY,DENY,STEP-UP,0.6382910069078207,1.3242080167401582,0.3619170165620744,payee-mismatch,no-path,2
A6-012,A6,ALLOW,ALLOW,ALLOW,0.6521249888464808,1.3466250093188137,1.227332977578044,,,2
A6-013,A6,DENY,DENY,STEP-UP,0.5865829880349338,1.3379999727476388,0.38104201667010784,payee-mismatch,no-path,2
A6-014,A6,STEP-UP,STEP-UP,STEP-UP,0.0014160177670419216,0.00020800507627427578,0.3949590027332306,no-path,no-path,0
A6-015,A6,ALLOW,ALLOW,ALLOW,0.6594999867957085,1.398915977915749,1.1954159999731928,,,2
A6-016,A6,STEP-UP,STEP-UP,STEP-UP,0.0015830155462026596,0.00029199873097240925,0.4437080060597509,no-path,no-path,0
A6-017,A6,DENY,DENY,STEP-UP,0.8342920045834035,1.2752079928759485,0.38004101952537894,payee-mismatch,no-path,2
A6-018,A6,ALLOW,ALLOW,ALLOW,0.6991249974817038,1.2906670162919909,1.236040989169851,,,2
A6-019,A6,DENY,DENY,STEP-UP,0.6090829847380519,1.4165420143399388,0.447375001385808,payee-mismatch,no-path,2
A6-020,A6,STEP-UP,STEP-UP,STEP-UP,0.001500011421740055,0.000166997779160738,0.37370898644439876,no-path,no-path,0
A6-021,A6,ALLOW,ALLOW,ALLOW,0.7167499861679971,1.7394589958712459,1.1992499930784106,,,2
A6-022,A6,STEP-UP,STEP-UP,STEP-UP,0.0014579854905605316,0.0002500019036233425,0.3739579988177866,no-path,no-path,0
A6-023,A6,DENY,DENY,STEP-UP,0.6924589979462326,1.3104589888826013,0.34925001091323793,payee-mismatch,no-path,2
A6-024,A6,ALLOW,ALLOW,ALLOW,0.6759589887224138,1.3797080027870834,1.1782500077970326,,,2
A6-025,A6,DENY,DENY,STEP-UP,0.5582080048043281,1.257374999113381,0.34962501376867294,payee-mismatch,no-path,2
A6-026,A6,STEP-UP,STEP-UP,STEP-UP,0.001167005393654108,0.0002500019036233425,0.36524998722597957,no-path,no-path,0
A6-027,A6,ALLOW,ALLOW,ALLOW,0.6460419972427189,1.3514579914044589,1.113375008571893,,,2
A6-028,A6,STEP-UP,STEP-UP,STEP-UP,0.0012920063454657793,0.0002500019036233425,0.3671669983305037,no-path,no-path,0
A6-029,A6,DENY,DENY,STEP-UP,0.6348750030156225,1.2898749846499413,0.34350002533756196,payee-mismatch,no-path,2
A7-000,A7,STEP-UP,STEP-UP,STEP-UP,0.37162500666454434,1.9027089874725789,0.3461659944150597,status-stale,no-path,3
A7-001,A7,STEP-UP,STEP-UP,STEP-UP,0.6535830034408718,1.8122500041499734,0.35954199847765267,revoked,no-path,3
A7-002,A7,STEP-UP,STEP-UP,STEP-UP,0.371375004760921,1.8460419960319996,0.3685830160975456,status-stale,no-path,3
A7-003,A7,STEP-UP,STEP-UP,STEP-UP,0.6418340199161321,1.654208026593551,0.36945799365639687,revoked,no-path,3
A7-004,A7,STEP-UP,STEP-UP,STEP-UP,0.3769999893847853,1.873083005193621,0.3844589809887111,status-stale,no-path,3
A7-005,A7,STEP-UP,STEP-UP,STEP-UP,0.6402499857358634,1.7282920016441494,0.3819169942289591,revoked,no-path,3
A7-006,A7,STEP-UP,STEP-UP,STEP-UP,0.36550001823343337,1.8400829867459834,0.3506250213831663,status-stale,no-path,3
A7-007,A7,STEP-UP,STEP-UP,STEP-UP,0.6390420021489263,1.6915420128498226,0.3987909876741469,revoked,no-path,3
A7-008,A7,STEP-UP,STEP-UP,STEP-UP,0.3642920055426657,1.8604999931994826,0.3645839751698077,status-stale,no-path,3
A7-009,A7,STEP-UP,STEP-UP,STEP-UP,0.6412089860532433,1.6562500095460564,0.38420798955485225,revoked,no-path,3
A7-010,A7,STEP-UP,STEP-UP,STEP-UP,0.3644170064944774,1.8859999836422503,0.3788339963648468,status-stale,no-path,3
A7-011,A7,STEP-UP,STEP-UP,STEP-UP,0.6575410079676658,1.6637919761706144,0.3549999964889139,revoked,no-path,3
A7-012,A7,STEP-UP,STEP-UP,STEP-UP,0.3696670173667371,1.8191669951193035,0.388374988688156,status-stale,no-path,3
A7-013,A7,STEP-UP,STEP-UP,STEP-UP,0.6404999876394868,1.7139580158982426,0.3699999942909926,revoked,no-path,3
A7-014,A7,STEP-UP,STEP-UP,STEP-UP,0.378249998902902,1.9138749921694398,0.3724999842233956,status-stale,no-path,3
A7-015,A7,STEP-UP,STEP-UP,STEP-UP,0.6452499947044998,1.6651249898131937,0.36079101846553385,revoked,no-path,3
A7-016,A7,STEP-UP,STEP-UP,STEP-UP,0.3684590046759695,1.8380419933237135,0.3440000000409782,status-stale,no-path,3
A7-017,A7,STEP-UP,STEP-UP,STEP-UP,0.6424160092137754,1.6512910078745335,0.34524998045526445,revoked,no-path,3
A7-018,A7,STEP-UP,STEP-UP,STEP-UP,0.36425000871531665,1.8240830104332417,0.38841701461933553,status-stale,no-path,3
A7-019,A7,STEP-UP,STEP-UP,STEP-UP,0.6421250000130385,1.6941249778028578,0.38704200414940715,revoked,no-path,3
A7-020,A7,STEP-UP,STEP-UP,STEP-UP,0.36112498492002487,1.8682500231079757,0.36879201070405543,status-stale,no-path,3
A7-021,A7,STEP-UP,STEP-UP,STEP-UP,0.6401669816114008,1.6506669926457107,0.3535000141710043,revoked,no-path,3
A7-022,A7,STEP-UP,STEP-UP,STEP-UP,0.36837501102127135,1.8005000019911677,0.4023340006824583,status-stale,no-path,3
A7-023,A7,STEP-UP,STEP-UP,STEP-UP,0.6409159977920353,1.6492079885210842,0.3487910144031048,revoked,no-path,3
A7-024,A7,STEP-UP,STEP-UP,STEP-UP,0.366666994523257,1.8204579828307033,0.39091601502150297,status-stale,no-path,3
A7-025,A7,STEP-UP,STEP-UP,STEP-UP,0.6379160040523857,1.7216670094057918,0.3352499916218221,revoked,no-path,3
A7-026,A7,STEP-UP,STEP-UP,STEP-UP,0.40295900544151664,1.8548329826444387,0.34337499528191984,status-stale,no-path,3
A7-027,A7,STEP-UP,STEP-UP,STEP-UP,0.6365829904098064,1.7362500075250864,0.4122079990338534,revoked,no-path,3
A7-028,A7,STEP-UP,STEP-UP,STEP-UP,0.36949999048374593,1.8045830074697733,0.36016598460264504,status-stale,no-path,3
A7-029,A7,STEP-UP,STEP-UP,STEP-UP,0.6461669981945306,1.696916006039828,0.34320898703299463,revoked,no-path,3
A8-000,A8,STEP-UP,STEP-UP,STEP-UP,0.9401669958606362,2.0279169839341193,0.3571250126697123,scope,no-path,3
A8-001,A8,STEP-UP,STEP-UP,STEP-UP,0.9130830003414303,1.9521249923855066,0.34154197783209383,scope,no-path,3
A8-002,A8,STEP-UP,STEP-UP,STEP-UP,0.9167910029646009,1.9185410055797547,0.3539159952197224,scope,no-path,3
A8-003,A8,STEP-UP,STEP-UP,STEP-UP,0.9158340108115226,1.9795419939327985,0.35483299870975316,scope,no-path,3
A8-004,A8,STEP-UP,STEP-UP,STEP-UP,0.9083329932764173,1.9471659907139838,0.3372499777469784,scope,no-path,3
A8-005,A8,STEP-UP,STEP-UP,STEP-UP,0.9153750143013895,1.9773750100284815,0.34600001526996493,scope,no-path,3
A8-006,A8,STEP-UP,STEP-UP,STEP-UP,0.910708011360839,1.8990839889738709,0.3537499869707972,scope,no-path,3
A8-007,A8,STEP-UP,STEP-UP,STEP-UP,0.9633330046199262,1.953125,0.343833991792053,scope,no-path,3
A8-008,A8,STEP-UP,STEP-UP,STEP-UP,0.9148340031970292,1.9560420187190175,0.343875028192997,scope,no-path,3
A8-009,A8,STEP-UP,STEP-UP,STEP-UP,0.9243329986929893,1.9703750149346888,0.3427499905228615,scope,no-path,3
A8-010,A8,STEP-UP,STEP-UP,STEP-UP,0.9177920001093298,1.9318749837111682,0.3461250162217766,scope,no-path,3
A8-011,A8,STEP-UP,STEP-UP,STEP-UP,0.9163749928120524,1.9450410036370158,0.35054198815487325,scope,no-path,3
A8-012,A8,STEP-UP,STEP-UP,STEP-UP,0.9329589956905693,1.9217919907532632,0.3602920041885227,scope,no-path,3
A8-013,A8,STEP-UP,STEP-UP,STEP-UP,0.9138330060523003,1.9515420135576278,0.3481250023469329,scope,no-path,3
A8-014,A8,STEP-UP,STEP-UP,STEP-UP,0.9121669863816351,1.9658749806694686,0.3531250113155693,scope,no-path,3
A8-015,A8,STEP-UP,STEP-UP,STEP-UP,0.9102909825742245,1.924875017721206,0.3474170225672424,scope,no-path,3
A8-016,A8,STEP-UP,STEP-UP,STEP-UP,0.9177909814752638,1.951750018633902,0.3562500060070306,scope,no-path,3
A8-017,A8,STEP-UP,STEP-UP,STEP-UP,0.9160409972537309,1.961500005563721,0.3511669929139316,scope,no-path,3
A8-018,A8,STEP-UP,STEP-UP,STEP-UP,0.9080420131795108,1.9513749866746366,0.3371250058989972,scope,no-path,3
A8-019,A8,STEP-UP,STEP-UP,STEP-UP,0.9095419954974204,1.9358749850653112,0.3734579950105399,scope,no-path,3
A8-020,A8,STEP-UP,STEP-UP,STEP-UP,0.9122909978032112,1.9570419972296804,0.3395829990040511,scope,no-path,3
A8-021,A8,STEP-UP,STEP-UP,STEP-UP,0.91683299979195,1.9041660125367343,0.35266700433567166,scope,no-path,3
A8-022,A8,STEP-UP,STEP-UP,STEP-UP,0.9298330114688724,1.9257919921074063,0.33320800866931677,scope,no-path,3
A8-023,A8,STEP-UP,STEP-UP,STEP-UP,0.9216659818775952,1.93795797531493,0.33145901397801936,scope,no-path,3
A8-024,A8,STEP-UP,STEP-UP,STEP-UP,0.9069580119103193,1.9958750053774565,0.34433399559929967,scope,no-path,3
A8-025,A8,STEP-UP,STEP-UP,STEP-UP,0.9163330250885338,1.9762500014621764,0.34662499092519283,scope,no-path,3
A8-026,A8,STEP-UP,STEP-UP,STEP-UP,0.911374983843416,1.948458986589685,0.3367080062162131,scope,no-path,3
A8-027,A8,STEP-UP,STEP-UP,STEP-UP,0.9119999886024743,1.9290420168545097,0.3623329976107925,scope,no-path,3
A8-028,A8,STEP-UP,STEP-UP,STEP-UP,0.9177499741781503,1.959209010237828,0.3562079800758511,scope,no-path,3
A8-029,A8,STEP-UP,STEP-UP,STEP-UP,0.9145830117631704,1.9321669824421406,0.3472499956842512,scope,no-path,3
A9-000,A9,ALLOW,ALLOW,ALLOW,0.6365410226862878,1.295499998377636,1.0896250023506582,,,2
A9-001,A9,ALLOW,ALLOW,ALLOW,0.6314580095931888,1.3639579992741346,1.0755409894045442,,,2
A9-002,A9,ALLOW,ALLOW,ALLOW,0.6498750008177012,1.3239580148365349,1.1245829809922725,,,2
A9-003,A9,ALLOW,ALLOW,ALLOW,0.6282500107772648,1.3178749941289425,1.0740830039139837,,,2
A9-004,A9,ALLOW,ALLOW,ALLOW,0.629082991508767,1.376583008095622,1.0784160112962127,,,2
A9-005,A9,ALLOW,ALLOW,ALLOW,0.6270000012591481,1.332792016910389,1.0672919743228704,,,2
A9-006,A9,ALLOW,ALLOW,ALLOW,0.6270830053836107,1.3262499996926636,1.0856250009965152,,,2
A9-007,A9,ALLOW,ALLOW,ALLOW,0.6267499993555248,1.2639579945243895,1.0965419933199883,,,2
A9-008,A9,ALLOW,ALLOW,ALLOW,0.6322499830275774,1.3616670039482415,1.09891701140441,,,2
A9-009,A9,ALLOW,ALLOW,ALLOW,0.6303749978542328,1.3571250019595027,1.0998749930877239,,,2
A9-010,A9,ALLOW,ALLOW,ALLOW,0.6256250198930502,1.3322079903446138,1.109417004045099,,,2
A9-011,A9,ALLOW,ALLOW,ALLOW,0.6339159735944122,1.3813329860568047,1.0947080154437572,,,2
A9-012,A9,ALLOW,ALLOW,ALLOW,0.62841601902619,1.333875028649345,1.064082985976711,,,2
A9-013,A9,ALLOW,ALLOW,ALLOW,0.6297919899225235,1.3701250136364251,1.0897080064751208,,,2
A9-014,A9,ALLOW,ALLOW,ALLOW,0.6927500071469694,1.4447499997913837,1.0764589824248105,,,2
A9-015,A9,ALLOW,ALLOW,ALLOW,0.6447499908972532,1.3837080041412264,1.0925410024356097,,,2
A9-016,A9,ALLOW,ALLOW,ALLOW,0.63308299286291,1.3097920164000243,1.0950839787255973,,,2
A9-017,A9,ALLOW,ALLOW,ALLOW,0.63233298715204,1.3328340137377381,1.0839999886229634,,,2
A9-018,A9,ALLOW,ALLOW,ALLOW,0.6484999903477728,1.3527499977499247,1.0959999926853925,,,2
A9-019,A9,ALLOW,ALLOW,ALLOW,0.6252089806366712,1.321540999924764,1.0576250206213444,,,2
A9-020,A9,ALLOW,ALLOW,ALLOW,0.6454999966081232,1.356624998152256,1.0947090049739927,,,2
A9-021,A9,ALLOW,ALLOW,ALLOW,0.6319169769994915,1.3155000051483512,1.0996669880114496,,,2
A9-022,A9,ALLOW,ALLOW,ALLOW,0.6471250089816749,1.351832994259894,1.0817910078912973,,,2
A9-023,A9,ALLOW,ALLOW,ALLOW,0.6284999835770577,1.3441250193864107,1.072457991540432,,,2
A9-024,A9,ALLOW,ALLOW,ALLOW,0.6294999911915511,1.3483749935403466,1.0584589908830822,,,2
A9-025,A9,ALLOW,ALLOW,ALLOW,0.6288749864324927,1.3217499945312738,1.1361659853719175,,,2
A9-026,A9,ALLOW,ALLOW,ALLOW,0.6249159923754632,1.3709159975405782,1.1207500065211207,,,2
A9-027,A9,ALLOW,ALLOW,ALLOW,0.6268330034799874,1.3274160155560821,1.0757909913081676,,,2
A9-028,A9,ALLOW,ALLOW,ALLOW,0.6428750057239085,1.324415992712602,1.0704160085879266,,,2
A9-029,A9,ALLOW,ALLOW,ALLOW,0.6282079848460853,1.323290984146297,1.0840000177267939,,,2
A11-000,A11,ALLOW,ALLOW,ALLOW,0.8197500137612224,1.5262500091921538,1.2835420202463865,,,2
A11-001,A11,ALLOW,ALLOW,ALLOW,0.8109170012176037,1.5143750060815364,1.255334005691111,,,2
A11-002,A11,ALLOW,ALLOW,ALLOW,0.6389589980244637,1.3134170148987323,1.0855839936994016,,,2
A11-003,A11,ALLOW,ALLOW,ALLOW,0.6431250076275319,1.3551670126616955,1.0957499907817692,,,2
A11-004,A11,ALLOW,ALLOW,ALLOW,0.655165989883244,1.3336660049390048,1.083292008843273,,,2
A11-005,A11,ALLOW,ALLOW,ALLOW,0.8170829969458282,1.5952079847920686,1.2680830259341747,,,2
A11-006,A11,ALLOW,ALLOW,ALLOW,0.8118330151773989,1.521957980003208,1.2889159843325615,,,2
A11-007,A11,ALLOW,ALLOW,ALLOW,0.6447919877246022,1.3441670162137598,1.123124995501712,,,2
A11-008,A11,ALLOW,ALLOW,ALLOW,0.640667014522478,1.311707979766652,1.0887079988606274,,,2
A11-009,A11,ALLOW,ALLOW,ALLOW,0.6327920127660036,1.312084001256153,1.0627909796312451,,,2
A11-010,A11,ALLOW,ALLOW,ALLOW,0.8118330151773989,1.5570419782307,1.280666998354718,,,2
A11-011,A11,ALLOW,ALLOW,ALLOW,0.8169999928213656,1.57816699356772,1.296583010116592,,,2
A11-012,A11,ALLOW,ALLOW,ALLOW,0.8166249899659306,1.5066660125739872,1.2832499924115837,,,2
A11-013,A11,ALLOW,ALLOW,ALLOW,0.809291988844052,1.5100419986993074,1.285624981392175,,,2
A11-014,A11,ALLOW,ALLOW,ALLOW,0.8113329822663218,1.5088329964783043,1.2949999945703894,,,2
A11-015,A11,ALLOW,ALLOW,ALLOW,0.6742500117979944,1.3335419935174286,1.0855419968720526,,,2
A11-016,A11,ALLOW,ALLOW,ALLOW,0.6405839812941849,1.396417006617412,1.1003749968949705,,,2
A11-017,A11,ALLOW,ALLOW,ALLOW,0.6365829904098064,1.3579580117948353,1.0940829815808684,,,2
A11-018,A11,ALLOW,ALLOW,ALLOW,0.8301250054500997,1.5105830098036677,1.3018339814152569,,,2
A11-019,A11,ALLOW,ALLOW,ALLOW,0.6349169998429716,1.3704589800909162,1.079458015738055,,,2
A11-020,A11,ALLOW,ALLOW,ALLOW,0.633834017207846,1.3693329819943756,1.1197919957339764,,,2
A11-021,A11,ALLOW,ALLOW,ALLOW,0.651500013191253,1.3614579802379012,1.0481670033186674,,,2
A11-022,A11,ALLOW,ALLOW,ALLOW,0.6333749915938824,1.3284999877214432,1.0861249756999314,,,2
A11-023,A11,ALLOW,ALLOW,ALLOW,0.8167499909177423,1.473209005780518,1.3018329918850213,,,2
A11-024,A11,ALLOW,ALLOW,ALLOW,0.6376669916789979,1.325167017057538,1.0745829786174,,,2
A11-025,A11,ALLOW,ALLOW,ALLOW,0.6417499971576035,1.363082992611453,1.0832500120159239,,,2
A11-026,A11,ALLOW,ALLOW,ALLOW,0.6322090048342943,1.3195000065024942,1.1037499934900552,,,2
A11-027,A11,ALLOW,ALLOW,ALLOW,0.6367499881889671,1.3511250144802034,1.1011250026058406,,,2
A11-028,A11,ALLOW,ALLOW,ALLOW,0.6491249951068312,1.3205000141169876,1.103208982385695,,,2
A11-029,A11,ALLOW,ALLOW,ALLOW,0.6365419831126928,1.305999991018325,1.0704159794840962,,,2
