theta,tau,benign_step_up,benign_wrong_commit,attack_false_commit,attack_step_up,benign_n,attack_n,benign_step_k,attack_fc_k
0.4,0.0,0.0,0.11314984709480122,0.4574468085106383,0.0,654,282,0,129
0.4,0.01,0.13761467889908258,0.0,0.0,0.549645390070922,654,282,90,0
0.4,0.02,0.13761467889908258,0.0,0.0,0.549645390070922,654,282,90,0
0.4,0.03,0.13761467889908258,0.0,0.0,0.549645390070922,654,282,90,0
0.4,0.05,0.13761467889908258,0.0,0.0,0.549645390070922,654,282,90,0
0.4,0.075,0.13761467889908258,0.0,0.0,0.549645390070922,654,282,90,0
0.4,0.1,0.16666666666666666,0.0,0.0,0.6595744680851063,654,282,109,0
0.4,0.125,0.18042813455657492,0.0,0.0,0.7127659574468085,654,282,118,0
0.4,0.15,0.19877675840978593,0.0,0.0,0.776595744680851,654,282,130,0
0.4,0.2,0.24464831804281345,0.0,0.0,0.875886524822695,654,282,160,0
0.4,0.25,0.25382262996941896,0.0,0.0,0.8829787234042553,654,282,166,0
0.4,0.3,0.2874617737003058,0.0,0.0,0.925531914893617,654,282,188,0
0.4,0.4,0.37920489296636084,0.0,0.0,0.975177304964539,654,282,248,0
0.4,0.5,0.5871559633027523,0.0,0.0,0.9964539007092199,654,282,384,0
0.5,0.0,0.0,0.11314984709480122,0.4574468085106383,0.0,654,282,0,129
0.5,0.01,0.13761467889908258,0.0,0.0,0.549645390070922,654,282,90,0
0.5,0.02,0.13761467889908258,0.0,0.0,0.549645390070922,654,282,90,0
0.5,0.03,0.13761467889908258,0.0,0.0,0.549645390070922,654,282,90,0
0.5,0.05,0.13761467889908258,0.0,0.0,0.549645390070922,654,282,90,0
0.5,0.075,0.13761467889908258,0.0,0.0,0.549645390070922,654,282,90,0
0.5,0.1,0.16666666666666666,0.0,0.0,0.6595744680851063,654,282,109,0
0.5,0.125,0.18042813455657492,0.0,0.0,0.7127659574468085,654,282,118,0
0.5,0.15,0.19877675840978593,0.0,0.0,0.776595744680851,654,282,130,0
0.5,0.2,0.24464831804281345,0.0,0.0,0.875886524822695,654,282,160,0
0.5,0.25,0.25229357798165136,0.0,0.0,0.8829787234042553,654,282,165,0
0.5,0.3,0.28440366972477066,0.0,0.0,0.925531914893617,654,282,186,0
0.5,0.4,0.37155963302752293,0.0,0.0,0.975177304964539,654,282,243,0
0.5,0.5,0.5351681957186545,0.0,0.0,0.9893617021276596,654,282,350,0
0.6,0.0,0.0,0.11314984709480122,0.4574468085106383,0.0,654,282,0,129
0.6,0.01,0.13761467889908258,0.0,0.0,0.549645390070922,654,282,90,0
0.6,0.02,0.13761467889908258,0.0,0.0,0.549645390070922,654,282,90,0
0.6,0.03,0.13761467889908258,0.0,0.0,0.549645390070922,654,282,90,0
0.6,0.05,0.13761467889908258,0.0,0.0,0.549645390070922,654,282,90,0
0.6,0.075,0.13761467889908258,0.0,0.0,0.549645390070922,654,282,90,0
0.6,0.1,0.16666666666666666,0.0,0.0,0.6595744680851063,654,282,109,0
0.6,0.125,0.18042813455657492,0.0,0.0,0.7127659574468085,654,282,118,0
0.6,0.15,0.19877675840978593,0.0,0.0,0.776595744680851,654,282,130,0
0.6,0.2,0.24464831804281345,0.0,0.0,0.875886524822695,654,282,160,0
0.6,0.25,0.25076452599388377,0.0,0.0,0.8829787234042553,654,282,164,0
0.6,0.3,0.28287461773700306,0.0,0.0,0.925531914893617,654,282,185,0
0.6,0.4,0.3333333333333333,0.0,0.0,0.9680851063829787,654,282,218,0
0.6,0.5,0.3379204892966361,0.0,0.0,0.9680851063829787,654,282,221,0
0.7,0.0,0.0,0.11314984709480122,0.4574468085106383,0.0,654,282,0,129
0.7,0.01,0.13608562691131498,0.0,0.0,0.5425531914893617,654,282,89,0
0.7,0.02,0.13608562691131498,0.0,0.0,0.5425531914893617,654,282,89,0
0.7,0.03,0.13608562691131498,0.0,0.0,0.5425531914893617,654,282,89,0
0.7,0.05,0.13608562691131498,0.0,0.0,0.5425531914893617,654,282,89,0
0.7,0.075,0.13608562691131498,0.0,0.0,0.5425531914893617,654,282,89,0
0.7,0.1,0.1651376146788991,0.0,0.0,0.6524822695035462,654,282,108,0
0.7,0.125,0.17889908256880735,0.0,0.0,0.7056737588652482,654,282,117,0
0.7,0.15,0.19724770642201836,0.0,0.0,0.7695035460992907,654,282,129,0
0.7,0.2,0.24311926605504589,0.0,0.0,0.8687943262411347,654,282,159,0
0.7,0.25,0.24770642201834864,0.0,0.0,0.875886524822695,654,282,162,0
0.7,0.3,0.25229357798165136,0.0,0.0,0.8900709219858156,654,282,165,0
0.7,0.4,0.25229357798165136,0.0,0.0,0.8900709219858156,654,282,165,0
0.7,0.5,0.25382262996941896,0.0,0.0,0.8900709219858156,654,282,166,0
0.8,0.0,0.0,0.11314984709480122,0.4574468085106383,0.0,654,282,0,129
0.8,0.01,0.13608562691131498,0.0,0.0,0.5425531914893617,654,282,89,0
0.8,0.02,0.13608562691131498,0.0,0.0,0.5425531914893617,654,282,89,0
0.8,0.03,0.13608562691131498,0.0,0.0,0.5425531914893617,654,282,89,0
0.8,0.05,0.13608562691131498,0.0,0.0,0.5425531914893617,654,282,89,0
0.8,0.075,0.13608562691131498,0.0,0.0,0.5425531914893617,654,282,89,0
0.8,0.1,0.1651376146788991,0.0,0.0,0.6524822695035462,654,282,108,0
0.8,0.125,0.1743119266055046,0.0,0.0,0.6843971631205674,654,282,114,0
0.8,0.15,0.1743119266055046,0.0,0.0,0.6843971631205674,654,282,114,0
0.8,0.2,0.1819571865443425,0.0,0.0,0.7056737588652482,654,282,119,0
0.8,0.25,0.1819571865443425,0.0,0.0,0.7056737588652482,654,282,119,0
0.8,0.3,0.18501529051987767,0.0,0.0,0.7198581560283688,654,282,121,0
0.8,0.4,0.18501529051987767,0.0,0.0,0.7198581560283688,654,282,121,0
0.8,0.5,0.18501529051987767,0.0,0.0,0.7198581560283688,654,282,121,0
0.9,0.0,0.0,0.11314984709480122,0.4574468085106383,0.0,654,282,0,129
0.9,0.01,0.13608562691131498,0.0,0.0,0.5425531914893617,654,282,89,0
0.9,0.02,0.13608562691131498,0.0,0.0,0.5425531914893617,654,282,89,0
0.9,0.03,0.13608562691131498,0.0,0.0,0.5425531914893617,654,282,89,0
0.9,0.05,0.13608562691131498,0.0,0.0,0.5425531914893617,654,282,89,0
0.9,0.075,0.13608562691131498,0.0,0.0,0.5425531914893617,654,282,89,0
0.9,0.1,0.14067278287461774,0.0,0.0,0.5567375886524822,654,282,92,0
0.9,0.125,0.14678899082568808,0.0,0.0,0.5780141843971631,654,282,96,0
0.9,0.15,0.14678899082568808,0.0,0.0,0.5780141843971631,654,282,96,0
0.9,0.2,0.154434250764526,0.0,0.0,0.599290780141844,654,282,101,0
0.9,0.25,0.154434250764526,0.0,0.0,0.599290780141844,654,282,101,0
0.9,0.3,0.15749235474006115,0.0,0.0,0.6134751773049646,654,282,103,0
0.9,0.4,0.15749235474006115,0.0,0.0,0.6134751773049646,654,282,103,0
0.9,0.5,0.15749235474006115,0.0,0.0,0.6134751773049646,654,282,103,0
