auth_s,void_s,void_ok,backend
0.8754963749961462,0.48666708398377523,True,stripe-test-mode
1.0257761660031974,0.31244041700847447,True,stripe-test-mode
0.7084829999948852,0.37615770898992196,True,stripe-test-mode
0.7763740420050453,0.4239375829929486,True,stripe-test-mode
0.6778563329717144,0.3066906669992022,True,stripe-test-mode
0.819502124999417,0.30772129198885523,True,stripe-test-mode
0.7161310839874204,0.308165749971522,True,stripe-test-mode
0.8178962080273777,0.4429183749889489,True,stripe-test-mode
0.8896620419982355,0.2993104160123039,True,stripe-test-mode
0.8259152499958873,0.5118161249847617,True,stripe-test-mode
0.609531333000632,0.41481950000161305,True,stripe-test-mode
0.9755236250057351,0.46362095800577663,True,stripe-test-mode
0.7080479589931201,0.42265108300489374,True,stripe-test-mode
0.6599024999886751,0.38898908300325274,True,stripe-test-mode
0.6815677910053637,0.3629011249868199,True,stripe-test-mode
0.8123464160016738,0.4629731660243124,True,stripe-test-mode
0.76618987499387,0.4274637089984026,True,stripe-test-mode
0.6142530829820316,0.38431200000923127,True,stripe-test-mode
0.6788621250016149,0.507862667000154,True,stripe-test-mode
0.7186486249847803,0.4086037090164609,True,stripe-test-mode
1.0226758749922737,0.4105725419940427,True,stripe-test-mode
0.7169342090201098,0.43163666600594297,True,stripe-test-mode
0.6441216660023201,0.3707808750041295,True,stripe-test-mode
1.0119058749987744,0.5074355839751661,True,stripe-test-mode
0.7461325830081478,0.2663517920009326,True,stripe-test-mode
0.7320638330129441,0.40807937501813285,True,stripe-test-mode
0.9228084579808637,0.4093944579944946,True,stripe-test-mode
0.7188800419971813,0.30517245800001547,True,stripe-test-mode
0.6249360840010922,0.39839824999216944,True,stripe-test-mode
0.6658068340038881,0.8749967920011841,True,stripe-test-mode
