k_edges,derive_ms,verify_ms,bytes,ok,why
2,126.40925000000061,176.33187499999985,672,True,
2,126.68812500000058,144.49900000000343,672,True,
2,127.15766700000313,145.16545899999983,672,True,
2,126.74662499999977,159.30825099999856,672,True,
2,127.22354099999939,145.34087499999805,672,True,
2,124.37787599999865,142.89308299999902,672,True,
3,191.1376249999994,213.00875100000485,1040,True,
3,204.26474999999846,213.89929199999824,1040,True,
3,187.72279199999684,217.00320799999827,1040,True,
3,190.1071669999983,213.4708329999994,1040,True,
3,188.76579200000197,211.98745899999994,1040,True,
3,270.8270420000008,234.67083499999717,1040,True,
4,252.28774899999917,283.9172080000026,1408,True,
4,255.23720900000262,279.7143749999959,1408,True,
4,263.4927910000042,283.12495899999703,1408,True,
4,252.24020799999926,282.3097919999964,1408,True,
4,252.0057080000006,280.5430420000048,1408,True,
4,254.68312400000286,286.2795850000002,1408,True,
