case_id,kind,variant,structure,rail,premise_violation,config,intended,impersonated,verdict,stage,reasons,level,mode,undone,detected,breach_certificate,detect_reason,decision_ms,sig_checks,amount,t,executed,lands_legit_if_paid,diverted,loss,false_block,step_up,stepup_would_divert,m4,m4_stage,m4_verify_ms,m4_prove_ms,m4_proof_json_bytes,m4_total_ms,m3_pre
A9-003,A9,careless-domain-verifier,S4,card,False,M3,brand:zuclun.com,False,DENY,mtl,mtl-objection,2,,False,False,False,,1.5048,12,2102,24448901,False,False,False,False,False,False,False,DENY,admission:mtl-objection,0.0,0.0,,,DENY
A9-006,A9,careless-domain-verifier,S3,card,False,M3,brand:groufeex.com,False,STEP-UP,mtl,mtl-probation,2,,False,False,False,,2.1064,15,2736,24565001,False,False,False,False,False,True,True,STEP-UP,no-witness,0.0,0.0027919886633753777,,,STEP-UP
A9-010,A9,careless-domain-verifier,S3,card,False,M3,brand:staijeagri.com,False,DENY,mtl,mtl-objection,2,,False,False,False,,1.8664,12,5425,24565931,False,False,False,False,False,False,False,DENY,admission:mtl-objection,0.0,0.0,,,DENY
A9-008,A9,careless-domain-verifier,S9,card,False,M3,brand:graihal.com,False,STEP-UP,mtl,mtl-probation,2,,False,False,False,,1.914,15,3187,24918136,False,False,False,False,False,True,True,STEP-UP,no-witness,0.0,0.0022919848561286926,,,STEP-UP
A9-000,A9,careless-domain-verifier,S3,card,False,M3,brand:jouduna.com,True,STEP-UP,mtl,mtl-probation,2,,False,False,False,,1.9002,15,16832,25097642,False,False,False,False,False,True,True,STEP-UP,no-witness,0.0,0.00191599247045815,,,STEP-UP
A9-001,A9,careless-domain-verifier,S1,card,False,M3,brand:ceaseafis.co.uk,False,DENY,mtl,mtl-objection,2,,False,False,False,,1.6864,12,4949,25375097,False,False,False,False,False,False,False,DENY,admission:mtl-objection,0.0,0.0,,,DENY
A9-002,A9,careless-domain-verifier,S1,card,False,M3,brand:praiflea.com,True,DENY,mtl,mtl-objection,2,,False,False,False,,1.6842,12,4137,25379263,False,False,False,False,False,False,False,DENY,admission:mtl-objection,0.0,0.0,,,DENY
A9-007,A9,careless-domain-verifier,S1,card,False,M3,brand:bubinail.in,False,DENY,mtl,mtl-objection,2,,False,False,False,,1.6078,12,8423,25675608,False,False,False,False,False,False,False,DENY,admission:mtl-objection,0.0,0.0,,,DENY
A9-004,A9,careless-domain-verifier,S1,card,False,M3,brand:fevouna.com,False,DENY,mtl,mtl-objection,2,,False,False,False,,1.6229,12,1350,25756009,False,False,False,False,False,False,False,DENY,admission:mtl-objection,0.0,0.0,,,DENY
A9-011,A9,careless-domain-verifier,S1,card,False,M3,brand:wazand.com,False,STEP-UP,mtl,mtl-probation,2,,False,False,False,,1.7772,15,20612,25784512,False,False,False,False,False,True,True,STEP-UP,no-witness,0.0,0.007166992872953415,,,STEP-UP
A3-001,A3,swap-own-rap,S12,stablecoin,False,M3,brand:graijaiex.com,False,DENY,route/pav,path-to-different-entity,-1,,False,False,False,,1.3584,7,9039,25923204,False,False,False,False,False,False,False,DENY,membership-other-brand,0.0,0.0,,,DENY
benign-S12-002,benign,S12,S12,stablecoin,False,M3,brand:traprun.in,False,ALLOW,route,,2,PRE,False,False,False,,1.2477,7,2605,25924273,True,True,False,False,False,False,False,ALLOW,snark,10.519625007873401,570.4332500000019,725.0,584.5949170179665,ALLOW
A8-007,A8,currency,S1,card,False,M3,brand:bubinail.in,False,STEP-UP,route/pav,scope,-1,,False,False,False,,1.5199,10,982,25943579,False,False,False,False,False,True,True,STEP-UP,no-witness,0.0,0.002375018084421754,,,STEP-UP
A9-009,A9,careless-domain-verifier,S4,card,False,M3,brand:dumiotais.com,True,DENY,mtl,mtl-objection,2,,False,False,False,,1.8366,12,76212,25958867,False,False,False,False,False,False,False,DENY,admission:mtl-objection,0.0,0.0,,,DENY
A7-003,A7,fresh-snapshot,S3,card,False,M3,brand:jogruwouion.com,False,STEP-UP,route/pav,revoked,-1,,False,False,False,,1.4634,7,7322,25977289,False,False,False,False,False,True,True,STEP-UP,admission:revoked,0.0,0.0,,,STEP-UP
benign-S7-002,benign,S7,S7,psp_token,False,M3,brand:jaflelo.com,False,ALLOW,route,,2,POST,False,False,False,,2.6164,17,4064,25989106,True,True,False,False,False,False,False,ALLOW,snark,10.682125022867694,559.1769590000004,721.0,574.5341249858029,ALLOW
A8-005,A8,geo,S4,card,False,M3,brand:focliolo.com,False,STEP-UP,route/pav,scope,-1,,False,False,False,,1.5118,10,3332,26001755,False,False,False,False,False,True,True,STEP-UP,no-witness,0.0,0.002583983587101102,,,STEP-UP
benign-S6-001,benign,S6,S6,bnpl,False,M3,brand:stetrust.com,True,ALLOW,route,,2,PRE,False,False,False,,2.4856,14,4067,26007641,True,True,False,False,False,False,False,ALLOW,snark,9.545542008709162,564.9223750000019,723.0,579.103792028036,ALLOW
benign-S2-008,benign,S2,S2,a2a_instant,False,M3,brand:citreava.com,False,ALLOW,route,,2,PRE,False,False,False,,1.7004,7,2618,26023015,True,True,False,False,False,False,False,ALLOW,snark,9.80545801576227,551.0029160000013,720.0,564.7152080200613,ALLOW
A9-005,A9,careless-domain-verifier,S1,card,False,M3,brand:kaizear.co.uk,False,DENY,mtl,mtl-objection,2,,False,False,False,,1.9427,12,7889,26032015,False,False,False,False,False,False,False,DENY,admission:mtl-objection,0.0,0.0,,,DENY
A1-007,A1,hyphenation,S9,card,False,M3,brand:budroulear.co.uk,True,STEP-UP,cba,cba-domain-identity-age,-1,,False,False,False,,0.6517,0,2989,26035387,False,False,False,False,False,True,True,STEP-UP,cba,0.0,0.0,,,STEP-UP
A12-001,A12,stablecoin:stale-authority,S12,stablecoin,False,M3,brand:houcouclus.in,True,STEP-UP,route/pav,status-stale,-1,,False,False,False,,0.8531,4,2770,26045193,False,False,False,False,False,True,True,STEP-UP,admission:revoked,0.0,0.0,,,STEP-UP
A1-002,A1,typo-swap,S1,card,False,M3,brand:proumeion.com,True,DENY,route/pav,path-to-different-entity,-1,,False,False,False,,1.3963,7,13371,26055449,False,False,False,False,False,False,False,DENY,membership-other-brand,0.0,0.0,,,DENY
A12-000,A12,a2a_instant:stale-authority,S2,a2a_instant,False,M3,brand:kesain.co.uk,False,STEP-UP,route/pav,status-stale,-1,,False,False,False,,0.6119,4,4900,26060941,False,False,False,False,False,True,True,STEP-UP,admission:revoked,0.0,0.0,,,STEP-UP
benign-S5-009,benign,S5,S5,card,False,M3,brand:quoujaina.com,True,ALLOW,route,,2,POST,False,False,False,,2.4825,14,988,26112618,True,True,False,False,False,False,False,ALLOW,snark,8.49395798286423,555.9686660000007,722.0,569.0890419937205,ALLOW
benign-S12-000,benign,S12,S12,stablecoin,False,M3,brand:goteast.com,True,ALLOW,route,,2,ESCROW,False,False,False,,1.7926,7,3177,26114859,True,True,False,False,False,False,False,ALLOW,snark,13.212708989158273,556.4955000000009,724.0,573.6360830196645,ALLOW
benign-S12-006,benign,S12,S12,stablecoin,False,M3,brand:flezeion.com,False,ALLOW,route,,2,ESCROW,False,False,False,,1.966,7,3010,26132816,True,True,False,False,False,False,False,ALLOW,snark,10.057541978312656,557.9225000000006,720.0,572.1512500022072,ALLOW
benign-S7-003,benign,S7,S7,card,False,M3,brand:pugrost.com,False,ALLOW,route,,2,POST,False,False,False,,2.8118,17,4186,26144180,True,True,False,False,False,False,False,ALLOW,snark,9.86154199927114,556.5031250000029,725.0,571.1452919931617,ALLOW
benign-S12-007,benign,S12,S12,stablecoin,False,M3,brand:veataifis.com,False,ALLOW,route,,2,ESCROW,False,False,False,,1.9975,7,3237,26145828,True,True,False,False,False,False,False,ALLOW,snark,10.499041003640741,560.1575000000012,722.0,574.8883339983877,ALLOW
A4-010,A4,feed-own-rap,S1,psp_token,False,M3,brand:heagiex.com,True,DENY,route/pav,path-to-different-entity,-1,,False,False,False,,1.2585,7,3436,26148703,False,False,False,False,False,False,False,DENY,membership-other-brand,0.0,0.0,,,DENY
A5-007,A5,entity-rap,S9,card,False,M3,brand:budroulear.co.uk,True,STEP-UP,cba,cba-domain-identity-age,-1,,False,False,False,,0.6562,0,2075,26153303,False,False,False,False,False,True,True,STEP-UP,cba,0.0,0.0,,,STEP-UP
benign-S5-008,benign,S5,S5,card,False,M3,brand:gaicleva.com,False,ALLOW,route,,2,POST,False,False,False,,2.5363,14,16440,26160946,True,True,False,False,False,False,False,ALLOW,snark,10.72941700113006,573.1200830000016,724.0,588.4379170020111,ALLOW
benign-S8-000,benign,S8,S8,card,False,M3,brand:badougeax.com,False,ALLOW,route,,2,POST,False,False,False,,2.6178,14,14834,26167978,True,True,False,False,False,False,False,ALLOW,snark,8.729708002647385,556.680207999998,722.0,569.9879160092678,ALLOW
benign-S13-006,benign,S13,S13,card,False,M3,brand:ruheana.com,False,ALLOW,route,,2,POST,False,False,False,,2.2136,11,2571,26180240,True,True,False,False,False,False,False,ALLOW,snark,9.354541980428621,552.6180000000022,724.0,566.4468329923693,ALLOW
benign-S3-007,benign,S3,S3,psp_token,False,M3,brand:jouduna.com,True,ALLOW,route,,2,POST,False,False,False,,2.873,17,3708,26181502,True,True,False,False,False,False,False,ALLOW,snark,10.310458019375801,574.8491250000006,723.0,589.9459170177579,ALLOW
benign-S12-005,benign,S12,S12,stablecoin,False,M3,brand:cloquinuex.in,False,ALLOW,route,,2,ESCROW,False,False,False,,2.0074,7,22371,26187942,True,True,False,False,False,False,False,ALLOW,snark,9.79266598005779,562.3654999999999,724.0,576.2656669830903,ALLOW
benign-S5-000,benign,S5,S5,card,False,M3,brand:moujim.com,False,ALLOW,route,,2,POST,False,False,False,,2.4938,14,4694,26190221,True,True,False,False,False,False,False,ALLOW,snark,10.266416007652879,564.1882909999986,725.0,578.9291250112001,ALLOW
benign-S5-007,benign,S5,S5,card,False,M3,brand:flionouna.com,False,ALLOW,route,,2,POST,False,False,False,,2.7433,14,18231,26193110,True,True,False,False,False,False,False,ALLOW,snark,9.48245800100267,583.958541999993,724.0,598.1789579964243,ALLOW
A12-005,A12,stablecoin:stale-authority,S12,stablecoin,False,M3,brand:keazis.com,False,STEP-UP,route/pav,status-stale,-1,,False,False,False,,0.8984,4,8478,26220705,False,False,False,False,False,True,True,STEP-UP,admission:revoked,0.0,0.0,,,STEP-UP
benign-S1-006,benign,S1,S1,psp_token,False,M3,brand:sukaix.com,False,ALLOW,route,,2,POST,False,False,False,,1.7486,11,8329,26223872,True,True,False,False,False,False,False,ALLOW,snark,10.254499997245148,580.7445000000007,724.0,594.9304999958258,ALLOW
A3-002,A3,swap-no-rap,S2,a2a_instant,False,M3,brand:laiheva.com,True,STEP-UP,route,no-path,-1,,False,False,False,,0.5708,0,4922,26245882,False,False,False,False,False,True,True,STEP-UP,no-proof,0.0,0.0,,,STEP-UP
A5-010,A5,no-rap,S1,card,False,M3,brand:toulais.com,False,STEP-UP,route,no-path,-1,,False,False,False,,0.5085,0,5254,26250603,False,False,False,False,False,True,True,STEP-UP,no-proof,0.0,0.0,,,STEP-UP
benign-S2-005,benign,S2,S2,a2a_instant,False,M3,brand:cofork.in,False,ALLOW,route,,2,ESCROW,False,False,False,,1.3529,7,7560,26255757,True,True,False,False,False,False,False,ALLOW,snark,11.507125018397346,576.8957910000026,723.0,592.0580830133986,ALLOW
A4-011,A4,feed-no-rap,S1,psp_token,False,M3,brand:touzepist.com,True,STEP-UP,route,no-path,-1,,False,False,False,,0.5353,0,61832,26294142,False,False,False,False,False,True,True,STEP-UP,no-proof,0.0,0.0,,,STEP-UP
benign-S11-001,benign,S11,S11,card,False,M3,brand:pipais.com,False,STEP-UP,route,no-path,-1,,False,False,False,,0.3988,0,3018,26300098,False,True,False,False,False,True,False,STEP-UP,no-proof,0.0,0.0,,,STEP-UP
benign-S7-006,benign,S7,S7,card,False,M3,brand:cioround.co.uk,False,ALLOW,route,,2,POST,False,False,False,,2.9172,17,1060,26300691,True,True,False,False,False,False,False,ALLOW,snark,11.784416012233123,568.5031250000029,721.0,585.1788330182899,ALLOW
benign-S4-009,benign,S4,S4,card,False,M3,brand:wipoex.com,True,ALLOW,route,,2,POST,False,False,False,,2.1207,11,12705,26307240,True,True,False,False,False,False,False,ALLOW,snark,10.080458014272153,567.9310000000041,723.0,582.186667015776,ALLOW
A5-011,A5,entity-rap,S3,card,False,M3,brand:neamiona.in,False,STEP-UP,route/pav,grammar:AG before principal,-1,,False,False,False,,1.1819,4,10932,26308712,False,False,False,False,False,True,True,STEP-UP,admission:no-brand-root,0.0,0.0,,,STEP-UP
benign-S5-006,benign,S5,S5,card,False,M3,brand:gaicleva.com,False,ALLOW,route,,2,POST,False,False,False,,2.5675,14,4312,26314777,True,True,False,False,False,False,False,ALLOW,snark,8.618166990345344,570.1288340000028,722.0,583.4162080136593,ALLOW
benign-S2-001,benign,S2,S2,a2a_instant,False,M3,brand:gazealo.com,False,ALLOW,route,,2,ESCROW,False,False,False,,1.5503,7,10443,26321635,True,True,False,False,False,False,False,ALLOW,snark,9.43737497436814,589.6235840000008,723.0,602.8288749803323,ALLOW
A3-007,A3,swap-own-rap,S3,psp_token,False,M3,brand:gutrail.com,True,DENY,route/pav,path-to-different-entity,-1,,False,False,False,,1.401,7,8802,26366400,False,False,False,False,False,False,False,DENY,membership-other-brand,0.0,0.0,,,DENY
benign-S13-003,benign,S13,S13,card,False,M3,brand:dreafaira.com,True,ALLOW,route,,2,POST,False,False,False,,2.3129,11,2026,26368118,True,True,False,False,False,False,False,ALLOW,snark,10.198875010246411,567.5965830000059,726.0,582.3314579902217,ALLOW
A7-006,A7,stale-snapshot,S3,card,False,M3,brand:wotrupu.com,True,STEP-UP,route/pav,status-stale,-1,,False,False,False,,0.608,4,1259,26373267,False,False,False,False,False,True,True,STEP-UP,admission:revoked,0.0,0.0,,,STEP-UP
benign-S13-001,benign,S13,S13,card,False,M3,brand:ruheana.com,False,ALLOW,route,,2,POST,False,False,False,,2.1802,11,300,26379541,True,True,False,False,False,False,False,ALLOW,snark,10.933916986687109,563.2902079999985,722.0,578.6553339858074,ALLOW
benign-S4-004,benign,S4,S4,card,False,M3,brand:weaprearair.in,False,ALLOW,route,,2,POST,False,False,False,,2.5589,11,12193,26397200,True,True,False,False,False,False,False,ALLOW,snark,8.536542009096593,562.1594999999943,722.0,575.2555420040153,ALLOW
benign-S1-003,benign,S1,S6,card,False,M3,brand:stetrust.com,True,ALLOW,route,,2,POST,False,False,False,,2.3477,11,20377,26400729,True,True,False,False,False,False,False,ALLOW,snark,9.224374982295558,556.2801250000048,726.0,569.8688749980647,ALLOW
benign-S5-003,benign,S5,S5,psp_token,False,M3,brand:leazax.com,True,ALLOW,route,,2,POST,False,False,False,,2.4744,14,9056,26402053,True,True,False,False,False,False,False,ALLOW,snark,10.235499998088926,557.0106250000026,723.0,571.6146659979131,ALLOW
benign-S3-002,benign,S3,S3,psp_token,False,M3,brand:proweal.com,False,ALLOW,route,,2,POST,False,False,False,,2.9346,17,6019,26408765,True,True,False,False,False,False,False,ALLOW,snark,10.902375011937693,559.1190410000054,722.0,574.8768339981325,ALLOW
A8-011,A8,ceiling,S12,card,False,M3,brand:keazis.com,False,STEP-UP,route/pav,scope,-1,,False,False,False,,1.3043,10,406213,26409961,False,False,False,False,False,True,True,STEP-UP,no-witness,0.0,0.002415996277704835,,,STEP-UP
A4-001,A4,feed-no-rap,S12,stablecoin,False,M3,brand:keazis.com,False,STEP-UP,route,no-path,-1,,False,False,False,,0.2688,0,4499,26410010,False,False,False,False,False,True,True,STEP-UP,no-proof,0.0,0.0,,,STEP-UP
benign-S8-004,benign,S8,S8,card,False,M3,brand:nigound.com,True,ALLOW,route,,2,POST,False,False,False,,2.4059,14,2584,26417343,True,True,False,False,False,False,False,ALLOW,snark,10.065625014249235,555.877790999999,722.0,570.5184169928543,ALLOW
benign-S8-007,benign,S8,S8,card,False,M3,brand:quimetealo.co.uk,False,ALLOW,route,,2,POST,False,False,False,,2.8097,14,16921,26419884,True,True,False,False,False,False,False,ALLOW,snark,9.558916004607454,556.7997499999983,722.0,571.1467080109287,ALLOW
A3-005,A3,swap-no-rap,S13,card,False,M3,brand:ruheana.com,False,STEP-UP,route,no-path,-1,,False,False,False,,0.5729,0,2580,26445935,False,False,False,False,False,True,True,STEP-UP,no-proof,0.0,0.0,,,STEP-UP
benign-S8-006,benign,S8,S8,card,False,M3,brand:nigound.com,True,ALLOW,route,,2,POST,False,False,False,,2.5449,14,1590,26461120,True,True,False,False,False,False,False,ALLOW,snark,10.238040995318443,561.4096250000002,723.0,576.30645899917,ALLOW
A5-001,A5,entity-rap,S9,card,False,M3,brand:tiogroust.com,True,STEP-UP,route/pav,grammar:AG before principal,-1,,False,False,False,,1.0948,4,581,26461693,False,False,False,False,False,True,True,STEP-UP,admission:no-brand-root,0.0,0.0,,,STEP-UP
benign-S2-007,benign,S2,S2,a2a_instant,False,M3,brand:bruprou.com,False,ALLOW,route,,2,ESCROW,False,False,False,,1.6124,7,2898,26466954,True,True,False,False,False,False,False,ALLOW,snark,9.363333025248721,557.1577909999978,721.0,570.5210419837385,ALLOW
A11-006,A11,transaction-laundering,S7,card,False,M3,brand:numaisealo.com,False,ALLOW,route,,2,POST,True,True,False,first-hop,3.2957,17,3872,26469999,True,False,True,False,False,False,False,ALLOW,snark,10.18395900609903,555.7319580000039,723.0,571.0657919989899,ALLOW
benign-S2-000,benign,S2,S2,a2a_instant,False,M3,brand:laiheva.com,True,ALLOW,route,,2,ESCROW,False,False,False,,1.6762,7,14743,26481199,True,True,False,False,False,False,False,ALLOW,snark,9.37624997459352,564.4842080000017,722.0,577.7819580107462,ALLOW
A12-010,A12,a2a_instant:late-revocation,S2,a2a_instant,False,M3,brand:citreava.com,False,ALLOW,route,,2,ESCROW,True,True,False,late-evidence,1.8942,7,11578,26495870,True,False,True,False,False,False,False,ALLOW,snark,10.309208009857684,560.6057909999945,724.0,574.9043329851702,ALLOW
benign-S7-005,benign,S7,S7,psp_token,False,M3,brand:niodefeam.com,True,ALLOW,route,,2,POST,False,False,False,,3.0595,17,10051,26502377,True,True,False,False,False,False,False,ALLOW,snark,8.659041981445625,559.2970830000049,724.0,573.1008329894394,ALLOW
A6-004,A6,a2a-invoice-account,S2,a2a_instant,False,M3,brand:bruprou.com,False,STEP-UP,route,no-path,-1,,False,False,False,,0.5951,0,8749,26514231,False,False,False,False,False,True,True,STEP-UP,no-proof,0.0,0.0,,,STEP-UP
benign-S7-007,benign,S7,S7,psp_token,False,M3,brand:qualamoux.com,True,ALLOW,route,,2,POST,False,False,False,,3.0248,17,7946,26518139,True,True,False,False,False,False,False,ALLOW,snark,9.019749995786697,568.9500000000044,722.0,582.9403749958146,ALLOW
benign-S9-008,benign,S9,S9,card,False,M3,brand:drisiion.com,True,ALLOW,route,,2,POST,False,False,False,,2.4013,11,27683,26519786,True,True,False,False,False,False,False,ALLOW,snark,10.742457991000265,556.0259579999984,723.0,571.2373749993276,ALLOW
benign-S4-005,benign,S4,S4,card,False,M3,brand:focliolo.com,False,ALLOW,route,,2,POST,False,False,False,,2.3045,11,7234,26541163,True,True,False,False,False,False,False,ALLOW,snark,8.624125010101125,565.7872080000016,725.0,578.8280419947114,ALLOW
benign-S3-000,benign,S3,S3,card,False,M3,brand:husend.com,True,ALLOW,route,,2,POST,False,False,False,,2.6928,17,1620,26589094,True,True,False,False,False,False,False,ALLOW,snark,10.494332993403077,551.7701669999951,727.0,566.9138749944977,ALLOW
benign-S7-000,benign,S7,S7,card,False,M3,brand:teapiostal.co.uk,False,ALLOW,route,,2,POST,False,False,False,,2.8187,17,15042,26589669,True,True,False,False,False,False,False,ALLOW,snark,8.680667000589892,571.9244160000017,722.0,585.3810839762446,ALLOW
benign-S3-008,benign,S3,S3,card,False,M3,brand:neamiona.in,False,ALLOW,route,,2,POST,False,False,False,,3.0482,17,5402,26590917,True,True,False,False,False,False,False,ALLOW,snark,10.671500000171363,557.2307920000021,725.0,572.8574999957345,ALLOW
benign-S8-005,benign,S8,S8,card,False,M3,brand:nigound.com,True,ALLOW,route,,2,POST,False,False,False,,2.5782,14,7956,26625402,True,True,False,False,False,False,False,ALLOW,snark,10.30958301271312,560.4040420000019,724.0,575.3112089878414,ALLOW
A4-007,A4,feed-no-rap,S3,psp_token,False,M3,brand:proweal.com,False,STEP-UP,route,no-path,-1,,False,False,False,,0.545,0,16147,26655925,False,False,False,False,False,True,True,STEP-UP,no-proof,0.0,0.0,,,STEP-UP
benign-S6-008,benign,S6,S6,bnpl,False,M3,brand:pizalu.com,False,ALLOW,route,,2,PRE,False,False,False,,2.1244,14,9018,26666245,True,True,False,False,False,False,False,ALLOW,snark,10.132832976523787,558.963499999998,722.0,573.3085419924464,ALLOW
A5-003,A5,entity-rap,S3,card,False,M3,brand:wifim.in,True,STEP-UP,route/pav,grammar:AG before principal,-1,,False,False,False,,0.8052,4,7541,26678485,False,False,False,False,False,True,True,STEP-UP,admission:no-brand-root,0.0,0.0,,,STEP-UP
A4-003,A4,feed-no-rap,S12,stablecoin,False,M3,brand:cloquinuex.in,False,STEP-UP,route,no-path,-1,,False,False,False,,0.7201,0,672,26706533,False,False,False,False,False,True,True,STEP-UP,no-proof,0.0,0.0,,,STEP-UP
benign-S1-007,benign,S1,S6,psp_token,False,M3,brand:traitruvist.com,True,ALLOW,route,,2,POST,False,False,False,,2.3525,11,5931,26710215,True,True,False,False,False,False,False,ALLOW,snark,8.52725000004284,567.3899579999998,723.0,580.4377500026021,ALLOW
A5-009,A5,entity-rap,S3,card,False,M3,brand:staijeagri.com,False,STEP-UP,route/pav,grammar:AG before principal,-1,,False,False,False,,1.184,4,13314,26718381,False,False,False,False,False,True,True,STEP-UP,admission:no-brand-root,0.0,0.0,,,STEP-UP
A4-002,A4,feed-own-rap,S1,wallet,False,M3,brand:cliojeara.com,True,STEP-UP,cba,cba-domain-identity-age,-1,,False,False,False,,0.6258,0,2350,26729843,False,False,False,False,False,True,True,STEP-UP,cba,0.0,0.0,,,STEP-UP
benign-S5-004,benign,S5,S5,psp_token,False,M3,brand:draraira.in,False,ALLOW,route,,2,POST,False,False,False,,2.5702,14,4937,26758214,True,True,False,False,False,False,False,ALLOW,snark,9.654416993726045,559.8004579999979,720.0,575.0097499985714,ALLOW
A6-001,A6,a2a-invoice-account,S2,a2a_instant,False,M3,brand:bruprou.com,False,DENY,route/pav,payee-mismatch,-1,,False,False,False,,1.3089,6,14137,26763676,False,False,False,False,False,False,False,DENY,beta,0.0,0.0,,,DENY
A6-007,A6,a2a-invoice-account,S2,a2a_instant,False,M3,brand:citreava.com,False,DENY,route/pav,payee-mismatch,-1,,False,False,False,,1.1485,6,4422,26766924,False,False,False,False,False,False,False,DENY,beta,0.0,0.0,,,DENY
A1-010,A1,typo-swap,S3,card,False,M3,brand:husend.com,True,DENY,route/pav,path-to-different-entity,-1,,False,False,False,,0.9803,7,2140,26769330,False,False,False,False,False,False,False,DENY,membership-other-brand,0.0,0.0,,,DENY
benign-S6-000,benign,S6,S6,bnpl,False,M3,brand:flagaidro.com,True,ALLOW,route,,2,PRE,False,False,False,,2.4957,14,3695,26779138,True,True,False,False,False,False,False,ALLOW,snark,10.135207994608209,566.3533749999988,720.0,581.0833330033347,ALLOW
A1-000,A1,homoglyph,S1,wallet,False,M3,brand:praiflea.com,True,DENY,route/pav,path-to-different-entity,-1,,False,False,False,,1.3009,7,13710,26815400,False,False,False,False,False,False,False,DENY,membership-other-brand,0.0,0.0,,,DENY
A6-010,A6,a2a-invoice-account,S2,a2a_instant,False,M3,brand:laiheva.com,True,STEP-UP,route,no-path,-1,,False,False,False,,0.5342,0,1895,26846230,False,False,False,False,False,True,True,STEP-UP,no-proof,0.0,0.0,,,STEP-UP
benign-S4-002,benign,S4,S4,card,False,M3,brand:nalaist.com,False,ALLOW,route,,2,POST,False,False,False,,2.1186,11,6151,26882468,True,True,False,False,False,False,False,ALLOW,snark,9.228375012753531,560.8975840000057,720.0,574.4184169743676,ALLOW
A8-009,A8,rail,S9,psp_token,False,M3,brand:hidelir.com,True,STEP-UP,route/pav,scope,-1,,False,False,False,,1.2049,10,689,26896021,False,False,False,False,False,True,True,STEP-UP,no-witness,0.0,0.002542015863582492,,,STEP-UP
A7-002,A7,stale-snapshot,S3,card,False,M3,brand:jouduna.com,True,STEP-UP,route/pav,status-stale,-1,,False,False,False,,0.7722,4,3344,26896243,False,False,False,False,False,True,True,STEP-UP,admission:revoked,0.0,0.0,,,STEP-UP
A11-001,A11,acquirer-level-swap,S4,card,False,M3,brand:nalaist.com,False,ALLOW,route,,2,POST,True,True,False,first-hop,2.2512,11,14669,26912164,True,False,True,False,False,False,False,ALLOW,snark,10.101042018504813,557.9099589999969,723.0,572.3376669920981,ALLOW
benign-S10-000,benign,S10,S10,card,False,M3,brand:grioniond.com,False,STEP-UP,mtl,mtl-probation,2,,False,False,False,,2.3883,15,28536,26913385,False,True,False,False,False,True,False,STEP-UP,no-witness,0.0,0.002874992787837982,,,STEP-UP
A1-011,A1,typo-repeat,S1,wallet,False,M3,brand:proumeion.com,True,DENY,route/pav,path-to-different-entity,-1,,False,False,False,,1.3648,7,4695,26915094,False,False,False,False,False,False,False,DENY,membership-other-brand,0.0,0.0,,,DENY
A8-010,A8,geo,S1,card,False,M3,brand:dratibar.in,False,STEP-UP,route/pav,scope,-1,,False,False,False,,1.4705,10,6833,26942981,False,False,False,False,False,True,True,STEP-UP,no-witness,0.0,0.002083979779854417,,,STEP-UP
benign-S9-000,benign,S9,S9,card,False,M3,brand:tiogroust.com,True,ALLOW,route,,2,POST,False,False,False,,2.2535,11,37984,26943831,True,True,False,False,False,False,False,ALLOW,snark,9.222583001246676,563.4125409999979,725.0,577.024625003105,ALLOW
A4-009,A4,feed-no-rap,S1,wallet,False,M3,brand:heagiex.com,True,STEP-UP,route,no-path,-1,,False,False,False,,0.6015,0,12407,26953616,False,False,False,False,False,True,True,STEP-UP,no-proof,0.0,0.0,,,STEP-UP
benign-S12-004,benign,S12,S12,stablecoin,False,M3,brand:houcouclus.in,True,ALLOW,route,,2,ESCROW,False,False,False,,1.8058,7,10618,26962340,True,True,False,False,False,False,False,ALLOW,snark,8.605874987551942,567.8929169999974,719.0,580.4019999923185,ALLOW
benign-S11-007,benign,S11,S11,card,False,M3,brand:gragaiex.co.uk,False,STEP-UP,route,no-path,-1,,False,False,False,,0.625,0,9139,26973793,False,True,False,False,False,True,False,STEP-UP,no-proof,0.0,0.0,,,STEP-UP
A12-004,A12,a2a_instant:stale-authority,S2,a2a_instant,False,M3,brand:kesain.co.uk,False,STEP-UP,route/pav,status-stale,-1,,False,False,False,,0.569,4,17394,26974844,False,False,False,False,False,True,True,STEP-UP,admission:revoked,0.0,0.0,,,STEP-UP
A11-007,A11,acquirer-level-swap,S3,card,False,M3,brand:valora.in,False,ALLOW,route,,2,POST,True,True,False,first-hop,2.8332,17,4244,26980996,True,False,True,False,False,False,False,ALLOW,snark,10.915416991338134,563.5941670000029,723.0,579.1974170133471,ALLOW
benign-S13-004,benign,S13,S13,card,False,M3,brand:stukuion.com,False,ALLOW,route,,2,POST,False,False,False,,2.4029,11,5024,26993808,True,True,False,False,False,False,False,ALLOW,snark,10.288917022990063,567.3444589999999,722.0,582.143667008495,ALLOW
A8-001,A8,ceiling,S9,card,False,M3,brand:logon.com,False,STEP-UP,route/pav,scope,-1,,False,False,False,,1.5023,10,676676,27007361,False,False,False,False,False,True,True,STEP-UP,no-witness,0.0,0.002374988980591297,,,STEP-UP
A7-007,A7,fresh-snapshot,S1,card,False,M3,brand:dratibar.in,False,STEP-UP,route/pav,revoked,-1,,False,False,False,,1.1705,7,35187,27010766,False,False,False,False,False,True,True,STEP-UP,admission:revoked,0.0,0.0,,,STEP-UP
A7-010,A7,stale-snapshot,S4,card,False,M3,brand:boujeadava.com,False,STEP-UP,route/pav,status-stale,-1,,False,False,False,,1.0499,4,3265,27028721,False,False,False,False,False,True,True,STEP-UP,admission:revoked,0.0,0.0,,,STEP-UP
benign-S9-007,benign,S9,S9,card,False,M3,brand:recera.com,False,ALLOW,route,,2,POST,False,False,False,,1.8733,11,19215,27037254,True,True,False,False,False,False,False,ALLOW,snark,10.035291983513162,561.2641670000012,720.0,575.2801250200719,ALLOW
A3-000,A3,swap-keep-rap,S2,a2a_instant,False,M3,brand:gazealo.com,False,DENY,route/pav,payee-mismatch,-1,,False,False,False,,1.1198,6,6824,27045046,False,False,False,False,False,False,False,DENY,beta,0.0,0.0,,,DENY
benign-S9-003,benign,S9,S9,card,False,M3,brand:graihal.com,False,ALLOW,route,,2,POST,False,False,False,,2.1787,11,3128,27055124,True,True,False,False,False,False,False,ALLOW,snark,10.172167007112876,552.0545420000053,723.0,566.5034170087893,ALLOW
benign-S12-003,benign,S12,S12,stablecoin,False,M3,brand:graijaiex.com,False,ALLOW,route,,2,ESCROW,False,False,False,,1.9375,7,4427,27062109,True,True,False,False,False,False,False,ALLOW,snark,10.390790994279087,566.4306670000005,727.0,580.8619580056984,ALLOW
A4-005,A4,feed-no-rap,S9,card,False,M3,brand:budroulear.co.uk,True,STEP-UP,cba,cba-domain-identity-age,-1,,False,False,False,,0.6984,0,10165,27065571,False,False,False,False,False,True,True,STEP-UP,cba,0.0,0.0,,,STEP-UP
benign-S2-004,benign,S2,S2,a2a_instant,False,M3,brand:jigraihean.com,False,ALLOW,route,,2,ESCROW,False,False,False,,1.8238,7,6586,27076213,True,True,False,False,False,False,False,ALLOW,snark,10.185624996665865,562.7497089999961,722.0,577.0647499884944,ALLOW
benign-S9-005,benign,S9,S9,card,False,M3,brand:dovand.com,False,ALLOW,route,,2,POST,False,False,False,,2.2104,11,15263,27093772,True,True,False,False,False,False,False,ALLOW,snark,9.237083984771743,606.2061250000042,723.0,619.715292006731,ALLOW
benign-S8-008,benign,S8,S8,card,False,M3,brand:quimetealo.co.uk,False,ALLOW,route,,2,POST,False,False,False,,2.9406,14,3270,27102263,True,True,False,False,False,False,False,ALLOW,snark,10.236583999358118,558.227208999997,724.0,573.3195409993641,ALLOW
benign-S9-006,benign,S9,S9,card,False,M3,brand:prejos.com,False,ALLOW,route,,2,POST,False,False,False,,2.1626,11,2391,27125778,True,True,False,False,False,False,False,ALLOW,snark,10.655458987457678,556.6427089999997,723.0,571.5593750064727,ALLOW
A1-008,A1,semantic-twin,S9,card,False,M3,brand:drisiion.com,True,DENY,route/pav,path-to-different-entity,-1,,False,False,False,,1.427,7,6353,27141026,False,False,False,False,False,False,False,DENY,membership-other-brand,0.0,0.0,,,DENY
A8-008,A8,mcc,S9,card,False,M3,brand:broutrova.co.uk,False,STEP-UP,route/pav,scope,-1,,False,False,False,,1.567,10,5197,27141459,False,False,False,False,False,True,True,STEP-UP,no-witness,0.0,0.0024579931050539017,,,STEP-UP
A6-002,A6,coin-payto-change,S12,stablecoin,False,M3,brand:houcouclus.in,True,STEP-UP,route,no-path,-1,,False,False,False,,0.3895,0,1457,27172868,False,False,False,False,False,True,True,STEP-UP,no-proof,0.0,0.0,,,STEP-UP
benign-S1-005,benign,S1,S6,psp_token,False,M3,brand:gridiofloux.co.uk,True,ALLOW,route,,2,POST,False,False,False,,2.4146,11,1657,27175657,True,True,False,False,False,False,False,ALLOW,snark,8.631250006146729,596.8711669999975,721.0,610.1252500084229,ALLOW
A1-001,A1,typo-omission,S12,stablecoin,False,M3,brand:goteast.com,True,DENY,route/pav,path-to-different-entity,-1,,False,False,False,,1.4465,7,4243,27180162,False,False,False,False,False,False,False,DENY,membership-other-brand,0.0,0.0,,,DENY
A5-005,A5,entity-rap,S4,card,False,M3,brand:refoureand.com,True,STEP-UP,route/pav,grammar:AG before principal,-1,,False,False,False,,1.0487,4,2669,27185632,False,False,False,False,False,True,True,STEP-UP,admission:no-brand-root,0.0,0.0,,,STEP-UP
benign-S12-008,benign,S12,S12,stablecoin,False,M3,brand:traprun.in,False,ALLOW,route,,2,ESCROW,False,False,False,,1.2828,7,3188,27192150,True,True,False,False,False,False,False,ALLOW,snark,10.819290997460485,574.2366249999977,722.0,588.6313749942929,ALLOW
A4-006,A4,feed-own-rap,S1,psp_token,False,M3,brand:dratibar.in,False,DENY,route/pav,path-to-different-entity,-1,,False,False,False,,1.3178,7,10423,27198576,False,False,False,False,False,False,False,DENY,membership-other-brand,0.0,0.0,,,DENY
A11-005,A11,acquirer-level-swap,S4,card,False,M3,brand:wikava.com,True,ALLOW,route,,2,POST,True,True,False,first-hop,2.2624,11,7556,27203432,True,False,True,False,False,False,False,ALLOW,snark,10.320249974029139,570.2740420000046,723.0,585.0811249983963,ALLOW
benign-S10-009,benign,S10,S10,card,False,M3,brand:grioniond.com,False,ALLOW,route,,2,POST,False,False,False,,2.4787,11,10211,27203796,True,True,False,False,False,False,False,ALLOW,snark,8.80579199292697,571.4150839999929,723.0,584.7053749894258,ALLOW
A8-006,A8,ceiling,S12,card,False,M3,brand:traprun.in,False,STEP-UP,route/pav,scope,-1,,False,False,False,,1.3053,10,746848,27214275,False,False,False,False,False,True,True,STEP-UP,no-witness,0.0,0.0026249908842146397,,,STEP-UP
benign-S6-004,benign,S6,S6,bnpl,False,M3,brand:fouclork.com,True,ALLOW,route,,2,PRE,False,False,False,,2.7272,14,1274,27299587,True,True,False,False,False,False,False,ALLOW,snark,8.914457983337343,573.3597500000033,722.0,587.1698750124779,ALLOW
benign-S8-001,benign,S8,S8,card,False,M3,brand:badougeax.com,False,ALLOW,route,,2,POST,False,False,False,,2.2824,14,1570,27319393,True,True,False,False,False,False,False,ALLOW,snark,9.978374990168959,557.929667000004,725.0,572.0981670019682,ALLOW
benign-S6-006,benign,S6,S6,bnpl,False,M3,brand:rouhin.com,True,ALLOW,route,,2,PRE,False,False,False,,2.5815,14,16566,27321512,True,True,False,False,False,False,False,ALLOW,snark,8.863499999279156,560.8082090000098,723.0,574.3396249890793,ALLOW
A5-004,A5,no-rap,S1,card,False,M3,brand:heagiex.com,True,STEP-UP,route,no-path,-1,,False,False,False,,0.6079,0,5425,27327208,False,False,False,False,False,True,True,STEP-UP,no-proof,0.0,0.0,,,STEP-UP
benign-S9-009,benign,S9,S9,card,False,M3,brand:vebraion.co.uk,False,ALLOW,route,,2,POST,False,False,False,,2.3681,11,3846,27332389,True,True,False,False,False,False,False,ALLOW,snark,10.383624990936369,597.8019170000043,721.0,612.7066659973934,ALLOW
benign-S3-009,benign,S3,S3,card,False,M3,brand:staijeagri.com,False,ALLOW,route,,2,POST,False,False,False,,3.1684,17,1800,27333175,True,True,False,False,False,False,False,ALLOW,snark,9.07587501569651,566.6113749999931,724.0,580.7593330100644,ALLOW
benign-S13-002,benign,S13,S13,card,False,M3,brand:pasina.com,False,ALLOW,route,,2,POST,False,False,False,,2.123,11,8116,27336395,True,True,False,False,False,False,False,ALLOW,snark,9.892666013911366,564.9373329999944,723.0,579.0207080135588,ALLOW
A3-011,A3,swap-no-rap,S12,stablecoin,False,M3,brand:goteast.com,True,STEP-UP,cba,cba-legal-name-domain-identity-age,-1,,False,False,False,,0.506,0,10725,27343328,False,False,False,False,False,True,True,STEP-UP,cba,0.0,0.0,,,STEP-UP
A12-006,A12,a2a_instant:late-revocation,S2,a2a_instant,False,M3,brand:gazealo.com,False,ALLOW,route,,2,ESCROW,True,True,False,late-evidence,1.5665,7,2725,27364630,True,False,True,False,False,False,False,ALLOW,snark,8.952584001235664,576.4440420000028,722.0,589.2402500030585,ALLOW
benign-S4-001,benign,S4,S4,card,False,M3,brand:wazolo.com,True,ALLOW,route,,2,POST,False,False,False,,2.1738,11,1701,27370991,True,True,False,False,False,False,False,ALLOW,snark,11.053833004552871,565.5846670000028,720.0,580.8192089898512,ALLOW
A3-010,A3,swap-own-rap,S1,psp_token,False,M3,brand:dratibar.in,False,DENY,route/pav,path-to-different-entity,-1,,False,False,False,,1.2784,7,2274,27379162,False,False,False,False,False,False,False,DENY,membership-other-brand,0.0,0.0,,,DENY
benign-S5-005,benign,S5,S5,psp_token,False,M3,brand:brabetroux.com,False,ALLOW,route,,2,POST,False,False,False,,2.6637,14,13208,27401065,True,True,False,False,False,False,False,ALLOW,snark,10.661042004358023,554.943207999997,724.0,570.3489999868907,ALLOW
A11-003,A11,acquirer-level-swap,S1,card,False,M3,brand:toulais.com,False,ALLOW,route,,2,POST,True,True,False,first-hop,2.428,11,2533,27422405,True,False,True,False,False,False,False,ALLOW,snark,10.502207995159552,562.2486659999995,721.0,577.1258329914417,ALLOW
A4-000,A4,feed-own-rap,S1,wallet,False,M3,brand:mepund.com,False,DENY,route/pav,path-to-different-entity,-1,,False,False,False,,1.2911,7,9159,27425488,False,False,False,False,False,False,False,DENY,membership-other-brand,0.0,0.0,,,DENY
A1-003,A1,typo-repeat,S4,card,False,M3,brand:wipoex.com,True,DENY,route/pav,path-to-different-entity,-1,,False,False,False,,1.0845,7,5296,27449473,False,False,False,False,False,False,False,DENY,membership-other-brand,0.0,0.0,,,DENY
A12-002,A12,a2a_instant:late-revocation,S2,a2a_instant,False,M3,brand:jigraihean.com,False,ALLOW,route,,2,ESCROW,True,True,False,late-evidence,1.8339,7,8101,27451006,True,False,True,False,False,False,False,ALLOW,snark,10.510541993426159,570.6660839999968,725.0,585.2250000170898,ALLOW
benign-S13-009,benign,S13,S13,card,False,M3,brand:ruheana.com,False,ALLOW,route,,2,POST,False,False,False,,2.47,11,17513,27452938,True,True,False,False,False,False,False,ALLOW,snark,8.63437500083819,572.4098329999979,722.0,585.3600830014329,ALLOW
benign-S6-005,benign,S6,S6,bnpl,False,M3,brand:pizalu.com,False,ALLOW,route,,2,PRE,False,False,False,,2.1895,14,1321,27457675,True,True,False,False,False,False,False,ALLOW,snark,8.982125000329688,559.1482079999987,721.0,572.3897920106538,ALLOW
A8-000,A8,geo,S3,card,False,M3,brand:valora.in,False,STEP-UP,route/pav,scope,-1,,False,False,False,,1.5154,10,8836,27462440,False,False,False,False,False,True,True,STEP-UP,no-witness,0.0,0.002500019036233425,,,STEP-UP
A11-004,A11,transaction-laundering,S1,card,False,M3,brand:ceaseafis.co.uk,False,ALLOW,route,,2,POST,True,True,False,first-hop,2.3453,11,6237,27466771,True,False,True,False,False,False,False,ALLOW,snark,8.731250010896474,560.9992090000014,725.0,574.0647500206251,ALLOW
A11-008,A11,transaction-laundering,S4,card,False,M3,brand:weaprearair.in,False,ALLOW,route,,2,POST,True,True,False,first-hop,2.8183,11,3496,27482753,True,False,True,False,False,False,False,ALLOW,snark,8.791291998932138,563.0538329999981,723.0,576.5480830159504,ALLOW
benign-S11-002,benign,S11,S11,a2a_instant,False,M3,brand:mearouzoex.in,False,STEP-UP,route,no-path,-1,,False,False,False,,0.7418,0,7254,27483051,False,True,False,False,False,True,False,STEP-UP,no-proof,0.0,0.0,,,STEP-UP
benign-S7-009,benign,S7,S7,card,False,M3,brand:niodefeam.com,True,ALLOW,route,,2,POST,False,False,False,,3.0291,17,7369,27486059,True,True,False,False,False,False,False,ALLOW,snark,10.625958006130531,558.1578750000044,722.0,573.8172080018558,ALLOW
A11-011,A11,acquirer-level-swap,S3,card,False,M3,brand:gutrail.com,True,ALLOW,route,,2,POST,True,True,False,first-hop,3.0337,17,4727,27496702,True,False,True,False,False,False,False,ALLOW,snark,9.71066701458767,562.7174999999988,721.0,577.3207500169519,ALLOW
benign-S3-005,benign,S3,S3,card,False,M3,brand:wufivu.com,False,ALLOW,route,,2,POST,False,False,False,,2.3856,17,3554,27499158,True,True,False,False,False,False,False,ALLOW,snark,10.155416006455198,553.0170829999988,723.0,567.5100410007872,ALLOW
benign-S2-006,benign,S2,S2,a2a_instant,False,M3,brand:goutrear.com,False,ALLOW,route,,2,ESCROW,False,False,False,,1.9527,7,10814,27499565,True,True,False,False,False,False,False,ALLOW,snark,8.677708014147356,572.5639170000068,725.0,585.3536660142709,ALLOW
A6-009,A6,card-payout-change,S4,card,False,M3,brand:wipoex.com,True,DENY,route,grammar:terminal subject discontinuity,1,,False,False,False,,1.5261,11,1500,27545541,False,False,False,False,False,False,False,DENY,admission:subject-mismatch,0.0,0.0,,,DENY
benign-S1-001,benign,S1,S1,card,False,M3,brand:pionaigios.in,False,ALLOW,route,,2,POST,False,False,False,,2.3961,11,4982,27552538,True,True,False,False,False,False,False,ALLOW,snark,12.630000011995435,554.6570829999982,721.0,571.7442089808173,ALLOW
benign-S12-009,benign,S12,S12,stablecoin,False,M3,brand:goteast.com,True,ALLOW,route,,2,ESCROW,False,False,False,,1.8788,7,17788,27558855,True,True,False,False,False,False,False,ALLOW,snark,10.138250014279038,563.9519589999982,725.0,578.0161250149831,ALLOW
benign-S11-005,benign,S11,S11,card,False,M3,brand:goflouion.com,False,STEP-UP,route,no-path,-1,,False,False,False,,0.7438,0,2694,27564120,False,True,False,False,False,True,False,STEP-UP,no-proof,0.0,0.0,,,STEP-UP
benign-S6-007,benign,S6,S6,bnpl,False,M3,brand:quicoutiva.com,True,ALLOW,route,,2,PRE,False,False,False,,2.7937,14,5114,27587655,True,True,False,False,False,False,False,ALLOW,snark,9.236459009116516,562.3388330000016,723.0,576.3984580116812,ALLOW
A5-000,A5,no-rap,S1,card,False,M3,brand:mepund.com,False,STEP-UP,route,no-path,-1,,False,False,False,,0.4759,0,824,27587850,False,False,False,False,False,True,True,STEP-UP,no-proof,0.0,0.0,,,STEP-UP
A7-011,A7,fresh-snapshot,S4,card,False,M3,brand:dumiotais.com,True,STEP-UP,route/pav,revoked,-1,,False,False,False,,1.427,7,39185,27607477,False,False,False,False,False,True,True,STEP-UP,admission:revoked,0.0,0.0,,,STEP-UP
A8-003,A8,mcc,S1,card,False,M3,brand:cliojeara.com,True,STEP-UP,cba,cba-domain-identity-age,-1,,False,False,False,,0.6303,0,7700,27643137,False,False,False,False,False,True,True,STEP-UP,cba,0.0,0.0,,,STEP-UP
A12-007,A12,stablecoin:late-revocation,S12,stablecoin,False,M3,brand:graijaiex.com,False,ALLOW,route,,2,ESCROW,True,True,False,late-evidence,1.9077,7,5799,27647575,True,False,True,False,False,False,False,ALLOW,snark,10.179792006965727,585.0010829999956,724.0,599.2222079948988,ALLOW
benign-S4-003,benign,S4,S4,card,False,M3,brand:zuclun.com,False,ALLOW,route,,2,POST,False,False,False,,1.9589,11,2726,27650066,True,True,False,False,False,False,False,ALLOW,snark,10.466584004461765,562.2141669999983,723.0,576.6802089929115,ALLOW
A5-008,A5,no-rap,S1,card,False,M3,brand:toulais.com,False,STEP-UP,route,no-path,-1,,False,False,False,,0.5635,0,4311,27692472,False,False,False,False,False,True,True,STEP-UP,no-proof,0.0,0.0,,,STEP-UP
A1-005,A1,affix,S12,stablecoin,False,M3,brand:houcouclus.in,True,DENY,route/pav,path-to-different-entity,-1,,False,False,False,,1.2385,7,2990,27701806,False,False,False,False,False,False,False,DENY,membership-other-brand,0.0,0.0,,,DENY
A3-009,A3,swap-keep-rap,S13,card,False,M3,brand:pasina.com,False,DENY,route/pav,payee-mismatch,-1,,False,False,False,,0.9744,6,1277,27735430,False,False,False,False,False,False,False,DENY,beta,0.0,0.0,,,DENY
benign-S8-003,benign,S8,S8,card,False,M3,brand:sezal.co.uk,False,ALLOW,route,,2,POST,False,False,False,,2.1816,14,13315,27736417,True,True,False,False,False,False,False,ALLOW,snark,8.48783299443312,558.031415999998,722.0,570.8333329821471,ALLOW
A3-004,A3,swap-own-rap,S9,card,False,M3,brand:budroulear.co.uk,True,STEP-UP,cba,cba-domain-identity-age,-1,,False,False,False,,0.6899,0,7167,27745283,False,False,False,False,False,True,True,STEP-UP,cba,0.0,0.0,,,STEP-UP
benign-S8-009,benign,S8,S8,card,False,M3,brand:flaigioion.com,True,ALLOW,route,,2,POST,False,False,False,,2.7637,14,10162,27747719,True,True,False,False,False,False,False,ALLOW,snark,9.752082987688482,556.7164159999957,721.0,571.2409999978263,ALLOW
benign-S1-008,benign,S1,S1,wallet,False,M3,brand:bubinail.in,False,ALLOW,route,,2,POST,False,False,False,,2.5232,11,3449,27771264,True,True,False,False,False,False,False,ALLOW,snark,10.314332990674302,567.9014580000076,724.0,582.4766669829842,ALLOW
benign-S2-009,benign,S2,S2,a2a_instant,False,M3,brand:quibroniox.com,True,ALLOW,route,,2,ESCROW,False,False,False,,1.9309,7,8218,27772211,True,True,False,False,False,False,False,ALLOW,snark,12.71483299206011,576.1140840000007,725.0,593.0164580058772,ALLOW
benign-S3-006,benign,S3,S3,card,False,M3,brand:guheacleion.in,False,ALLOW,route,,2,POST,False,False,False,,3.3246,17,3756,27772345,True,True,False,False,False,False,False,ALLOW,snark,10.281541995937005,571.1019169999927,722.0,586.6760830103885,ALLOW
A7-008,A7,stale-snapshot,S3,card,False,M3,brand:wufivu.com,False,STEP-UP,route/pav,status-stale,-1,,False,False,False,,0.493,4,6249,27787445,False,False,False,False,False,True,True,STEP-UP,admission:revoked,0.0,0.0,,,STEP-UP
benign-S1-009,benign,S1,S1,psp_token,False,M3,brand:wazand.com,False,ALLOW,route,,2,POST,False,False,False,,2.1357,11,4363,27793890,True,True,False,False,False,False,False,ALLOW,snark,10.18154199118726,568.1085830000084,722.0,582.5364170013927,ALLOW
benign-S9-001,benign,S9,S9,card,False,M3,brand:flabohiona.com,True,ALLOW,route,,2,POST,False,False,False,,2.4746,11,2256,27800411,True,True,False,False,False,False,False,ALLOW,snark,10.06583299022168,589.1227079999953,722.0,603.7842910154723,ALLOW
benign-S4-008,benign,S4,S4,card,False,M3,brand:dumiotais.com,True,ALLOW,route,,2,POST,False,False,False,,2.4035,11,2411,27803133,True,True,False,False,False,False,False,ALLOW,snark,9.376000001793727,561.2648749999935,724.0,575.1105830131564,ALLOW
benign-S2-002,benign,S2,S2,a2a_instant,False,M3,brand:fiovailouva.co.uk,True,ALLOW,route,,2,ESCROW,False,False,False,,2.0854,7,28406,27817230,True,True,False,False,False,False,False,ALLOW,snark,8.736166986636817,580.9785830000037,723.0,593.9454580075108,ALLOW
A1-006,A1,tld-swap,S1,psp_token,False,M3,brand:cliojeara.com,True,STEP-UP,cba,cba-domain-identity-age,-1,,False,False,False,,0.6643,0,1446,27878202,False,False,False,False,False,True,True,STEP-UP,cba,0.0,0.0,,,STEP-UP
benign-S1-002,benign,S1,S1,card,False,M3,brand:dratibar.in,False,ALLOW,route,,2,POST,False,False,False,,2.264,11,4759,27878235,True,True,False,False,False,False,False,ALLOW,snark,9.438083972781897,568.2649999999994,723.0,582.0069999899715,ALLOW
benign-S13-005,benign,S13,S13,card,False,M3,brand:gehioex.com,False,ALLOW,route,,2,POST,False,False,False,,2.3006,11,30568,27888333,True,True,False,False,False,False,False,ALLOW,snark,8.588750002672896,575.9101249999949,724.0,588.7532499909867,ALLOW
benign-S4-006,benign,S4,S4,card,False,M3,brand:cudriond.co.uk,False,ALLOW,route,,2,POST,False,False,False,,2.4618,11,4070,27898736,True,True,False,False,False,False,False,ALLOW,snark,10.748958011390641,570.0461669999931,724.0,585.2842080057599,ALLOW
A12-009,A12,stablecoin:stale-authority,S12,stablecoin,False,M3,brand:veataifis.com,False,STEP-UP,route/pav,status-stale,-1,,False,False,False,,1.1783,4,3279,27900463,False,False,False,False,False,True,True,STEP-UP,admission:revoked,0.0,0.0,,,STEP-UP
A4-004,A4,feed-own-rap,S9,card,False,M3,brand:dovand.com,False,DENY,route/pav,path-to-different-entity,-1,,False,False,False,,1.1175,7,9641,27906341,False,False,False,False,False,False,False,DENY,membership-other-brand,0.0,0.0,,,DENY
benign-S10-003,benign,S10,S10,card,False,M3,brand:nurefind.com,False,STEP-UP,mtl,mtl-probation,2,,False,False,False,,2.0549,15,5362,27938835,False,True,False,False,False,True,False,STEP-UP,no-witness,0.0,0.0024999899324029684,,,STEP-UP
benign-S3-001,benign,S3,S3,psp_token,False,M3,brand:wotrupu.com,True,ALLOW,route,,2,POST,False,False,False,,2.3982,17,6384,27967707,True,True,False,False,False,False,False,ALLOW,snark,10.27629099553451,586.8763340000005,721.0,601.682125008665,ALLOW
benign-S6-009,benign,S6,S6,bnpl,False,M3,brand:rouhin.com,True,ALLOW,route,,2,PRE,False,False,False,,2.5391,14,2417,27968358,True,True,False,False,False,False,False,ALLOW,snark,9.176124993246049,561.3187920000055,725.0,574.9351249833126,ALLOW
benign-S10-004,benign,S10,S10,card,False,M3,brand:proumouna.com,False,STEP-UP,mtl,mtl-probation,2,,False,False,False,,2.4853,15,3547,27971362,False,True,False,False,False,True,False,STEP-UP,no-witness,0.0,0.002582994056865573,,,STEP-UP
A6-008,A6,coin-payto-change,S12,stablecoin,False,M3,brand:traprun.in,False,STEP-UP,route,no-path,-1,,False,False,False,,0.2172,0,3152,27979780,False,False,False,False,False,True,True,STEP-UP,no-proof,0.0,0.0,,,STEP-UP
A12-003,A12,stablecoin:late-revocation,S12,stablecoin,False,M3,brand:keazis.com,False,ALLOW,route,,2,ESCROW,True,True,False,late-evidence,1.55,7,6629,27988923,True,False,True,False,False,False,False,ALLOW,snark,10.0168329954613,559.074959000005,726.0,572.8190829977393,ALLOW
A5-006,A5,no-rap,S9,card,False,M3,brand:recera.com,False,STEP-UP,route,no-path,-1,,False,False,False,,0.4769,0,6056,27990563,False,False,False,False,False,True,True,STEP-UP,no-proof,0.0,0.0,,,STEP-UP
benign-S13-000,benign,S13,S13,card,False,M3,brand:feanark.com,False,ALLOW,route,,2,POST,False,False,False,,2.2472,11,3086,27999875,True,True,False,False,False,False,False,ALLOW,snark,9.149290999630466,553.1722909999953,724.0,566.6129580058623,ALLOW
benign-S5-002,benign,S5,S5,card,False,M3,brand:heflara.com,False,ALLOW,route,,2,POST,False,False,False,,2.7681,14,2400,28004443,True,True,False,False,False,False,False,ALLOW,snark,10.194415983278304,554.4113329999964,722.0,569.2615419975482,ALLOW
benign-S7-001,benign,S7,S7,card,False,M3,brand:numaisealo.com,False,ALLOW,route,,2,POST,False,False,False,,3.1592,17,1260,28013294,True,True,False,False,False,False,False,ALLOW,snark,10.624457994708791,558.5756670000119,724.0,574.2470000113826,ALLOW
A7-001,A7,fresh-snapshot,S1,card,False,M3,brand:bubinail.in,False,STEP-UP,route/pav,revoked,-1,,False,False,False,,1.2023,7,6018,28032133,False,False,False,False,False,True,True,STEP-UP,admission:revoked,0.0,0.0,,,STEP-UP
benign-S10-008,benign,S10,S10,card,False,M3,brand:proumouna.com,False,STEP-UP,mtl,mtl-probation,2,,False,False,False,,2.328,15,16287,28050110,False,True,False,False,False,True,False,STEP-UP,no-witness,0.0,0.002375018084421754,,,STEP-UP
benign-S10-007,benign,S10,S10,card,False,M3,brand:proumouna.com,False,STEP-UP,mtl,mtl-probation,2,,False,False,False,,2.1521,15,9097,28052555,False,True,False,False,False,True,False,STEP-UP,no-witness,0.0,0.0021249870769679546,,,STEP-UP
A11-000,A11,transaction-laundering,S3,card,False,M3,brand:groufeex.com,False,ALLOW,route,,2,POST,True,True,False,first-hop,2.9606,17,26922,28054895,True,False,True,False,False,False,False,ALLOW,snark,8.673249976709485,560.6870000000054,721.0,574.3302089977078,ALLOW
A5-002,A5,no-rap,S3,card,False,M3,brand:groufeex.com,False,STEP-UP,route,no-path,-1,,False,False,False,,0.657,0,3581,28057587,False,False,False,False,False,True,True,STEP-UP,no-proof,0.0,0.0,,,STEP-UP
benign-S11-003,benign,S11,S11,card,False,M3,brand:quujahiora.com,False,STEP-UP,route,no-path,-1,,False,False,False,,0.6664,0,30777,28074891,False,True,False,False,False,True,False,STEP-UP,no-proof,0.0,0.0,,,STEP-UP
A6-000,A6,card-payout-change,S1,card,False,M3,brand:hasaiion.com,True,DENY,route,grammar:terminal subject discontinuity,1,,False,False,False,,1.7313,11,3112,28097640,False,False,False,False,False,False,False,DENY,admission:subject-mismatch,0.0,0.0,,,DENY
benign-S9-004,benign,S9,S9,card,False,M3,brand:logon.com,False,ALLOW,route,,2,POST,False,False,False,,2.1461,11,11119,28099970,True,True,False,False,False,False,False,ALLOW,snark,11.149208003189415,571.4044169999979,723.0,586.8482499790844,ALLOW
A6-011,A6,coin-payto-change,S12,stablecoin,False,M3,brand:cloquinuex.in,False,DENY,route/pav,payee-mismatch,-1,,False,False,False,,1.4499,6,2042,28123009,False,False,False,False,False,False,False,DENY,beta,0.0,0.0,,,DENY
benign-S2-003,benign,S2,S2,a2a_instant,False,M3,brand:kesain.co.uk,False,ALLOW,route,,2,ESCROW,False,False,False,,1.2836,7,14489,28147451,True,True,False,False,False,False,False,ALLOW,snark,9.870166017208248,552.4061660000007,720.0,565.8385000133421,ALLOW
A12-011,A12,stablecoin:late-revocation,S12,stablecoin,False,M3,brand:keazis.com,False,ALLOW,route,,2,ESCROW,True,True,False,late-evidence,1.6395,7,6544,28159948,True,False,True,False,False,False,False,ALLOW,snark,10.781040997244418,551.7322090000089,723.0,566.2687919975724,ALLOW
benign-S13-007,benign,S13,S13,card,False,M3,brand:pasina.com,False,ALLOW,route,,2,POST,False,False,False,,2.1859,11,5100,28175663,True,True,False,False,False,False,False,ALLOW,snark,8.631749980850145,559.3604579999956,719.0,572.2548330086283,ALLOW
A7-004,A7,stale-snapshot,S1,card,False,M3,brand:decark.com,False,STEP-UP,route/pav,status-stale,-1,,False,False,False,,0.7105,4,8611,28213554,False,False,False,False,False,True,True,STEP-UP,admission:revoked,0.0,0.0,,,STEP-UP
A8-004,A8,rail,S3,psp_token,False,M3,brand:valora.in,False,STEP-UP,route/pav,scope,-1,,False,False,False,,1.4441,10,10272,28216348,False,False,False,False,False,True,True,STEP-UP,no-witness,0.0,0.002208980731666088,,,STEP-UP
A6-005,A6,coin-payto-change,S12,stablecoin,False,M3,brand:cloquinuex.in,False,DENY,route/pav,payee-mismatch,-1,,False,False,False,,1.3695,6,1525,28233617,False,False,False,False,False,False,False,DENY,beta,0.0,0.0,,,DENY
A1-004,A1,typo-replace,S1,card,False,M3,brand:jigrenirk.com,True,DENY,route/pav,path-to-different-entity,-1,,False,False,False,,1.0429,7,1941,28234413,False,False,False,False,False,False,False,DENY,membership-other-brand,0.0,0.0,,,DENY
A7-000,A7,stale-snapshot,S4,card,False,M3,brand:weaprearair.in,False,STEP-UP,route/pav,status-stale,-1,,False,False,False,,1.1639,4,2581,28235060,False,False,False,False,False,True,True,STEP-UP,admission:revoked,0.0,0.0,,,STEP-UP
benign-S13-008,benign,S13,S13,card,False,M3,brand:feanark.com,False,ALLOW,route,,2,POST,False,False,False,,2.1267,11,4008,28254205,True,True,False,False,False,False,False,ALLOW,snark,9.140999987721443,557.6746249999997,723.0,571.1144999950193,ALLOW
A11-010,A11,transaction-laundering,S3,card,False,M3,brand:jouduna.com,True,ALLOW,route,,2,POST,True,True,False,first-hop,3.0661,17,4454,28270391,True,False,True,False,False,False,False,ALLOW,snark,10.153957991860807,553.0910829999921,722.0,568.0822499853093,ALLOW
A11-002,A11,transaction-laundering,S7,card,False,M3,brand:teapiostal.co.uk,False,ALLOW,route,,2,POST,True,True,False,first-hop,3.2482,17,9071,28274537,True,False,True,False,False,False,False,ALLOW,snark,9.170375007670373,555.5847910000011,725.0,569.7920419916045,ALLOW
benign-S1-000,benign,S1,S6,psp_token,False,M3,brand:flagaidro.com,True,ALLOW,route,,2,POST,False,False,False,,2.4986,11,15571,28275639,True,True,False,False,False,False,False,ALLOW,snark,10.076250007841736,565.8034159999952,721.0,580.581375019392,ALLOW
benign-S4-007,benign,S4,S4,card,False,M3,brand:boujeadava.com,False,ALLOW,route,,2,POST,False,False,False,,2.5134,11,31218,28282699,True,True,False,False,False,False,False,ALLOW,snark,9.28333299816586,551.9605829999928,720.0,565.787375002401,ALLOW
A6-006,A6,card-payout-change,S4,card,False,M3,brand:nalaist.com,False,DENY,route,grammar:terminal subject discontinuity,1,,False,False,False,,1.7495,11,8441,28283268,False,False,False,False,False,False,False,DENY,admission:subject-mismatch,0.0,0.0,,,DENY
benign-S8-002,benign,S8,S8,card,False,M3,brand:sezal.co.uk,False,ALLOW,route,,2,POST,False,False,False,,2.2146,14,21189,28287301,True,True,False,False,False,False,False,ALLOW,snark,10.138750018086284,561.2222919999913,724.0,575.6280419882387,ALLOW
benign-S6-002,benign,S6,S6,bnpl,False,M3,brand:gridiofloux.co.uk,True,ALLOW,route,,2,PRE,False,False,False,,2.8678,14,3563,28289564,True,True,False,False,False,False,False,ALLOW,snark,9.129000012762845,561.8945839999942,724.0,575.8185829909053,ALLOW
benign-S11-000,benign,S11,S11,card,False,M3,brand:gragaiex.co.uk,False,STEP-UP,route,no-path,-1,,False,False,False,,0.66,0,3422,28290638,False,True,False,False,False,True,False,STEP-UP,no-proof,0.0,0.0,,,STEP-UP
A12-008,A12,a2a_instant:stale-authority,S2,a2a_instant,False,M3,brand:kesain.co.uk,False,STEP-UP,route/pav,status-stale,-1,,False,False,False,,0.6158,4,11279,28298750,False,False,False,False,False,True,True,STEP-UP,admission:revoked,0.0,0.0,,,STEP-UP
A3-006,A3,swap-keep-rap,S3,psp_token,False,M3,brand:proweal.com,False,DENY,route/pav,payee-mismatch,-1,,False,False,False,,1.2915,8,14924,28306644,False,False,False,False,False,False,False,DENY,beta,0.0,0.0,,,DENY
benign-S11-004,benign,S11,S11,card,False,M3,brand:claquoion.com,False,STEP-UP,route,no-path,-1,,False,False,False,,0.7044,0,2140,28307781,False,True,False,False,False,True,False,STEP-UP,no-proof,0.0,0.0,,,STEP-UP
benign-S7-004,benign,S7,S7,card,False,M3,brand:stagraitura.com,False,ALLOW,route,,2,POST,False,False,False,,3.0128,17,6987,28320045,True,True,False,False,False,False,False,ALLOW,snark,10.234165994916111,578.9560840000049,725.0,594.3317079800181,ALLOW
A6-003,A6,card-payout-change,S1,card,False,M3,brand:fevouna.com,False,DENY,route,grammar:terminal subject discontinuity,1,,False,False,False,,1.6444,11,7815,28323537,False,False,False,False,False,False,False,DENY,admission:subject-mismatch,0.0,0.0,,,DENY
benign-S3-003,benign,S3,S3,card,False,M3,brand:jogruwouion.com,False,ALLOW,route,,2,POST,False,False,False,,3.1728,17,2890,28324948,True,True,False,False,False,False,False,ALLOW,snark,10.997290984960273,556.1845839999878,719.0,572.3093340056948,ALLOW
benign-S5-001,benign,S5,S5,card,False,M3,brand:quoujaina.com,True,ALLOW,route,,2,POST,False,False,False,,2.7902,14,7723,28326195,True,True,False,False,False,False,False,ALLOW,snark,10.330290999263525,555.6601669999945,725.0,570.6791669945233,ALLOW
benign-S9-002,benign,S9,S9,card,False,M3,brand:hidelir.com,True,ALLOW,route,,2,POST,False,False,False,,1.8302,11,3928,28327849,True,True,False,False,False,False,False,ALLOW,snark,9.235832985723391,571.1895000000077,724.0,584.2663329967763,ALLOW
benign-S10-001,benign,S10,S10,card,False,M3,brand:brorejoux.com,True,ALLOW,route,,2,POST,False,False,False,,2.4124,11,918,28334842,True,True,False,False,False,False,False,ALLOW,snark,10.167833010200411,583.6557500000054,720.0,598.2276670110878,ALLOW
A1-009,A1,typo-omission,S3,card,False,M3,brand:wifim.in,True,DENY,route/pav,path-to-different-entity,-1,,False,False,False,,1.1004,7,14039,28335507,False,False,False,False,False,False,False,DENY,membership-other-brand,0.0,0.0,,,DENY
benign-S4-000,benign,S4,S4,card,False,M3,brand:refoureand.com,True,ALLOW,route,,2,POST,False,False,False,,2.2952,11,2666,28345002,True,True,False,False,False,False,False,ALLOW,snark,10.885499999858439,570.0342079999973,725.0,585.3907919954509,ALLOW
A8-002,A8,currency,S4,card,False,M3,brand:cudriond.co.uk,False,STEP-UP,route/pav,scope,-1,,False,False,False,,1.6727,10,1563,28356483,False,False,False,False,False,True,True,STEP-UP,no-witness,0.0,0.0025840126909315586,,,STEP-UP
benign-S12-001,benign,S12,S12,stablecoin,False,M3,brand:keazis.com,False,ALLOW,route,,2,ESCROW,False,False,False,,1.5177,7,21041,28391633,True,True,False,False,False,False,False,ALLOW,snark,8.580249996157363,574.128165999995,723.0,586.4870000223164,ALLOW
benign-S11-009,benign,S11,S11,a2a_instant,False,M3,brand:gragaiex.co.uk,False,STEP-UP,route,no-path,-1,,False,False,False,,0.6182,0,9317,28413037,False,True,False,False,False,True,False,STEP-UP,no-proof,0.0,0.0,,,STEP-UP
A7-009,A7,fresh-snapshot,S4,card,False,M3,brand:wikava.com,True,STEP-UP,route/pav,revoked,-1,,False,False,False,,1.1133,7,8307,28429753,False,False,False,False,False,True,True,STEP-UP,admission:revoked,0.0,0.0,,,STEP-UP
benign-S7-008,benign,S7,S7,psp_token,False,M3,brand:teapiostal.co.uk,False,ALLOW,route,,2,POST,False,False,False,,3.051,17,2035,28432138,True,True,False,False,False,False,False,ALLOW,snark,11.105708021204919,576.0346669999999,725.0,592.1545830206014,ALLOW
A4-008,A4,feed-own-rap,S4,card,False,M3,brand:refoureand.com,True,DENY,route/pav,path-to-different-entity,-1,,False,False,False,,1.4245,7,6379,28435908,False,False,False,False,False,False,False,DENY,membership-other-brand,0.0,0.0,,,DENY
A7-005,A7,fresh-snapshot,S3,card,False,M3,brand:jogruwouion.com,False,STEP-UP,route/pav,revoked,-1,,False,False,False,,1.4727,7,3333,28438650,False,False,False,False,False,True,True,STEP-UP,admission:revoked,0.0,0.0,,,STEP-UP
benign-S6-003,benign,S6,S6,bnpl,False,M3,brand:traitruvist.com,True,ALLOW,route,,2,PRE,False,False,False,,2.6523,14,5616,28456323,True,True,False,False,False,False,False,ALLOW,snark,8.483999990858138,559.4600000000064,722.0,572.6557919988409,ALLOW
benign-S11-006,benign,S11,S11,card,False,M3,brand:claquoion.com,False,STEP-UP,route,no-path,-1,,False,False,False,,0.7554,0,1082,28461772,False,True,False,False,False,True,False,STEP-UP,no-proof,0.0,0.0,,,STEP-UP
A3-008,A3,swap-no-rap,S4,card,False,M3,brand:refoureand.com,True,STEP-UP,route,no-path,-1,,False,False,False,,0.6473,0,18311,28468735,False,False,False,False,False,True,True,STEP-UP,no-proof,0.0,0.0,,,STEP-UP
benign-S1-004,benign,S1,S1,psp_token,False,M3,brand:dreajiboion.in,False,ALLOW,route,,2,POST,False,False,False,,2.5782,11,7985,28479819,True,True,False,False,False,False,False,ALLOW,snark,9.118832997046411,583.8605419999949,723.0,597.6216660055798,ALLOW
benign-S10-006,benign,S10,S10,card,False,M3,brand:brorejoux.com,True,ALLOW,route,,2,POST,False,False,False,,2.4638,11,3735,28480880,True,True,False,False,False,False,False,ALLOW,snark,10.51516699953936,577.3026669999963,723.0,592.2130000253674,ALLOW
A3-003,A3,swap-keep-rap,S12,stablecoin,False,M3,brand:traprun.in,False,DENY,route/pav,payee-mismatch,-1,,False,False,False,,1.0359,6,3379,28484758,False,False,False,False,False,False,False,DENY,beta,0.0,0.0,,,DENY
benign-S3-004,benign,S3,S3,psp_token,False,M3,brand:wifim.in,True,ALLOW,route,,2,POST,False,False,False,,2.6716,17,11010,28485395,True,True,False,False,False,False,False,ALLOW,snark,9.336000017356128,572.3464999999997,722.0,586.3848330045585,ALLOW
benign-S10-002,benign,S10,S10,card,False,M3,brand:leaquena.com,False,STEP-UP,mtl,mtl-probation,2,,False,False,False,,2.4572,15,3509,28488198,False,True,False,False,False,True,False,STEP-UP,no-witness,0.0,0.002541026333346963,,,STEP-UP
A11-009,A11,acquirer-level-swap,S7,card,False,M3,brand:jaflelo.com,False,ALLOW,route,,2,POST,True,True,False,first-hop,2.8445,17,24457,28495946,True,False,True,False,False,False,False,ALLOW,snark,10.244332981528714,594.5120420000021,721.0,609.6448339812923,ALLOW
benign-S11-008,benign,S11,S11,a2a_instant,False,M3,brand:goflouion.com,False,STEP-UP,route,no-path,-1,,False,False,False,,0.7669,0,4526,28507313,False,True,False,False,False,True,False,STEP-UP,no-proof,0.0,0.0,,,STEP-UP
benign-S10-005,benign,S10,S10,card,False,M3,brand:vagrealo.co.uk,False,STEP-UP,mtl,mtl-probation,2,,False,False,False,,2.256,15,3442,28547051,False,True,False,False,False,True,False,STEP-UP,no-witness,0.0,0.0038330035749822855,,,STEP-UP
