prove_ms,verify_ms,proof_json_bytes,ok
730.3500829999999,13.381542000000081,724,True
558.7850410000001,9.240167000000156,724,True
578.972667,10.26866599999994,721,True
575.1630420000001,10.838790999999674,722,True
649.4708329999999,13.707124999999905,722,True
576.7077499999996,13.145041000000674,722,True
587.6791659999999,13.081666000000041,722,True
563.656833,10.465583000000152,723,True
566.6899590000003,13.492874999999913,726,True
580.5164580000001,9.488250000000335,724,True
600.7281670000002,8.797832999999628,722,True
577.2879589999993,9.791083000000071,725,True
588.9045410000008,8.987624999999753,723,True
595.3763330000002,10.81904200000099,725,True
608.6882079999996,9.07287499999984,722,True
594.2235419999997,9.286167000000205,721,True
577.5561249999992,10.61700000000019,720,True
573.0382920000011,9.207875000000058,721,True
578.4885410000006,10.058458999999857,725,True
584.0481659999987,9.42449999999917,725,True
579.9767499999998,8.64862499999981,725,True
594.4453329999997,9.561208999999508,722,True
595.9396670000006,14.192166999999245,722,True
582.4645,9.392832999999882,720,True
611.6394170000003,11.969082999999955,726,True
595.3472079999992,10.143334000000323,724,True
574.3917919999985,9.142500000001746,720,True
573.5580410000002,8.958875000000262,723,True
572.2532500000016,8.716832999998587,725,True
572.0382499999978,8.722833000003448,723,True
