gate,category,utility,allowed,blocked,stepup
none,typed-new-iban,True,1,0,0
blocklist,typed-new-iban,True,1,0,0
allowlist,typed-new-iban,True,1,0,1
MERIDIAN,typed-new-iban,True,1,0,0
none,existing-counterparty,True,1,0,0
blocklist,existing-counterparty,True,1,0,0
allowlist,existing-counterparty,True,1,0,0
MERIDIAN,existing-counterparty,True,1,0,0
none,named-brand-attested,True,1,0,0
blocklist,named-brand-attested,True,1,0,0
allowlist,named-brand-attested,True,1,0,1
MERIDIAN,named-brand-attested,True,1,0,0
none,unattested-invoice,True,1,0,0
blocklist,unattested-invoice,True,1,0,0
allowlist,unattested-invoice,True,1,0,1
MERIDIAN,unattested-invoice,True,1,0,1
none,typed-new-iban,True,1,0,0
blocklist,typed-new-iban,True,1,0,0
allowlist,typed-new-iban,True,1,0,1
MERIDIAN,typed-new-iban,True,1,0,0
none,existing-counterparty,True,1,0,0
blocklist,existing-counterparty,True,1,0,0
allowlist,existing-counterparty,True,1,0,0
MERIDIAN,existing-counterparty,True,1,0,0
none,named-brand-attested,True,1,0,0
blocklist,named-brand-attested,True,1,0,0
allowlist,named-brand-attested,True,1,0,1
MERIDIAN,named-brand-attested,True,1,0,0
none,unattested-invoice,True,1,0,0
blocklist,unattested-invoice,True,1,0,0
allowlist,unattested-invoice,True,1,0,1
MERIDIAN,unattested-invoice,True,1,0,1
none,typed-new-iban,True,1,0,0
blocklist,typed-new-iban,True,1,0,0
allowlist,typed-new-iban,True,1,0,1
MERIDIAN,typed-new-iban,True,1,0,0
none,existing-counterparty,True,1,0,0
blocklist,existing-counterparty,True,1,0,0
allowlist,existing-counterparty,True,1,0,0
MERIDIAN,existing-counterparty,True,1,0,0
none,named-brand-attested,True,1,0,0
blocklist,named-brand-attested,True,1,0,0
allowlist,named-brand-attested,True,1,0,1
MERIDIAN,named-brand-attested,True,1,0,0
none,unattested-invoice,True,1,0,0
blocklist,unattested-invoice,True,1,0,0
allowlist,unattested-invoice,True,1,0,1
MERIDIAN,unattested-invoice,True,1,0,1
none,typed-new-iban,True,1,0,0
blocklist,typed-new-iban,True,1,0,0
allowlist,typed-new-iban,True,1,0,1
MERIDIAN,typed-new-iban,True,1,0,0
none,existing-counterparty,True,1,0,0
blocklist,existing-counterparty,True,1,0,0
allowlist,existing-counterparty,True,1,0,0
MERIDIAN,existing-counterparty,True,1,0,0
none,named-brand-attested,True,1,0,0
blocklist,named-brand-attested,True,1,0,0
allowlist,named-brand-attested,True,1,0,1
MERIDIAN,named-brand-attested,True,1,0,0
none,unattested-invoice,True,1,0,0
blocklist,unattested-invoice,True,1,0,0
allowlist,unattested-invoice,True,1,0,1
MERIDIAN,unattested-invoice,True,1,0,1
none,typed-new-iban,True,1,0,0
blocklist,typed-new-iban,True,1,0,0
allowlist,typed-new-iban,True,1,0,1
MERIDIAN,typed-new-iban,True,1,0,0
none,existing-counterparty,True,1,0,0
blocklist,existing-counterparty,True,1,0,0
allowlist,existing-counterparty,True,1,0,0
MERIDIAN,existing-counterparty,True,1,0,0
none,named-brand-attested,True,1,0,0
blocklist,named-brand-attested,True,1,0,0
allowlist,named-brand-attested,True,1,0,1
MERIDIAN,named-brand-attested,True,1,0,0
none,unattested-invoice,True,1,0,0
blocklist,unattested-invoice,True,1,0,0
allowlist,unattested-invoice,True,1,0,1
MERIDIAN,unattested-invoice,True,1,0,1
none,typed-new-iban,True,1,0,0
blocklist,typed-new-iban,True,1,0,0
allowlist,typed-new-iban,True,1,0,1
MERIDIAN,typed-new-iban,True,1,0,0
none,existing-counterparty,True,1,0,0
blocklist,existing-counterparty,True,1,0,0
allowlist,existing-counterparty,True,1,0,0
MERIDIAN,existing-counterparty,True,1,0,0
none,named-brand-attested,True,1,0,0
blocklist,named-brand-attested,True,1,0,0
allowlist,named-brand-attested,True,1,0,1
MERIDIAN,named-brand-attested,True,1,0,0
none,unattested-invoice,True,1,0,0
blocklist,unattested-invoice,True,1,0,0
allowlist,unattested-invoice,True,1,0,1
MERIDIAN,unattested-invoice,True,1,0,1
none,typed-new-iban,True,1,0,0
blocklist,typed-new-iban,True,1,0,0
allowlist,typed-new-iban,True,1,0,1
MERIDIAN,typed-new-iban,True,1,0,0
none,existing-counterparty,True,1,0,0
blocklist,existing-counterparty,True,1,0,0
allowlist,existing-counterparty,True,1,0,0
MERIDIAN,existing-counterparty,True,1,0,0
none,named-brand-attested,True,1,0,0
blocklist,named-brand-attested,True,1,0,0
allowlist,named-brand-attested,True,1,0,1
MERIDIAN,named-brand-attested,True,1,0,0
none,unattested-invoice,True,1,0,0
blocklist,unattested-invoice,True,1,0,0
allowlist,unattested-invoice,True,1,0,1
MERIDIAN,unattested-invoice,True,1,0,1
none,typed-new-iban,True,1,0,0
blocklist,typed-new-iban,True,1,0,0
allowlist,typed-new-iban,True,1,0,1
MERIDIAN,typed-new-iban,True,1,0,0
none,existing-counterparty,True,1,0,0
blocklist,existing-counterparty,True,1,0,0
allowlist,existing-counterparty,True,1,0,0
MERIDIAN,existing-counterparty,True,1,0,0
none,named-brand-attested,True,1,0,0
blocklist,named-brand-attested,True,1,0,0
allowlist,named-brand-attested,True,1,0,1
MERIDIAN,named-brand-attested,True,1,0,0
none,unattested-invoice,True,1,0,0
blocklist,unattested-invoice,True,1,0,0
allowlist,unattested-invoice,True,1,0,1
MERIDIAN,unattested-invoice,True,1,0,1
none,typed-new-iban,True,1,0,0
blocklist,typed-new-iban,True,1,0,0
allowlist,typed-new-iban,True,1,0,1
MERIDIAN,typed-new-iban,True,1,0,0
none,existing-counterparty,True,1,0,0
blocklist,existing-counterparty,True,1,0,0
allowlist,existing-counterparty,True,1,0,0
MERIDIAN,existing-counterparty,True,1,0,0
none,named-brand-attested,True,1,0,0
blocklist,named-brand-attested,True,1,0,0
allowlist,named-brand-attested,True,1,0,1
MERIDIAN,named-brand-attested,True,1,0,0
none,unattested-invoice,True,1,0,0
blocklist,unattested-invoice,True,1,0,0
allowlist,unattested-invoice,True,1,0,1
MERIDIAN,unattested-invoice,True,1,0,1
none,typed-new-iban,True,1,0,0
blocklist,typed-new-iban,True,1,0,0
allowlist,typed-new-iban,True,1,0,1
MERIDIAN,typed-new-iban,True,1,0,0
none,existing-counterparty,True,1,0,0
blocklist,existing-counterparty,True,1,0,0
allowlist,existing-counterparty,True,1,0,0
MERIDIAN,existing-counterparty,True,1,0,0
none,named-brand-attested,True,1,0,0
blocklist,named-brand-attested,True,1,0,0
allowlist,named-brand-attested,True,1,0,1
MERIDIAN,named-brand-attested,True,1,0,0
none,unattested-invoice,True,1,0,0
blocklist,unattested-invoice,True,1,0,0
allowlist,unattested-invoice,True,1,0,1
MERIDIAN,unattested-invoice,True,1,0,1
none,typed-new-iban,True,1,0,0
blocklist,typed-new-iban,True,1,0,0
allowlist,typed-new-iban,True,1,0,1
MERIDIAN,typed-new-iban,True,1,0,0
none,existing-counterparty,True,1,0,0
blocklist,existing-counterparty,True,1,0,0
allowlist,existing-counterparty,True,1,0,0
MERIDIAN,existing-counterparty,True,1,0,0
none,named-brand-attested,True,1,0,0
blocklist,named-brand-attested,True,1,0,0
allowlist,named-brand-attested,True,1,0,1
MERIDIAN,named-brand-attested,True,1,0,0
none,unattested-invoice,True,1,0,0
blocklist,unattested-invoice,True,1,0,0
allowlist,unattested-invoice,True,1,0,1
MERIDIAN,unattested-invoice,True,1,0,1
none,typed-new-iban,True,1,0,0
blocklist,typed-new-iban,True,1,0,0
allowlist,typed-new-iban,True,1,0,1
MERIDIAN,typed-new-iban,True,1,0,0
none,existing-counterparty,True,1,0,0
blocklist,existing-counterparty,True,1,0,0
allowlist,existing-counterparty,True,1,0,0
MERIDIAN,existing-counterparty,True,1,0,0
none,named-brand-attested,True,1,0,0
blocklist,named-brand-attested,True,1,0,0
allowlist,named-brand-attested,True,1,0,1
MERIDIAN,named-brand-attested,True,1,0,0
none,unattested-invoice,True,1,0,0
blocklist,unattested-invoice,True,1,0,0
allowlist,unattested-invoice,True,1,0,1
MERIDIAN,unattested-invoice,True,1,0,1
none,typed-new-iban,True,1,0,0
blocklist,typed-new-iban,True,1,0,0
allowlist,typed-new-iban,True,1,0,1
MERIDIAN,typed-new-iban,True,1,0,0
none,existing-counterparty,True,1,0,0
blocklist,existing-counterparty,True,1,0,0
allowlist,existing-counterparty,True,1,0,0
MERIDIAN,existing-counterparty,True,1,0,0
none,named-brand-attested,True,1,0,0
blocklist,named-brand-attested,True,1,0,0
allowlist,named-brand-attested,True,1,0,1
MERIDIAN,named-brand-attested,True,1,0,0
none,unattested-invoice,True,1,0,0
blocklist,unattested-invoice,True,1,0,0
allowlist,unattested-invoice,True,1,0,1
MERIDIAN,unattested-invoice,True,1,0,1
none,typed-new-iban,True,1,0,0
blocklist,typed-new-iban,True,1,0,0
allowlist,typed-new-iban,True,1,0,1
MERIDIAN,typed-new-iban,True,1,0,0
none,existing-counterparty,True,1,0,0
blocklist,existing-counterparty,True,1,0,0
allowlist,existing-counterparty,True,1,0,0
MERIDIAN,existing-counterparty,True,1,0,0
none,named-brand-attested,True,1,0,0
blocklist,named-brand-attested,True,1,0,0
allowlist,named-brand-attested,True,1,0,1
MERIDIAN,named-brand-attested,True,1,0,0
none,unattested-invoice,True,1,0,0
blocklist,unattested-invoice,True,1,0,0
allowlist,unattested-invoice,True,1,0,1
MERIDIAN,unattested-invoice,True,1,0,1
none,typed-new-iban,True,1,0,0
blocklist,typed-new-iban,True,1,0,0
allowlist,typed-new-iban,True,1,0,1
MERIDIAN,typed-new-iban,True,1,0,0
none,existing-counterparty,True,1,0,0
blocklist,existing-counterparty,True,1,0,0
allowlist,existing-counterparty,True,1,0,0
MERIDIAN,existing-counterparty,True,1,0,0
none,named-brand-attested,True,1,0,0
blocklist,named-brand-attested,True,1,0,0
allowlist,named-brand-attested,True,1,0,1
MERIDIAN,named-brand-attested,True,1,0,0
none,unattested-invoice,True,1,0,0
blocklist,unattested-invoice,True,1,0,0
allowlist,unattested-invoice,True,1,0,1
MERIDIAN,unattested-invoice,True,1,0,1
none,typed-new-iban,True,1,0,0
blocklist,typed-new-iban,True,1,0,0
allowlist,typed-new-iban,True,1,0,1
MERIDIAN,typed-new-iban,True,1,0,0
none,existing-counterparty,True,1,0,0
blocklist,existing-counterparty,True,1,0,0
allowlist,existing-counterparty,True,1,0,0
MERIDIAN,existing-counterparty,True,1,0,0
none,named-brand-attested,True,1,0,0
blocklist,named-brand-attested,True,1,0,0
allowlist,named-brand-attested,True,1,0,1
MERIDIAN,named-brand-attested,True,1,0,0
none,unattested-invoice,True,1,0,0
blocklist,unattested-invoice,True,1,0,0
allowlist,unattested-invoice,True,1,0,1
MERIDIAN,unattested-invoice,True,1,0,1
none,typed-new-iban,True,1,0,0
blocklist,typed-new-iban,True,1,0,0
allowlist,typed-new-iban,True,1,0,1
MERIDIAN,typed-new-iban,True,1,0,0
none,existing-counterparty,True,1,0,0
blocklist,existing-counterparty,True,1,0,0
allowlist,existing-counterparty,True,1,0,0
MERIDIAN,existing-counterparty,True,1,0,0
none,named-brand-attested,True,1,0,0
blocklist,named-brand-attested,True,1,0,0
allowlist,named-brand-attested,True,1,0,1
MERIDIAN,named-brand-attested,True,1,0,0
none,unattested-invoice,True,1,0,0
blocklist,unattested-invoice,True,1,0,0
allowlist,unattested-invoice,True,1,0,1
MERIDIAN,unattested-invoice,True,1,0,1
none,typed-new-iban,True,1,0,0
blocklist,typed-new-iban,True,1,0,0
allowlist,typed-new-iban,True,1,0,1
MERIDIAN,typed-new-iban,True,1,0,0
none,existing-counterparty,True,1,0,0
blocklist,existing-counterparty,True,1,0,0
allowlist,existing-counterparty,True,1,0,0
MERIDIAN,existing-counterparty,True,1,0,0
none,named-brand-attested,True,1,0,0
blocklist,named-brand-attested,True,1,0,0
allowlist,named-brand-attested,True,1,0,1
MERIDIAN,named-brand-attested,True,1,0,0
none,unattested-invoice,True,1,0,0
blocklist,unattested-invoice,True,1,0,0
allowlist,unattested-invoice,True,1,0,1
MERIDIAN,unattested-invoice,True,1,0,1
none,typed-new-iban,True,1,0,0
blocklist,typed-new-iban,True,1,0,0
allowlist,typed-new-iban,True,1,0,1
MERIDIAN,typed-new-iban,True,1,0,0
none,existing-counterparty,True,1,0,0
blocklist,existing-counterparty,True,1,0,0
allowlist,existing-counterparty,True,1,0,0
MERIDIAN,existing-counterparty,True,1,0,0
none,named-brand-attested,True,1,0,0
blocklist,named-brand-attested,True,1,0,0
allowlist,named-brand-attested,True,1,0,1
MERIDIAN,named-brand-attested,True,1,0,0
none,unattested-invoice,True,1,0,0
blocklist,unattested-invoice,True,1,0,0
allowlist,unattested-invoice,True,1,0,1
MERIDIAN,unattested-invoice,True,1,0,1
none,typed-new-iban,True,1,0,0
blocklist,typed-new-iban,True,1,0,0
allowlist,typed-new-iban,True,1,0,1
MERIDIAN,typed-new-iban,True,1,0,0
none,existing-counterparty,True,1,0,0
blocklist,existing-counterparty,True,1,0,0
allowlist,existing-counterparty,True,1,0,0
MERIDIAN,existing-counterparty,True,1,0,0
none,named-brand-attested,True,1,0,0
blocklist,named-brand-attested,True,1,0,0
allowlist,named-brand-attested,True,1,0,1
MERIDIAN,named-brand-attested,True,1,0,0
none,unattested-invoice,True,1,0,0
blocklist,unattested-invoice,True,1,0,0
allowlist,unattested-invoice,True,1,0,1
MERIDIAN,unattested-invoice,True,1,0,1
none,typed-new-iban,True,1,0,0
blocklist,typed-new-iban,True,1,0,0
allowlist,typed-new-iban,True,1,0,1
MERIDIAN,typed-new-iban,True,1,0,0
none,existing-counterparty,True,1,0,0
blocklist,existing-counterparty,True,1,0,0
allowlist,existing-counterparty,True,1,0,0
MERIDIAN,existing-counterparty,True,1,0,0
none,named-brand-attested,True,1,0,0
blocklist,named-brand-attested,True,1,0,0
allowlist,named-brand-attested,True,1,0,1
MERIDIAN,named-brand-attested,True,1,0,0
none,unattested-invoice,True,1,0,0
blocklist,unattested-invoice,True,1,0,0
allowlist,unattested-invoice,True,1,0,1
MERIDIAN,unattested-invoice,True,1,0,1
none,typed-new-iban,True,1,0,0
blocklist,typed-new-iban,True,1,0,0
allowlist,typed-new-iban,True,1,0,1
MERIDIAN,typed-new-iban,True,1,0,0
none,existing-counterparty,True,1,0,0
blocklist,existing-counterparty,True,1,0,0
allowlist,existing-counterparty,True,1,0,0
MERIDIAN,existing-counterparty,True,1,0,0
none,named-brand-attested,True,1,0,0
blocklist,named-brand-attested,True,1,0,0
allowlist,named-brand-attested,True,1,0,1
MERIDIAN,named-brand-attested,True,1,0,0
none,unattested-invoice,True,1,0,0
blocklist,unattested-invoice,True,1,0,0
allowlist,unattested-invoice,True,1,0,1
MERIDIAN,unattested-invoice,True,1,0,1
none,typed-new-iban,True,1,0,0
blocklist,typed-new-iban,True,1,0,0
allowlist,typed-new-iban,True,1,0,1
MERIDIAN,typed-new-iban,True,1,0,0
none,existing-counterparty,True,1,0,0
blocklist,existing-counterparty,True,1,0,0
allowlist,existing-counterparty,True,1,0,0
MERIDIAN,existing-counterparty,True,1,0,0
none,named-brand-attested,True,1,0,0
blocklist,named-brand-attested,True,1,0,0
allowlist,named-brand-attested,True,1,0,1
MERIDIAN,named-brand-attested,True,1,0,0
none,unattested-invoice,True,1,0,0
blocklist,unattested-invoice,True,1,0,0
allowlist,unattested-invoice,True,1,0,1
MERIDIAN,unattested-invoice,True,1,0,1
none,typed-new-iban,True,1,0,0
blocklist,typed-new-iban,True,1,0,0
allowlist,typed-new-iban,True,1,0,1
MERIDIAN,typed-new-iban,True,1,0,0
none,existing-counterparty,True,1,0,0
blocklist,existing-counterparty,True,1,0,0
allowlist,existing-counterparty,True,1,0,0
MERIDIAN,existing-counterparty,True,1,0,0
none,named-brand-attested,True,1,0,0
blocklist,named-brand-attested,True,1,0,0
allowlist,named-brand-attested,True,1,0,1
MERIDIAN,named-brand-attested,True,1,0,0
none,unattested-invoice,True,1,0,0
blocklist,unattested-invoice,True,1,0,0
allowlist,unattested-invoice,True,1,0,1
MERIDIAN,unattested-invoice,True,1,0,1
none,typed-new-iban,True,1,0,0
blocklist,typed-new-iban,True,1,0,0
allowlist,typed-new-iban,True,1,0,1
MERIDIAN,typed-new-iban,True,1,0,0
none,existing-counterparty,True,1,0,0
blocklist,existing-counterparty,True,1,0,0
allowlist,existing-counterparty,True,1,0,0
MERIDIAN,existing-counterparty,True,1,0,0
none,named-brand-attested,True,1,0,0
blocklist,named-brand-attested,True,1,0,0
allowlist,named-brand-attested,True,1,0,1
MERIDIAN,named-brand-attested,True,1,0,0
none,unattested-invoice,True,1,0,0
blocklist,unattested-invoice,True,1,0,0
allowlist,unattested-invoice,True,1,0,1
MERIDIAN,unattested-invoice,True,1,0,1
none,typed-new-iban,True,1,0,0
blocklist,typed-new-iban,True,1,0,0
allowlist,typed-new-iban,True,1,0,1
MERIDIAN,typed-new-iban,True,1,0,0
none,existing-counterparty,True,1,0,0
blocklist,existing-counterparty,True,1,0,0
allowlist,existing-counterparty,True,1,0,0
MERIDIAN,existing-counterparty,True,1,0,0
none,named-brand-attested,True,1,0,0
blocklist,named-brand-attested,True,1,0,0
allowlist,named-brand-attested,True,1,0,1
MERIDIAN,named-brand-attested,True,1,0,0
none,unattested-invoice,True,1,0,0
blocklist,unattested-invoice,True,1,0,0
allowlist,unattested-invoice,True,1,0,1
MERIDIAN,unattested-invoice,True,1,0,1
none,typed-new-iban,True,1,0,0
blocklist,typed-new-iban,True,1,0,0
allowlist,typed-new-iban,True,1,0,1
MERIDIAN,typed-new-iban,True,1,0,0
none,existing-counterparty,True,1,0,0
blocklist,existing-counterparty,True,1,0,0
allowlist,existing-counterparty,True,1,0,0
MERIDIAN,existing-counterparty,True,1,0,0
none,named-brand-attested,True,1,0,0
blocklist,named-brand-attested,True,1,0,0
allowlist,named-brand-attested,True,1,0,1
MERIDIAN,named-brand-attested,True,1,0,0
none,unattested-invoice,True,1,0,0
blocklist,unattested-invoice,True,1,0,0
allowlist,unattested-invoice,True,1,0,1
MERIDIAN,unattested-invoice,True,1,0,1
none,typed-new-iban,True,1,0,0
blocklist,typed-new-iban,True,1,0,0
allowlist,typed-new-iban,True,1,0,1
MERIDIAN,typed-new-iban,True,1,0,0
none,existing-counterparty,True,1,0,0
blocklist,existing-counterparty,True,1,0,0
allowlist,existing-counterparty,True,1,0,0
MERIDIAN,existing-counterparty,True,1,0,0
none,named-brand-attested,True,1,0,0
blocklist,named-brand-attested,True,1,0,0
allowlist,named-brand-attested,True,1,0,1
MERIDIAN,named-brand-attested,True,1,0,0
none,unattested-invoice,True,1,0,0
blocklist,unattested-invoice,True,1,0,0
allowlist,unattested-invoice,True,1,0,1
MERIDIAN,unattested-invoice,True,1,0,1
none,typed-new-iban,True,1,0,0
blocklist,typed-new-iban,True,1,0,0
allowlist,typed-new-iban,True,1,0,1
MERIDIAN,typed-new-iban,True,1,0,0
none,existing-counterparty,True,1,0,0
blocklist,existing-counterparty,True,1,0,0
allowlist,existing-counterparty,True,1,0,0
MERIDIAN,existing-counterparty,True,1,0,0
none,named-brand-attested,True,1,0,0
blocklist,named-brand-attested,True,1,0,0
allowlist,named-brand-attested,True,1,0,1
MERIDIAN,named-brand-attested,True,1,0,0
none,unattested-invoice,True,1,0,0
blocklist,unattested-invoice,True,1,0,0
allowlist,unattested-invoice,True,1,0,1
MERIDIAN,unattested-invoice,True,1,0,1
none,typed-new-iban,True,1,0,0
blocklist,typed-new-iban,True,1,0,0
allowlist,typed-new-iban,True,1,0,1
MERIDIAN,typed-new-iban,True,1,0,0
none,existing-counterparty,True,1,0,0
blocklist,existing-counterparty,True,1,0,0
allowlist,existing-counterparty,True,1,0,0
MERIDIAN,existing-counterparty,True,1,0,0
none,named-brand-attested,True,1,0,0
blocklist,named-brand-attested,True,1,0,0
allowlist,named-brand-attested,True,1,0,1
MERIDIAN,named-brand-attested,True,1,0,0
none,unattested-invoice,True,1,0,0
blocklist,unattested-invoice,True,1,0,0
allowlist,unattested-invoice,True,1,0,1
MERIDIAN,unattested-invoice,True,1,0,1
none,typed-new-iban,True,1,0,0
blocklist,typed-new-iban,True,1,0,0
allowlist,typed-new-iban,True,1,0,1
MERIDIAN,typed-new-iban,True,1,0,0
none,existing-counterparty,True,1,0,0
blocklist,existing-counterparty,True,1,0,0
allowlist,existing-counterparty,True,1,0,0
MERIDIAN,existing-counterparty,True,1,0,0
none,named-brand-attested,True,1,0,0
blocklist,named-brand-attested,True,1,0,0
allowlist,named-brand-attested,True,1,0,1
MERIDIAN,named-brand-attested,True,1,0,0
none,unattested-invoice,True,1,0,0
blocklist,unattested-invoice,True,1,0,0
allowlist,unattested-invoice,True,1,0,1
MERIDIAN,unattested-invoice,True,1,0,1
none,typed-new-iban,True,1,0,0
blocklist,typed-new-iban,True,1,0,0
allowlist,typed-new-iban,True,1,0,1
MERIDIAN,typed-new-iban,True,1,0,0
none,existing-counterparty,True,1,0,0
blocklist,existing-counterparty,True,1,0,0
allowlist,existing-counterparty,True,1,0,0
MERIDIAN,existing-counterparty,True,1,0,0
none,named-brand-attested,True,1,0,0
blocklist,named-brand-attested,True,1,0,0
allowlist,named-brand-attested,True,1,0,1
MERIDIAN,named-brand-attested,True,1,0,0
none,unattested-invoice,True,1,0,0
blocklist,unattested-invoice,True,1,0,0
allowlist,unattested-invoice,True,1,0,1
MERIDIAN,unattested-invoice,True,1,0,1
none,typed-new-iban,True,1,0,0
blocklist,typed-new-iban,True,1,0,0
allowlist,typed-new-iban,True,1,0,1
MERIDIAN,typed-new-iban,True,1,0,0
none,existing-counterparty,True,1,0,0
blocklist,existing-counterparty,True,1,0,0
allowlist,existing-counterparty,True,1,0,0
MERIDIAN,existing-counterparty,True,1,0,0
none,named-brand-attested,True,1,0,0
blocklist,named-brand-attested,True,1,0,0
allowlist,named-brand-attested,True,1,0,1
MERIDIAN,named-brand-attested,True,1,0,0
none,unattested-invoice,True,1,0,0
blocklist,unattested-invoice,True,1,0,0
allowlist,unattested-invoice,True,1,0,1
MERIDIAN,unattested-invoice,True,1,0,1
none,typed-new-iban,True,1,0,0
blocklist,typed-new-iban,True,1,0,0
allowlist,typed-new-iban,True,1,0,1
MERIDIAN,typed-new-iban,True,1,0,0
none,existing-counterparty,True,1,0,0
blocklist,existing-counterparty,True,1,0,0
allowlist,existing-counterparty,True,1,0,0
MERIDIAN,existing-counterparty,True,1,0,0
none,named-brand-attested,True,1,0,0
blocklist,named-brand-attested,True,1,0,0
allowlist,named-brand-attested,True,1,0,1
MERIDIAN,named-brand-attested,True,1,0,0
none,unattested-invoice,True,1,0,0
blocklist,unattested-invoice,True,1,0,0
allowlist,unattested-invoice,True,1,0,1
MERIDIAN,unattested-invoice,True,1,0,1
none,typed-new-iban,True,1,0,0
blocklist,typed-new-iban,True,1,0,0
allowlist,typed-new-iban,True,1,0,1
MERIDIAN,typed-new-iban,True,1,0,0
none,existing-counterparty,True,1,0,0
blocklist,existing-counterparty,True,1,0,0
allowlist,existing-counterparty,True,1,0,0
MERIDIAN,existing-counterparty,True,1,0,0
none,named-brand-attested,True,1,0,0
blocklist,named-brand-attested,True,1,0,0
allowlist,named-brand-attested,True,1,0,1
MERIDIAN,named-brand-attested,True,1,0,0
none,unattested-invoice,True,1,0,0
blocklist,unattested-invoice,True,1,0,0
allowlist,unattested-invoice,True,1,0,1
MERIDIAN,unattested-invoice,True,1,0,1
none,typed-new-iban,True,1,0,0
blocklist,typed-new-iban,True,1,0,0
allowlist,typed-new-iban,True,1,0,1
MERIDIAN,typed-new-iban,True,1,0,0
none,existing-counterparty,True,1,0,0
blocklist,existing-counterparty,True,1,0,0
allowlist,existing-counterparty,True,1,0,0
MERIDIAN,existing-counterparty,True,1,0,0
none,named-brand-attested,True,1,0,0
blocklist,named-brand-attested,True,1,0,0
allowlist,named-brand-attested,True,1,0,1
MERIDIAN,named-brand-attested,True,1,0,0
none,unattested-invoice,True,1,0,0
blocklist,unattested-invoice,True,1,0,0
allowlist,unattested-invoice,True,1,0,1
MERIDIAN,unattested-invoice,True,1,0,1
none,typed-new-iban,True,1,0,0
blocklist,typed-new-iban,True,1,0,0
allowlist,typed-new-iban,True,1,0,1
MERIDIAN,typed-new-iban,True,1,0,0
none,existing-counterparty,True,1,0,0
blocklist,existing-counterparty,True,1,0,0
allowlist,existing-counterparty,True,1,0,0
MERIDIAN,existing-counterparty,True,1,0,0
none,named-brand-attested,True,1,0,0
blocklist,named-brand-attested,True,1,0,0
allowlist,named-brand-attested,True,1,0,1
MERIDIAN,named-brand-attested,True,1,0,0
none,unattested-invoice,True,1,0,0
blocklist,unattested-invoice,True,1,0,0
allowlist,unattested-invoice,True,1,0,1
MERIDIAN,unattested-invoice,True,1,0,1
none,typed-new-iban,True,1,0,0
blocklist,typed-new-iban,True,1,0,0
allowlist,typed-new-iban,True,1,0,1
MERIDIAN,typed-new-iban,True,1,0,0
none,existing-counterparty,True,1,0,0
blocklist,existing-counterparty,True,1,0,0
allowlist,existing-counterparty,True,1,0,0
MERIDIAN,existing-counterparty,True,1,0,0
none,named-brand-attested,True,1,0,0
blocklist,named-brand-attested,True,1,0,0
allowlist,named-brand-attested,True,1,0,1
MERIDIAN,named-brand-attested,True,1,0,0
none,unattested-invoice,True,1,0,0
blocklist,unattested-invoice,True,1,0,0
allowlist,unattested-invoice,True,1,0,1
MERIDIAN,unattested-invoice,True,1,0,1
none,typed-new-iban,True,1,0,0
blocklist,typed-new-iban,True,1,0,0
allowlist,typed-new-iban,True,1,0,1
MERIDIAN,typed-new-iban,True,1,0,0
none,existing-counterparty,True,1,0,0
blocklist,existing-counterparty,True,1,0,0
allowlist,existing-counterparty,True,1,0,0
MERIDIAN,existing-counterparty,True,1,0,0
none,named-brand-attested,True,1,0,0
blocklist,named-brand-attested,True,1,0,0
allowlist,named-brand-attested,True,1,0,1
MERIDIAN,named-brand-attested,True,1,0,0
none,unattested-invoice,True,1,0,0
blocklist,unattested-invoice,True,1,0,0
allowlist,unattested-invoice,True,1,0,1
MERIDIAN,unattested-invoice,True,1,0,1
none,typed-new-iban,True,1,0,0
blocklist,typed-new-iban,True,1,0,0
allowlist,typed-new-iban,True,1,0,1
MERIDIAN,typed-new-iban,True,1,0,0
none,existing-counterparty,True,1,0,0
blocklist,existing-counterparty,True,1,0,0
allowlist,existing-counterparty,True,1,0,0
MERIDIAN,existing-counterparty,True,1,0,0
none,named-brand-attested,True,1,0,0
blocklist,named-brand-attested,True,1,0,0
allowlist,named-brand-attested,True,1,0,1
MERIDIAN,named-brand-attested,True,1,0,0
none,unattested-invoice,True,1,0,0
blocklist,unattested-invoice,True,1,0,0
allowlist,unattested-invoice,True,1,0,1
MERIDIAN,unattested-invoice,True,1,0,1
none,typed-new-iban,True,1,0,0
blocklist,typed-new-iban,True,1,0,0
allowlist,typed-new-iban,True,1,0,1
MERIDIAN,typed-new-iban,True,1,0,0
none,existing-counterparty,True,1,0,0
blocklist,existing-counterparty,True,1,0,0
allowlist,existing-counterparty,True,1,0,0
MERIDIAN,existing-counterparty,True,1,0,0
none,named-brand-attested,True,1,0,0
blocklist,named-brand-attested,True,1,0,0
allowlist,named-brand-attested,True,1,0,1
MERIDIAN,named-brand-attested,True,1,0,0
none,unattested-invoice,True,1,0,0
blocklist,unattested-invoice,True,1,0,0
allowlist,unattested-invoice,True,1,0,1
MERIDIAN,unattested-invoice,True,1,0,1
none,typed-new-iban,True,1,0,0
blocklist,typed-new-iban,True,1,0,0
allowlist,typed-new-iban,True,1,0,1
MERIDIAN,typed-new-iban,True,1,0,0
none,existing-counterparty,True,1,0,0
blocklist,existing-counterparty,True,1,0,0
allowlist,existing-counterparty,True,1,0,0
MERIDIAN,existing-counterparty,True,1,0,0
none,named-brand-attested,True,1,0,0
blocklist,named-brand-attested,True,1,0,0
allowlist,named-brand-attested,True,1,0,1
MERIDIAN,named-brand-attested,True,1,0,0
none,unattested-invoice,True,1,0,0
blocklist,unattested-invoice,True,1,0,0
allowlist,unattested-invoice,True,1,0,1
MERIDIAN,unattested-invoice,True,1,0,1
none,typed-new-iban,True,1,0,0
blocklist,typed-new-iban,True,1,0,0
allowlist,typed-new-iban,True,1,0,1
MERIDIAN,typed-new-iban,True,1,0,0
none,existing-counterparty,True,1,0,0
blocklist,existing-counterparty,True,1,0,0
allowlist,existing-counterparty,True,1,0,0
MERIDIAN,existing-counterparty,True,1,0,0
none,named-brand-attested,True,1,0,0
blocklist,named-brand-attested,True,1,0,0
allowlist,named-brand-attested,True,1,0,1
MERIDIAN,named-brand-attested,True,1,0,0
none,unattested-invoice,True,1,0,0
blocklist,unattested-invoice,True,1,0,0
allowlist,unattested-invoice,True,1,0,1
MERIDIAN,unattested-invoice,True,1,0,1
none,typed-new-iban,True,1,0,0
blocklist,typed-new-iban,True,1,0,0
allowlist,typed-new-iban,True,1,0,1
MERIDIAN,typed-new-iban,True,1,0,0
none,existing-counterparty,True,1,0,0
blocklist,existing-counterparty,True,1,0,0
allowlist,existing-counterparty,True,1,0,0
MERIDIAN,existing-counterparty,True,1,0,0
none,named-brand-attested,True,1,0,0
blocklist,named-brand-attested,True,1,0,0
allowlist,named-brand-attested,True,1,0,1
MERIDIAN,named-brand-attested,True,1,0,0
none,unattested-invoice,True,1,0,0
blocklist,unattested-invoice,True,1,0,0
allowlist,unattested-invoice,True,1,0,1
MERIDIAN,unattested-invoice,True,1,0,1
none,typed-new-iban,True,1,0,0
blocklist,typed-new-iban,True,1,0,0
allowlist,typed-new-iban,True,1,0,1
MERIDIAN,typed-new-iban,True,1,0,0
none,existing-counterparty,True,1,0,0
blocklist,existing-counterparty,True,1,0,0
allowlist,existing-counterparty,True,1,0,0
MERIDIAN,existing-counterparty,True,1,0,0
none,named-brand-attested,True,1,0,0
blocklist,named-brand-attested,True,1,0,0
allowlist,named-brand-attested,True,1,0,1
MERIDIAN,named-brand-attested,True,1,0,0
none,unattested-invoice,True,1,0,0
blocklist,unattested-invoice,True,1,0,0
allowlist,unattested-invoice,True,1,0,1
MERIDIAN,unattested-invoice,True,1,0,1
none,typed-new-iban,True,1,0,0
blocklist,typed-new-iban,True,1,0,0
allowlist,typed-new-iban,True,1,0,1
MERIDIAN,typed-new-iban,True,1,0,0
none,existing-counterparty,True,1,0,0
blocklist,existing-counterparty,True,1,0,0
allowlist,existing-counterparty,True,1,0,0
MERIDIAN,existing-counterparty,True,1,0,0
none,named-brand-attested,True,1,0,0
blocklist,named-brand-attested,True,1,0,0
allowlist,named-brand-attested,True,1,0,1
MERIDIAN,named-brand-attested,True,1,0,0
none,unattested-invoice,True,1,0,0
blocklist,unattested-invoice,True,1,0,0
allowlist,unattested-invoice,True,1,0,1
MERIDIAN,unattested-invoice,True,1,0,1
none,typed-new-iban,True,1,0,0
blocklist,typed-new-iban,True,1,0,0
allowlist,typed-new-iban,True,1,0,1
MERIDIAN,typed-new-iban,True,1,0,0
none,existing-counterparty,True,1,0,0
blocklist,existing-counterparty,True,1,0,0
allowlist,existing-counterparty,True,1,0,0
MERIDIAN,existing-counterparty,True,1,0,0
none,named-brand-attested,True,1,0,0
blocklist,named-brand-attested,True,1,0,0
allowlist,named-brand-attested,True,1,0,1
MERIDIAN,named-brand-attested,True,1,0,0
none,unattested-invoice,True,1,0,0
blocklist,unattested-invoice,True,1,0,0
allowlist,unattested-invoice,True,1,0,1
MERIDIAN,unattested-invoice,True,1,0,1
none,typed-new-iban,True,1,0,0
blocklist,typed-new-iban,True,1,0,0
allowlist,typed-new-iban,True,1,0,1
MERIDIAN,typed-new-iban,True,1,0,0
none,existing-counterparty,True,1,0,0
blocklist,existing-counterparty,True,1,0,0
allowlist,existing-counterparty,True,1,0,0
MERIDIAN,existing-counterparty,True,1,0,0
none,named-brand-attested,True,1,0,0
blocklist,named-brand-attested,True,1,0,0
allowlist,named-brand-attested,True,1,0,1
MERIDIAN,named-brand-attested,True,1,0,0
none,unattested-invoice,True,1,0,0
blocklist,unattested-invoice,True,1,0,0
allowlist,unattested-invoice,True,1,0,1
MERIDIAN,unattested-invoice,True,1,0,1
none,typed-new-iban,True,1,0,0
blocklist,typed-new-iban,True,1,0,0
allowlist,typed-new-iban,True,1,0,1
MERIDIAN,typed-new-iban,True,1,0,0
none,existing-counterparty,True,1,0,0
blocklist,existing-counterparty,True,1,0,0
allowlist,existing-counterparty,True,1,0,0
MERIDIAN,existing-counterparty,True,1,0,0
none,named-brand-attested,True,1,0,0
blocklist,named-brand-attested,True,1,0,0
allowlist,named-brand-attested,True,1,0,1
MERIDIAN,named-brand-attested,True,1,0,0
none,unattested-invoice,True,1,0,0
blocklist,unattested-invoice,True,1,0,0
allowlist,unattested-invoice,True,1,0,1
MERIDIAN,unattested-invoice,True,1,0,1
none,typed-new-iban,True,1,0,0
blocklist,typed-new-iban,True,1,0,0
allowlist,typed-new-iban,True,1,0,1
MERIDIAN,typed-new-iban,True,1,0,0
none,existing-counterparty,True,1,0,0
blocklist,existing-counterparty,True,1,0,0
allowlist,existing-counterparty,True,1,0,0
MERIDIAN,existing-counterparty,True,1,0,0
none,named-brand-attested,True,1,0,0
blocklist,named-brand-attested,True,1,0,0
allowlist,named-brand-attested,True,1,0,1
MERIDIAN,named-brand-attested,True,1,0,0
none,unattested-invoice,True,1,0,0
blocklist,unattested-invoice,True,1,0,0
allowlist,unattested-invoice,True,1,0,1
MERIDIAN,unattested-invoice,True,1,0,1
