group,case,swapped,b2_deny,upstream_violation
G1 ids present,benign-S1-000,False,False,False
G1 ids present,benign-S1-001,False,False,False
G1 ids present,benign-S1-002,False,False,False
G1 ids present,benign-S1-003,False,False,False
G1 ids present,benign-S1-004,False,False,False
G1 ids present,benign-S1-005,False,False,False
G1 ids present,benign-S1-006,False,False,False
G1 ids present,benign-S1-007,False,False,False
G1 ids present,benign-S1-008,False,False,False
G1 ids present,benign-S1-009,False,False,False
G1 ids present,benign-S1-010,False,False,False
G1 ids present,benign-S1-011,False,False,False
G1 ids present,benign-S1-012,False,False,False
G1 ids present,benign-S1-013,False,False,False
G1 ids present,benign-S1-014,False,False,False
G1 ids present,benign-S1-015,False,False,False
G1 ids present,benign-S1-016,False,False,False
G1 ids present,benign-S1-017,False,False,False
G1 ids present,benign-S1-018,False,False,False
G1 ids present,benign-S1-019,False,False,False
G1 ids present,benign-S1-020,False,False,False
G1 ids present,benign-S1-021,False,False,False
G1 ids present,benign-S1-022,False,False,False
G1 ids present,benign-S1-023,False,False,False
G1 ids present,benign-S1-024,False,False,False
G1 ids present,benign-S1-025,False,False,False
G1 ids present,benign-S1-026,False,False,False
G1 ids present,benign-S1-027,False,False,False
G1 ids present,benign-S1-028,False,False,False
G1 ids present,benign-S1-029,False,False,False
G1 ids present,benign-S1-030,False,False,False
G1 ids present,benign-S1-031,False,False,False
G1 ids present,benign-S1-032,False,False,False
G1 ids present,benign-S1-033,False,False,False
G1 ids present,benign-S1-034,False,False,False
G1 ids present,benign-S1-035,False,False,False
G1 ids present,benign-S1-036,False,False,False
G1 ids present,benign-S1-037,False,False,False
G1 ids present,benign-S1-038,False,False,False
G1 ids present,benign-S1-039,False,False,False
G1 ids present,benign-S1-040,False,False,False
G1 ids present,benign-S1-041,False,False,False
G1 ids present,benign-S1-042,False,False,False
G1 ids present,benign-S1-043,False,False,False
G1 ids present,benign-S1-044,False,False,False
G1 ids present,benign-S1-045,False,False,False
G1 ids present,benign-S1-046,False,False,False
G1 ids present,benign-S1-047,False,False,False
G1 ids present,benign-S1-048,False,False,False
G1 ids present,benign-S1-049,False,False,False
G1 ids present,benign-S1-050,False,False,False
G1 ids present,benign-S1-051,False,False,False
G1 ids present,benign-S1-052,False,False,False
G1 ids present,benign-S1-053,False,False,False
G1 ids present,benign-S1-054,False,False,False
G1 ids present,benign-S1-055,False,False,False
G1 ids present,benign-S1-056,False,False,False
G1 ids present,benign-S1-057,False,False,False
G1 ids present,benign-S1-058,False,False,False
G1 ids present,benign-S1-059,False,False,False
G1 ids present,benign-S1-060,False,False,False
G1 ids present,benign-S1-061,False,False,False
G1 ids present,benign-S1-062,False,False,False
G1 ids present,benign-S1-063,False,False,False
G1 ids present,benign-S1-064,False,False,False
G1 ids present,benign-S1-065,False,False,False
G1 ids present,benign-S1-066,False,False,False
G1 ids present,benign-S1-067,False,False,False
G1 ids present,benign-S1-068,False,False,False
G1 ids present,benign-S1-069,False,False,False
G1 ids present,benign-S1-070,False,False,False
G1 ids present,benign-S1-071,False,False,False
G1 ids present,benign-S1-072,False,False,False
G1 ids present,benign-S1-073,False,False,False
G1 ids present,benign-S1-074,False,False,False
G1 ids present,benign-S1-075,False,False,False
G1 ids present,benign-S1-076,False,False,False
G1 ids present,benign-S1-077,False,False,False
G1 ids present,benign-S1-078,False,False,False
G1 ids present,benign-S1-079,False,False,False
G1 ids present,benign-S1-080,False,False,False
G1 ids present,benign-S1-081,False,False,False
G1 ids present,benign-S1-082,False,False,False
G1 ids present,benign-S1-083,False,False,False
G1 ids present,benign-S1-084,False,False,False
G1 ids present,benign-S1-085,False,False,False
G1 ids present,benign-S1-086,False,False,False
G1 ids present,benign-S1-087,False,False,False
G1 ids present,benign-S1-088,False,False,False
G1 ids present,benign-S1-089,False,False,False
G1 ids present,benign-S10-000,False,False,False
G1 ids present,benign-S10-001,False,False,False
G1 ids present,benign-S10-002,False,False,False
G1 ids present,benign-S10-003,False,False,False
G1 ids present,benign-S10-004,False,False,False
G1 ids present,benign-S10-005,False,False,False
G1 ids present,benign-S10-006,False,False,False
G1 ids present,benign-S10-007,False,False,False
G1 ids present,benign-S10-008,False,False,False
G1 ids present,benign-S10-009,False,False,False
G1 ids present,benign-S10-010,False,False,False
G1 ids present,benign-S10-011,False,False,False
G1 ids present,benign-S10-012,False,False,False
G1 ids present,benign-S10-013,False,False,False
G1 ids present,benign-S10-014,False,False,False
G1 ids present,benign-S10-015,False,False,False
G1 ids present,benign-S10-016,False,False,False
G1 ids present,benign-S10-017,False,False,False
G1 ids present,benign-S10-018,False,False,False
G1 ids present,benign-S10-019,False,False,False
G1 ids present,benign-S10-020,False,False,False
G1 ids present,benign-S10-021,False,False,False
G1 ids present,benign-S10-022,False,False,False
G1 ids present,benign-S10-023,False,False,False
G1 ids present,benign-S10-024,False,False,False
G1 ids present,benign-S10-025,False,False,False
G1 ids present,benign-S10-026,False,False,False
G1 ids present,benign-S10-027,False,False,False
G1 ids present,benign-S10-028,False,False,False
G1 ids present,benign-S10-029,False,False,False
G1 ids present,benign-S10-030,False,False,False
G1 ids present,benign-S10-031,False,False,False
G1 ids present,benign-S10-032,False,False,False
G1 ids present,benign-S10-033,False,False,False
G1 ids present,benign-S10-034,False,False,False
G1 ids present,benign-S10-035,False,False,False
G1 ids present,benign-S10-036,False,False,False
G1 ids present,benign-S10-037,False,False,False
G1 ids present,benign-S10-038,False,False,False
G1 ids present,benign-S10-039,False,False,False
G1 ids present,benign-S10-040,False,False,False
G1 ids present,benign-S10-041,False,False,False
G1 ids present,benign-S10-042,False,False,False
G1 ids present,benign-S10-043,False,False,False
G1 ids present,benign-S10-044,False,False,False
G1 ids present,benign-S10-045,False,False,False
G1 ids present,benign-S10-046,False,False,False
G1 ids present,benign-S10-047,False,False,False
G1 ids present,benign-S10-048,False,False,False
G1 ids present,benign-S10-049,False,False,False
G1 ids present,benign-S10-050,False,False,False
G1 ids present,benign-S10-051,False,False,False
G1 ids present,benign-S10-052,False,False,False
G1 ids present,benign-S10-053,False,False,False
G1 ids present,benign-S10-054,False,False,False
G1 ids present,benign-S10-055,False,False,False
G1 ids present,benign-S10-056,False,False,False
G1 ids present,benign-S10-057,False,False,False
G1 ids present,benign-S10-058,False,False,False
G1 ids present,benign-S10-059,False,False,False
G1 ids present,benign-S10-060,False,False,False
G1 ids present,benign-S10-061,False,False,False
G1 ids present,benign-S10-062,False,False,False
G1 ids present,benign-S10-063,False,False,False
G1 ids present,benign-S10-064,False,False,False
G1 ids present,benign-S10-065,False,False,False
G1 ids present,benign-S10-066,False,False,False
G1 ids present,benign-S10-067,False,False,False
G1 ids present,benign-S10-068,False,False,False
G1 ids present,benign-S10-069,False,False,False
G1 ids present,benign-S10-070,False,False,False
G1 ids present,benign-S10-071,False,False,False
G1 ids present,benign-S10-072,False,False,False
G1 ids present,benign-S10-073,False,False,False
G1 ids present,benign-S10-074,False,False,False
G1 ids present,benign-S10-075,False,False,False
G1 ids present,benign-S10-076,False,False,False
G1 ids present,benign-S10-077,False,False,False
G1 ids present,benign-S10-078,False,False,False
G1 ids present,benign-S10-079,False,False,False
G1 ids present,benign-S10-080,False,False,False
G1 ids present,benign-S10-081,False,False,False
G1 ids present,benign-S10-082,False,False,False
G1 ids present,benign-S10-083,False,False,False
G1 ids present,benign-S10-084,False,False,False
G1 ids present,benign-S10-085,False,False,False
G1 ids present,benign-S10-086,False,False,False
G1 ids present,benign-S10-087,False,False,False
G1 ids present,benign-S10-088,False,False,False
G1 ids present,benign-S10-089,False,False,False
G1 ids present,benign-S11-000,False,False,False
G1 ids present,benign-S11-001,False,False,False
G1 ids present,benign-S11-002,False,False,False
G1 ids present,benign-S11-003,False,False,False
G1 ids present,benign-S11-004,False,False,False
G1 ids present,benign-S11-005,False,False,False
G1 ids present,benign-S11-006,False,False,False
G1 ids present,benign-S11-007,False,False,False
G1 ids present,benign-S11-008,False,False,False
G1 ids present,benign-S11-009,False,False,False
G1 ids present,benign-S11-010,False,False,False
G1 ids present,benign-S11-011,False,False,False
G1 ids present,benign-S11-012,False,False,False
G1 ids present,benign-S11-013,False,False,False
G1 ids present,benign-S11-014,False,False,False
G1 ids present,benign-S11-015,False,False,False
G1 ids present,benign-S11-016,False,False,False
G1 ids present,benign-S11-017,False,False,False
G1 ids present,benign-S11-018,False,False,False
G1 ids present,benign-S11-019,False,False,False
G1 ids present,benign-S11-020,False,False,False
G1 ids present,benign-S11-021,False,False,False
G1 ids present,benign-S11-022,False,False,False
G1 ids present,benign-S11-023,False,False,False
G1 ids present,benign-S11-024,False,False,False
G1 ids present,benign-S11-025,False,False,False
G1 ids present,benign-S11-026,False,False,False
G1 ids present,benign-S11-027,False,False,False
G1 ids present,benign-S11-028,False,False,False
G1 ids present,benign-S11-029,False,False,False
G1 ids present,benign-S11-030,False,False,False
G1 ids present,benign-S11-031,False,False,False
G1 ids present,benign-S11-032,False,False,False
G1 ids present,benign-S11-033,False,False,False
G1 ids present,benign-S11-034,False,False,False
G1 ids present,benign-S11-035,False,False,False
G1 ids present,benign-S11-036,False,False,False
G1 ids present,benign-S11-037,False,False,False
G1 ids present,benign-S11-038,False,False,False
G1 ids present,benign-S11-039,False,False,False
G1 ids present,benign-S11-040,False,False,False
G1 ids present,benign-S11-041,False,False,False
G1 ids present,benign-S11-042,False,False,False
G1 ids present,benign-S11-043,False,False,False
G1 ids present,benign-S11-044,False,False,False
G1 ids present,benign-S11-045,False,False,False
G1 ids present,benign-S11-046,False,False,False
G1 ids present,benign-S11-047,False,False,False
G1 ids present,benign-S11-048,False,False,False
G1 ids present,benign-S11-049,False,False,False
G1 ids present,benign-S11-050,False,False,False
G1 ids present,benign-S11-051,False,False,False
G1 ids present,benign-S11-052,False,False,False
G1 ids present,benign-S11-053,False,False,False
G1 ids present,benign-S11-054,False,False,False
G1 ids present,benign-S11-055,False,False,False
G1 ids present,benign-S11-056,False,False,False
G1 ids present,benign-S11-057,False,False,False
G1 ids present,benign-S11-058,False,False,False
G1 ids present,benign-S11-059,False,False,False
G1 ids present,benign-S11-060,False,False,False
G1 ids present,benign-S11-061,False,False,False
G1 ids present,benign-S11-062,False,False,False
G1 ids present,benign-S11-063,False,False,False
G1 ids present,benign-S11-064,False,False,False
G1 ids present,benign-S11-065,False,False,False
G1 ids present,benign-S11-066,False,False,False
G1 ids present,benign-S11-067,False,False,False
G1 ids present,benign-S11-068,False,False,False
G1 ids present,benign-S11-069,False,False,False
G1 ids present,benign-S11-070,False,False,False
G1 ids present,benign-S11-071,False,False,False
G1 ids present,benign-S11-072,False,False,False
G1 ids present,benign-S11-073,False,False,False
G1 ids present,benign-S11-074,False,False,False
G1 ids present,benign-S11-075,False,False,False
G1 ids present,benign-S11-076,False,False,False
G1 ids present,benign-S11-077,False,False,False
G1 ids present,benign-S11-078,False,False,False
G1 ids present,benign-S11-079,False,False,False
G1 ids present,benign-S11-080,False,False,False
G1 ids present,benign-S11-081,False,False,False
G1 ids present,benign-S11-082,False,False,False
G1 ids present,benign-S11-083,False,False,False
G1 ids present,benign-S11-084,False,False,False
G1 ids present,benign-S11-085,False,False,False
G1 ids present,benign-S11-086,False,False,False
G1 ids present,benign-S11-087,False,False,False
G1 ids present,benign-S11-088,False,False,False
G1 ids present,benign-S11-089,False,False,False
G1 ids present,benign-S12-000,False,False,False
G1 ids present,benign-S12-001,False,False,False
G1 ids present,benign-S12-002,False,False,False
G1 ids present,benign-S12-003,False,False,False
G1 ids present,benign-S12-004,False,False,False
G1 ids present,benign-S12-005,False,False,False
G1 ids present,benign-S12-006,False,False,False
G1 ids present,benign-S12-007,False,False,False
G1 ids present,benign-S12-008,False,False,False
G1 ids present,benign-S12-009,False,False,False
G1 ids present,benign-S12-010,False,False,False
G1 ids present,benign-S12-011,False,False,False
G1 ids present,benign-S12-012,False,False,False
G1 ids present,benign-S12-013,False,False,False
G1 ids present,benign-S12-014,False,False,False
G1 ids present,benign-S12-015,False,False,False
G1 ids present,benign-S12-016,False,False,False
G1 ids present,benign-S12-017,False,False,False
G1 ids present,benign-S12-018,False,False,False
G1 ids present,benign-S12-019,False,False,False
G1 ids present,benign-S12-020,False,False,False
G1 ids present,benign-S12-021,False,False,False
G1 ids present,benign-S12-022,False,False,False
G1 ids present,benign-S12-023,False,False,False
G1 ids present,benign-S12-024,False,False,False
G1 ids present,benign-S12-025,False,False,False
G1 ids present,benign-S12-026,False,False,False
G1 ids present,benign-S12-027,False,False,False
G1 ids present,benign-S12-028,False,False,False
G1 ids present,benign-S12-029,False,False,False
G1 ids present,benign-S12-030,False,False,False
G1 ids present,benign-S12-031,False,False,False
G1 ids present,benign-S12-032,False,False,False
G1 ids present,benign-S12-033,False,False,False
G1 ids present,benign-S12-034,False,False,False
G1 ids present,benign-S12-035,False,False,False
G1 ids present,benign-S12-036,False,False,False
G1 ids present,benign-S12-037,False,False,False
G1 ids present,benign-S12-038,False,False,False
G1 ids present,benign-S12-039,False,False,False
G1 ids present,benign-S12-040,False,False,False
G1 ids present,benign-S12-041,False,False,False
G1 ids present,benign-S12-042,False,False,False
G1 ids present,benign-S12-043,False,False,False
G1 ids present,benign-S12-044,False,False,False
G1 ids present,benign-S12-045,False,False,False
G1 ids present,benign-S12-046,False,False,False
G1 ids present,benign-S12-047,False,False,False
G1 ids present,benign-S12-048,False,False,False
G1 ids present,benign-S12-049,False,False,False
G1 ids present,benign-S12-050,False,False,False
G1 ids present,benign-S12-051,False,False,False
G1 ids present,benign-S12-052,False,False,False
G1 ids present,benign-S12-053,False,False,False
G1 ids present,benign-S12-054,False,False,False
G1 ids present,benign-S12-055,False,False,False
G1 ids present,benign-S12-056,False,False,False
G1 ids present,benign-S12-057,False,False,False
G1 ids present,benign-S12-058,False,False,False
G1 ids present,benign-S12-059,False,False,False
G1 ids present,benign-S12-060,False,False,False
G1 ids present,benign-S12-061,False,False,False
G1 ids present,benign-S12-062,False,False,False
G1 ids present,benign-S12-063,False,False,False
G1 ids present,benign-S12-064,False,False,False
G1 ids present,benign-S12-065,False,False,False
G1 ids present,benign-S12-066,False,False,False
G1 ids present,benign-S12-067,False,False,False
G1 ids present,benign-S12-068,False,False,False
G1 ids present,benign-S12-069,False,False,False
G1 ids present,benign-S12-070,False,False,False
G1 ids present,benign-S12-071,False,False,False
G1 ids present,benign-S12-072,False,False,False
G1 ids present,benign-S12-073,False,False,False
G1 ids present,benign-S12-074,False,False,False
G1 ids present,benign-S12-075,False,False,False
G1 ids present,benign-S12-076,False,False,False
G1 ids present,benign-S12-077,False,False,False
G1 ids present,benign-S12-078,False,False,False
G1 ids present,benign-S12-079,False,False,False
G1 ids present,benign-S12-080,False,False,False
G1 ids present,benign-S12-081,False,False,False
G1 ids present,benign-S12-082,False,False,False
G1 ids present,benign-S12-083,False,False,False
G1 ids present,benign-S12-084,False,False,False
G1 ids present,benign-S12-085,False,False,False
G1 ids present,benign-S12-086,False,False,False
G1 ids present,benign-S12-087,False,False,False
G1 ids present,benign-S12-088,False,False,False
G1 ids present,benign-S12-089,False,False,False
G1 ids present,benign-S13-000,False,False,False
G1 ids present,benign-S13-001,False,False,False
G1 ids present,benign-S13-002,False,False,False
G1 ids present,benign-S13-003,False,False,False
G1 ids present,benign-S13-004,False,False,False
G1 ids present,benign-S13-005,False,False,False
G1 ids present,benign-S13-006,False,False,False
G1 ids present,benign-S13-007,False,False,False
G1 ids present,benign-S13-008,False,False,False
G1 ids present,benign-S13-009,False,False,False
G1 ids present,benign-S13-010,False,False,False
G1 ids present,benign-S13-011,False,False,False
G1 ids present,benign-S13-012,False,False,False
G1 ids present,benign-S13-013,False,False,False
G1 ids present,benign-S13-014,False,False,False
G1 ids present,benign-S13-015,False,False,False
G1 ids present,benign-S13-016,False,False,False
G1 ids present,benign-S13-017,False,False,False
G1 ids present,benign-S13-018,False,False,False
G1 ids present,benign-S13-019,False,False,False
G1 ids present,benign-S13-020,False,False,False
G1 ids present,benign-S13-021,False,False,False
G1 ids present,benign-S13-022,False,False,False
G1 ids present,benign-S13-023,False,False,False
G1 ids present,benign-S13-024,False,False,False
G1 ids present,benign-S13-025,False,False,False
G1 ids present,benign-S13-026,False,False,False
G1 ids present,benign-S13-027,False,False,False
G1 ids present,benign-S13-028,False,False,False
G1 ids present,benign-S13-029,False,False,False
G1 ids present,benign-S13-030,False,False,False
G1 ids present,benign-S13-031,False,False,False
G1 ids present,benign-S13-032,False,False,False
G1 ids present,benign-S13-033,False,False,False
G1 ids present,benign-S13-034,False,False,False
G1 ids present,benign-S13-035,False,False,False
G1 ids present,benign-S13-036,False,False,False
G1 ids present,benign-S13-037,False,False,False
G1 ids present,benign-S13-038,False,False,False
G1 ids present,benign-S13-039,False,False,False
G1 ids present,benign-S13-040,False,False,False
G1 ids present,benign-S13-041,False,False,False
G1 ids present,benign-S13-042,False,False,False
G1 ids present,benign-S13-043,False,False,False
G1 ids present,benign-S13-044,False,False,False
G1 ids present,benign-S13-045,False,False,False
G1 ids present,benign-S13-046,False,False,False
G1 ids present,benign-S13-047,False,False,False
G1 ids present,benign-S13-048,False,False,False
G1 ids present,benign-S13-049,False,False,False
G1 ids present,benign-S13-050,False,False,False
G1 ids present,benign-S13-051,False,False,False
G1 ids present,benign-S13-052,False,False,False
G1 ids present,benign-S13-053,False,False,False
G1 ids present,benign-S13-054,False,False,False
G1 ids present,benign-S13-055,False,False,False
G1 ids present,benign-S13-056,False,False,False
G1 ids present,benign-S13-057,False,False,False
G1 ids present,benign-S13-058,False,False,False
G1 ids present,benign-S13-059,False,False,False
G1 ids present,benign-S13-060,False,False,False
G1 ids present,benign-S13-061,False,False,False
G1 ids present,benign-S13-062,False,False,False
G1 ids present,benign-S13-063,False,False,False
G1 ids present,benign-S13-064,False,False,False
G1 ids present,benign-S13-065,False,False,False
G1 ids present,benign-S13-066,False,False,False
G1 ids present,benign-S13-067,False,False,False
G1 ids present,benign-S13-068,False,False,False
G1 ids present,benign-S13-069,False,False,False
G1 ids present,benign-S13-070,False,False,False
G1 ids present,benign-S13-071,False,False,False
G1 ids present,benign-S13-072,False,False,False
G1 ids present,benign-S13-073,False,False,False
G1 ids present,benign-S13-074,False,False,False
G1 ids present,benign-S13-075,False,False,False
G1 ids present,benign-S13-076,False,False,False
G1 ids present,benign-S13-077,False,False,False
G1 ids present,benign-S13-078,False,False,False
G1 ids present,benign-S13-079,False,False,False
G1 ids present,benign-S13-080,False,False,False
G1 ids present,benign-S13-081,False,False,False
G1 ids present,benign-S13-082,False,False,False
G1 ids present,benign-S13-083,False,False,False
G1 ids present,benign-S13-084,False,False,False
G1 ids present,benign-S13-085,False,False,False
G1 ids present,benign-S13-086,False,False,False
G1 ids present,benign-S13-087,False,False,False
G1 ids present,benign-S13-088,False,False,False
G1 ids present,benign-S13-089,False,False,False
G1 ids present,benign-S2-000,False,False,False
G1 ids present,benign-S2-001,False,False,False
G1 ids present,benign-S2-002,False,False,False
G1 ids present,benign-S2-003,False,False,False
G1 ids present,benign-S2-004,False,False,False
G1 ids present,benign-S2-005,False,False,False
G1 ids present,benign-S2-006,False,False,False
G1 ids present,benign-S2-007,False,False,False
G1 ids present,benign-S2-008,False,False,False
G1 ids present,benign-S2-009,False,False,False
G1 ids present,benign-S2-010,False,False,False
G1 ids present,benign-S2-011,False,False,False
G1 ids present,benign-S2-012,False,False,False
G1 ids present,benign-S2-013,False,False,False
G1 ids present,benign-S2-014,False,False,False
G1 ids present,benign-S2-015,False,False,False
G1 ids present,benign-S2-016,False,False,False
G1 ids present,benign-S2-017,False,False,False
G1 ids present,benign-S2-018,False,False,False
G1 ids present,benign-S2-019,False,False,False
G1 ids present,benign-S2-020,False,False,False
G1 ids present,benign-S2-021,False,False,False
G1 ids present,benign-S2-022,False,False,False
G1 ids present,benign-S2-023,False,False,False
G1 ids present,benign-S2-024,False,False,False
G1 ids present,benign-S2-025,False,False,False
G1 ids present,benign-S2-026,False,False,False
G1 ids present,benign-S2-027,False,False,False
G1 ids present,benign-S2-028,False,False,False
G1 ids present,benign-S2-029,False,False,False
G1 ids present,benign-S2-030,False,False,False
G1 ids present,benign-S2-031,False,False,False
G1 ids present,benign-S2-032,False,False,False
G1 ids present,benign-S2-033,False,False,False
G1 ids present,benign-S2-034,False,False,False
G1 ids present,benign-S2-035,False,False,False
G1 ids present,benign-S2-036,False,False,False
G1 ids present,benign-S2-037,False,False,False
G1 ids present,benign-S2-038,False,False,False
G1 ids present,benign-S2-039,False,False,False
G1 ids present,benign-S2-040,False,False,False
G1 ids present,benign-S2-041,False,False,False
G1 ids present,benign-S2-042,False,False,False
G1 ids present,benign-S2-043,False,False,False
G1 ids present,benign-S2-044,False,False,False
G1 ids present,benign-S2-045,False,False,False
G1 ids present,benign-S2-046,False,False,False
G1 ids present,benign-S2-047,False,False,False
G1 ids present,benign-S2-048,False,False,False
G1 ids present,benign-S2-049,False,False,False
G1 ids present,benign-S2-050,False,False,False
G1 ids present,benign-S2-051,False,False,False
G1 ids present,benign-S2-052,False,False,False
G1 ids present,benign-S2-053,False,False,False
G1 ids present,benign-S2-054,False,False,False
G1 ids present,benign-S2-055,False,False,False
G1 ids present,benign-S2-056,False,False,False
G1 ids present,benign-S2-057,False,False,False
G1 ids present,benign-S2-058,False,False,False
G1 ids present,benign-S2-059,False,False,False
G1 ids present,benign-S2-060,False,False,False
G1 ids present,benign-S2-061,False,False,False
G1 ids present,benign-S2-062,False,False,False
G1 ids present,benign-S2-063,False,False,False
G1 ids present,benign-S2-064,False,False,False
G1 ids present,benign-S2-065,False,False,False
G1 ids present,benign-S2-066,False,False,False
G1 ids present,benign-S2-067,False,False,False
G1 ids present,benign-S2-068,False,False,False
G1 ids present,benign-S2-069,False,False,False
G1 ids present,benign-S2-070,False,False,False
G1 ids present,benign-S2-071,False,False,False
G1 ids present,benign-S2-072,False,False,False
G1 ids present,benign-S2-073,False,False,False
G1 ids present,benign-S2-074,False,False,False
G1 ids present,benign-S2-075,False,False,False
G1 ids present,benign-S2-076,False,False,False
G1 ids present,benign-S2-077,False,False,False
G1 ids present,benign-S2-078,False,False,False
G1 ids present,benign-S2-079,False,False,False
G1 ids present,benign-S2-080,False,False,False
G1 ids present,benign-S2-081,False,False,False
G1 ids present,benign-S2-082,False,False,False
G1 ids present,benign-S2-083,False,False,False
G1 ids present,benign-S2-084,False,False,False
G1 ids present,benign-S2-085,False,False,False
G1 ids present,benign-S2-086,False,False,False
G1 ids present,benign-S2-087,False,False,False
G1 ids present,benign-S2-088,False,False,False
G1 ids present,benign-S2-089,False,False,False
G1 ids present,benign-S3-000,False,False,False
G1 ids present,benign-S3-001,False,False,False
G1 ids present,benign-S3-002,False,False,False
G1 ids present,benign-S3-003,False,False,False
G1 ids present,benign-S3-004,False,False,False
G1 ids present,benign-S3-005,False,False,False
G1 ids present,benign-S3-006,False,False,False
G1 ids present,benign-S3-007,False,False,False
G1 ids present,benign-S3-008,False,False,False
G1 ids present,benign-S3-009,False,False,False
G1 ids present,benign-S3-010,False,False,False
G1 ids present,benign-S3-011,False,False,False
G1 ids present,benign-S3-012,False,False,False
G1 ids present,benign-S3-013,False,False,False
G1 ids present,benign-S3-014,False,False,False
G1 ids present,benign-S3-015,False,False,False
G1 ids present,benign-S3-016,False,False,False
G1 ids present,benign-S3-017,False,False,False
G1 ids present,benign-S3-018,False,False,False
G1 ids present,benign-S3-019,False,False,False
G1 ids present,benign-S3-020,False,False,False
G1 ids present,benign-S3-021,False,False,False
G1 ids present,benign-S3-022,False,False,False
G1 ids present,benign-S3-023,False,False,False
G1 ids present,benign-S3-024,False,False,False
G1 ids present,benign-S3-025,False,False,False
G1 ids present,benign-S3-026,False,False,False
G1 ids present,benign-S3-027,False,False,False
G1 ids present,benign-S3-028,False,False,False
G1 ids present,benign-S3-029,False,False,False
G1 ids present,benign-S3-030,False,False,False
G1 ids present,benign-S3-031,False,False,False
G1 ids present,benign-S3-032,False,False,False
G1 ids present,benign-S3-033,False,False,False
G1 ids present,benign-S3-034,False,False,False
G1 ids present,benign-S3-035,False,False,False
G1 ids present,benign-S3-036,False,False,False
G1 ids present,benign-S3-037,False,False,False
G1 ids present,benign-S3-038,False,False,False
G1 ids present,benign-S3-039,False,False,False
G1 ids present,benign-S3-040,False,False,False
G1 ids present,benign-S3-041,False,False,False
G1 ids present,benign-S3-042,False,False,False
G1 ids present,benign-S3-043,False,False,False
G1 ids present,benign-S3-044,False,False,False
G1 ids present,benign-S3-045,False,False,False
G1 ids present,benign-S3-046,False,False,False
G1 ids present,benign-S3-047,False,False,False
G1 ids present,benign-S3-048,False,False,False
G1 ids present,benign-S3-049,False,False,False
G1 ids present,benign-S3-050,False,False,False
G1 ids present,benign-S3-051,False,False,False
G1 ids present,benign-S3-052,False,False,False
G1 ids present,benign-S3-053,False,False,False
G1 ids present,benign-S3-054,False,False,False
G1 ids present,benign-S3-055,False,False,False
G1 ids present,benign-S3-056,False,False,False
G1 ids present,benign-S3-057,False,False,False
G1 ids present,benign-S3-058,False,False,False
G1 ids present,benign-S3-059,False,False,False
G1 ids present,benign-S3-060,False,False,False
G1 ids present,benign-S3-061,False,False,False
G1 ids present,benign-S3-062,False,False,False
G1 ids present,benign-S3-063,False,False,False
G1 ids present,benign-S3-064,False,False,False
G1 ids present,benign-S3-065,False,False,False
G1 ids present,benign-S3-066,False,False,False
G1 ids present,benign-S3-067,False,False,False
G1 ids present,benign-S3-068,False,False,False
G1 ids present,benign-S3-069,False,False,False
G1 ids present,benign-S3-070,False,False,False
G1 ids present,benign-S3-071,False,False,False
G1 ids present,benign-S3-072,False,False,False
G1 ids present,benign-S3-073,False,False,False
G1 ids present,benign-S3-074,False,False,False
G1 ids present,benign-S3-075,False,False,False
G1 ids present,benign-S3-076,False,False,False
G1 ids present,benign-S3-077,False,False,False
G1 ids present,benign-S3-078,False,False,False
G1 ids present,benign-S3-079,False,False,False
G1 ids present,benign-S3-080,False,False,False
G1 ids present,benign-S3-081,False,False,False
G1 ids present,benign-S3-082,False,False,False
G1 ids present,benign-S3-083,False,False,False
G1 ids present,benign-S3-084,False,False,False
G1 ids present,benign-S3-085,False,False,False
G1 ids present,benign-S3-086,False,False,False
G1 ids present,benign-S3-087,False,False,False
G1 ids present,benign-S3-088,False,False,False
G1 ids present,benign-S3-089,False,False,False
G1 ids present,benign-S4-000,False,False,False
G1 ids present,benign-S4-001,False,False,False
G1 ids present,benign-S4-002,False,False,False
G1 ids present,benign-S4-003,False,False,False
G1 ids present,benign-S4-004,False,False,False
G1 ids present,benign-S4-005,False,False,False
G1 ids present,benign-S4-006,False,False,False
G1 ids present,benign-S4-007,False,False,False
G1 ids present,benign-S4-008,False,False,False
G1 ids present,benign-S4-009,False,False,False
G1 ids present,benign-S4-010,False,False,False
G1 ids present,benign-S4-011,False,False,False
G1 ids present,benign-S4-012,False,False,False
G1 ids present,benign-S4-013,False,False,False
G1 ids present,benign-S4-014,False,False,False
G1 ids present,benign-S4-015,False,False,False
G1 ids present,benign-S4-016,False,False,False
G1 ids present,benign-S4-017,False,False,False
G1 ids present,benign-S4-018,False,False,False
G1 ids present,benign-S4-019,False,False,False
G1 ids present,benign-S4-020,False,False,False
G1 ids present,benign-S4-021,False,False,False
G1 ids present,benign-S4-022,False,False,False
G1 ids present,benign-S4-023,False,False,False
G1 ids present,benign-S4-024,False,False,False
G1 ids present,benign-S4-025,False,False,False
G1 ids present,benign-S4-026,False,False,False
G1 ids present,benign-S4-027,False,False,False
G1 ids present,benign-S4-028,False,False,False
G1 ids present,benign-S4-029,False,False,False
G1 ids present,benign-S4-030,False,False,False
G1 ids present,benign-S4-031,False,False,False
G1 ids present,benign-S4-032,False,False,False
G1 ids present,benign-S4-033,False,False,False
G1 ids present,benign-S4-034,False,False,False
G1 ids present,benign-S4-035,False,False,False
G1 ids present,benign-S4-036,False,False,False
G1 ids present,benign-S4-037,False,False,False
G1 ids present,benign-S4-038,False,False,False
G1 ids present,benign-S4-039,False,False,False
G1 ids present,benign-S4-040,False,False,False
G1 ids present,benign-S4-041,False,False,False
G1 ids present,benign-S4-042,False,False,False
G1 ids present,benign-S4-043,False,False,False
G1 ids present,benign-S4-044,False,False,False
G1 ids present,benign-S4-045,False,False,False
G1 ids present,benign-S4-046,False,False,False
G1 ids present,benign-S4-047,False,False,False
G1 ids present,benign-S4-048,False,False,False
G1 ids present,benign-S4-049,False,False,False
G1 ids present,benign-S4-050,False,False,False
G1 ids present,benign-S4-051,False,False,False
G1 ids present,benign-S4-052,False,False,False
G1 ids present,benign-S4-053,False,False,False
G1 ids present,benign-S4-054,False,False,False
G1 ids present,benign-S4-055,False,False,False
G1 ids present,benign-S4-056,False,False,False
G1 ids present,benign-S4-057,False,False,False
G1 ids present,benign-S4-058,False,False,False
G1 ids present,benign-S4-059,False,False,False
G1 ids present,benign-S4-060,False,False,False
G1 ids present,benign-S4-061,False,False,False
G1 ids present,benign-S4-062,False,False,False
G1 ids present,benign-S4-063,False,False,False
G1 ids present,benign-S4-064,False,False,False
G1 ids present,benign-S4-065,False,False,False
G1 ids present,benign-S4-066,False,False,False
G1 ids present,benign-S4-067,False,False,False
G1 ids present,benign-S4-068,False,False,False
G1 ids present,benign-S4-069,False,False,False
G1 ids present,benign-S4-070,False,False,False
G1 ids present,benign-S4-071,False,False,False
G1 ids present,benign-S4-072,False,False,False
G1 ids present,benign-S4-073,False,False,False
G1 ids present,benign-S4-074,False,False,False
G1 ids present,benign-S4-075,False,False,False
G1 ids present,benign-S4-076,False,False,False
G1 ids present,benign-S4-077,False,False,False
G1 ids present,benign-S4-078,False,False,False
G1 ids present,benign-S4-079,False,False,False
G1 ids present,benign-S4-080,False,False,False
G1 ids present,benign-S4-081,False,False,False
G1 ids present,benign-S4-082,False,False,False
G1 ids present,benign-S4-083,False,False,False
G1 ids present,benign-S4-084,False,False,False
G1 ids present,benign-S4-085,False,False,False
G1 ids present,benign-S4-086,False,False,False
G1 ids present,benign-S4-087,False,False,False
G1 ids present,benign-S4-088,False,False,False
G1 ids present,benign-S4-089,False,False,False
G1 ids present,benign-S5-000,False,False,False
G1 ids present,benign-S5-001,False,False,False
G1 ids present,benign-S5-002,False,False,False
G1 ids present,benign-S5-003,False,False,False
G1 ids present,benign-S5-004,False,False,False
G1 ids present,benign-S5-005,False,False,False
G1 ids present,benign-S5-006,False,False,False
G1 ids present,benign-S5-007,False,False,False
G1 ids present,benign-S5-008,False,False,False
G1 ids present,benign-S5-009,False,False,False
G1 ids present,benign-S5-010,False,False,False
G1 ids present,benign-S5-011,False,False,False
G1 ids present,benign-S5-012,False,False,False
G1 ids present,benign-S5-013,False,False,False
G1 ids present,benign-S5-014,False,False,False
G1 ids present,benign-S5-015,False,False,False
G1 ids present,benign-S5-016,False,False,False
G1 ids present,benign-S5-017,False,False,False
G1 ids present,benign-S5-018,False,False,False
G1 ids present,benign-S5-019,False,False,False
G1 ids present,benign-S5-020,False,False,False
G1 ids present,benign-S5-021,False,False,False
G1 ids present,benign-S5-022,False,False,False
G1 ids present,benign-S5-023,False,False,False
G1 ids present,benign-S5-024,False,False,False
G1 ids present,benign-S5-025,False,False,False
G1 ids present,benign-S5-026,False,False,False
G1 ids present,benign-S5-027,False,False,False
G1 ids present,benign-S5-028,False,False,False
G1 ids present,benign-S5-029,False,False,False
G1 ids present,benign-S5-030,False,False,False
G1 ids present,benign-S5-031,False,False,False
G1 ids present,benign-S5-032,False,False,False
G1 ids present,benign-S5-033,False,False,False
G1 ids present,benign-S5-034,False,False,False
G1 ids present,benign-S5-035,False,False,False
G1 ids present,benign-S5-036,False,False,False
G1 ids present,benign-S5-037,False,False,False
G1 ids present,benign-S5-038,False,False,False
G1 ids present,benign-S5-039,False,False,False
G1 ids present,benign-S5-040,False,False,False
G1 ids present,benign-S5-041,False,False,False
G1 ids present,benign-S5-042,False,False,False
G1 ids present,benign-S5-043,False,False,False
G1 ids present,benign-S5-044,False,False,False
G1 ids present,benign-S5-045,False,False,False
G1 ids present,benign-S5-046,False,False,False
G1 ids present,benign-S5-047,False,False,False
G1 ids present,benign-S5-048,False,False,False
G1 ids present,benign-S5-049,False,False,False
G1 ids present,benign-S5-050,False,False,False
G1 ids present,benign-S5-051,False,False,False
G1 ids present,benign-S5-052,False,False,False
G1 ids present,benign-S5-053,False,False,False
G1 ids present,benign-S5-054,False,False,False
G1 ids present,benign-S5-055,False,False,False
G1 ids present,benign-S5-056,False,False,False
G1 ids present,benign-S5-057,False,False,False
G1 ids present,benign-S5-058,False,False,False
G1 ids present,benign-S5-059,False,False,False
G1 ids present,benign-S5-060,False,False,False
G1 ids present,benign-S5-061,False,False,False
G1 ids present,benign-S5-062,False,False,False
G1 ids present,benign-S5-063,False,False,False
G1 ids present,benign-S5-064,False,False,False
G1 ids present,benign-S5-065,False,False,False
G1 ids present,benign-S5-066,False,False,False
G1 ids present,benign-S5-067,False,False,False
G1 ids present,benign-S5-068,False,False,False
G1 ids present,benign-S5-069,False,False,False
G1 ids present,benign-S5-070,False,False,False
G1 ids present,benign-S5-071,False,False,False
G1 ids present,benign-S5-072,False,False,False
G1 ids present,benign-S5-073,False,False,False
G1 ids present,benign-S5-074,False,False,False
G1 ids present,benign-S5-075,False,False,False
G1 ids present,benign-S5-076,False,False,False
G1 ids present,benign-S5-077,False,False,False
G1 ids present,benign-S5-078,False,False,False
G1 ids present,benign-S5-079,False,False,False
G1 ids present,benign-S5-080,False,False,False
G1 ids present,benign-S5-081,False,False,False
G1 ids present,benign-S5-082,False,False,False
G1 ids present,benign-S5-083,False,False,False
G1 ids present,benign-S5-084,False,False,False
G1 ids present,benign-S5-085,False,False,False
G1 ids present,benign-S5-086,False,False,False
G1 ids present,benign-S5-087,False,False,False
G1 ids present,benign-S5-088,False,False,False
G1 ids present,benign-S5-089,False,False,False
G1 ids present,benign-S6-000,False,False,False
G1 ids present,benign-S6-001,False,False,False
G1 ids present,benign-S6-002,False,False,False
G1 ids present,benign-S6-003,False,False,False
G1 ids present,benign-S6-004,False,False,False
G1 ids present,benign-S6-005,False,False,False
G1 ids present,benign-S6-006,False,False,False
G1 ids present,benign-S6-007,False,False,False
G1 ids present,benign-S6-008,False,False,False
G1 ids present,benign-S6-009,False,False,False
G1 ids present,benign-S6-010,False,False,False
G1 ids present,benign-S6-011,False,False,False
G1 ids present,benign-S6-012,False,False,False
G1 ids present,benign-S6-013,False,False,False
G1 ids present,benign-S6-014,False,False,False
G1 ids present,benign-S6-015,False,False,False
G1 ids present,benign-S6-016,False,False,False
G1 ids present,benign-S6-017,False,False,False
G1 ids present,benign-S6-018,False,False,False
G1 ids present,benign-S6-019,False,False,False
G1 ids present,benign-S6-020,False,False,False
G1 ids present,benign-S6-021,False,False,False
G1 ids present,benign-S6-022,False,False,False
G1 ids present,benign-S6-023,False,False,False
G1 ids present,benign-S6-024,False,False,False
G1 ids present,benign-S6-025,False,False,False
G1 ids present,benign-S6-026,False,False,False
G1 ids present,benign-S6-027,False,False,False
G1 ids present,benign-S6-028,False,False,False
G1 ids present,benign-S6-029,False,False,False
G1 ids present,benign-S6-030,False,False,False
G1 ids present,benign-S6-031,False,False,False
G1 ids present,benign-S6-032,False,False,False
G1 ids present,benign-S6-033,False,False,False
G1 ids present,benign-S6-034,False,False,False
G1 ids present,benign-S6-035,False,False,False
G1 ids present,benign-S6-036,False,False,False
G1 ids present,benign-S6-037,False,False,False
G1 ids present,benign-S6-038,False,False,False
G1 ids present,benign-S6-039,False,False,False
G1 ids present,benign-S6-040,False,False,False
G1 ids present,benign-S6-041,False,False,False
G1 ids present,benign-S6-042,False,False,False
G1 ids present,benign-S6-043,False,False,False
G1 ids present,benign-S6-044,False,False,False
G1 ids present,benign-S6-045,False,False,False
G1 ids present,benign-S6-046,False,False,False
G1 ids present,benign-S6-047,False,False,False
G1 ids present,benign-S6-048,False,False,False
G1 ids present,benign-S6-049,False,False,False
G1 ids present,benign-S6-050,False,False,False
G1 ids present,benign-S6-051,False,False,False
G1 ids present,benign-S6-052,False,False,False
G1 ids present,benign-S6-053,False,False,False
G1 ids present,benign-S6-054,False,False,False
G1 ids present,benign-S6-055,False,False,False
G1 ids present,benign-S6-056,False,False,False
G1 ids present,benign-S6-057,False,False,False
G1 ids present,benign-S6-058,False,False,False
G1 ids present,benign-S6-059,False,False,False
G1 ids present,benign-S6-060,False,False,False
G1 ids present,benign-S6-061,False,False,False
G1 ids present,benign-S6-062,False,False,False
G1 ids present,benign-S6-063,False,False,False
G1 ids present,benign-S6-064,False,False,False
G1 ids present,benign-S6-065,False,False,False
G1 ids present,benign-S6-066,False,False,False
G1 ids present,benign-S6-067,False,False,False
G1 ids present,benign-S6-068,False,False,False
G1 ids present,benign-S6-069,False,False,False
G1 ids present,benign-S6-070,False,False,False
G1 ids present,benign-S6-071,False,False,False
G1 ids present,benign-S6-072,False,False,False
G1 ids present,benign-S6-073,False,False,False
G1 ids present,benign-S6-074,False,False,False
G1 ids present,benign-S6-075,False,False,False
G1 ids present,benign-S6-076,False,False,False
G1 ids present,benign-S6-077,False,False,False
G1 ids present,benign-S6-078,False,False,False
G1 ids present,benign-S6-079,False,False,False
G1 ids present,benign-S6-080,False,False,False
G1 ids present,benign-S6-081,False,False,False
G1 ids present,benign-S6-082,False,False,False
G1 ids present,benign-S6-083,False,False,False
G1 ids present,benign-S6-084,False,False,False
G1 ids present,benign-S6-085,False,False,False
G1 ids present,benign-S6-086,False,False,False
G1 ids present,benign-S6-087,False,False,False
G1 ids present,benign-S6-088,False,False,False
G1 ids present,benign-S6-089,False,False,False
G1 ids present,benign-S7-000,False,False,False
G1 ids present,benign-S7-001,False,False,False
G1 ids present,benign-S7-002,False,False,False
G1 ids present,benign-S7-003,False,False,False
G1 ids present,benign-S7-004,False,False,False
G1 ids present,benign-S7-005,False,False,False
G1 ids present,benign-S7-006,False,False,False
G1 ids present,benign-S7-007,False,False,False
G1 ids present,benign-S7-008,False,False,False
G1 ids present,benign-S7-009,False,False,False
G1 ids present,benign-S7-010,False,False,False
G1 ids present,benign-S7-011,False,False,False
G1 ids present,benign-S7-012,False,False,False
G1 ids present,benign-S7-013,False,False,False
G1 ids present,benign-S7-014,False,False,False
G1 ids present,benign-S7-015,False,False,False
G1 ids present,benign-S7-016,False,False,False
G1 ids present,benign-S7-017,False,False,False
G1 ids present,benign-S7-018,False,False,False
G1 ids present,benign-S7-019,False,False,False
G1 ids present,benign-S7-020,False,False,False
G1 ids present,benign-S7-021,False,False,False
G1 ids present,benign-S7-022,False,False,False
G1 ids present,benign-S7-023,False,False,False
G1 ids present,benign-S7-024,False,False,False
G1 ids present,benign-S7-025,False,False,False
G1 ids present,benign-S7-026,False,False,False
G1 ids present,benign-S7-027,False,False,False
G1 ids present,benign-S7-028,False,False,False
G1 ids present,benign-S7-029,False,False,False
G1 ids present,benign-S7-030,False,False,False
G1 ids present,benign-S7-031,False,False,False
G1 ids present,benign-S7-032,False,False,False
G1 ids present,benign-S7-033,False,False,False
G1 ids present,benign-S7-034,False,False,False
G1 ids present,benign-S7-035,False,False,False
G1 ids present,benign-S7-036,False,False,False
G1 ids present,benign-S7-037,False,False,False
G1 ids present,benign-S7-038,False,False,False
G1 ids present,benign-S7-039,False,False,False
G1 ids present,benign-S7-040,False,False,False
G1 ids present,benign-S7-041,False,False,False
G1 ids present,benign-S7-042,False,False,False
G1 ids present,benign-S7-043,False,False,False
G1 ids present,benign-S7-044,False,False,False
G1 ids present,benign-S7-045,False,False,False
G1 ids present,benign-S7-046,False,False,False
G1 ids present,benign-S7-047,False,False,False
G1 ids present,benign-S7-048,False,False,False
G1 ids present,benign-S7-049,False,False,False
G1 ids present,benign-S7-050,False,False,False
G1 ids present,benign-S7-051,False,False,False
G1 ids present,benign-S7-052,False,False,False
G1 ids present,benign-S7-053,False,False,False
G1 ids present,benign-S7-054,False,False,False
G1 ids present,benign-S7-055,False,False,False
G1 ids present,benign-S7-056,False,False,False
G1 ids present,benign-S7-057,False,False,False
G1 ids present,benign-S7-058,False,False,False
G1 ids present,benign-S7-059,False,False,False
G1 ids present,benign-S7-060,False,False,False
G1 ids present,benign-S7-061,False,False,False
G1 ids present,benign-S7-062,False,False,False
G1 ids present,benign-S7-063,False,False,False
G1 ids present,benign-S7-064,False,False,False
G1 ids present,benign-S7-065,False,False,False
G1 ids present,benign-S7-066,False,False,False
G1 ids present,benign-S7-067,False,False,False
G1 ids present,benign-S7-068,False,False,False
G1 ids present,benign-S7-069,False,False,False
G1 ids present,benign-S7-070,False,False,False
G1 ids present,benign-S7-071,False,False,False
G1 ids present,benign-S7-072,False,False,False
G1 ids present,benign-S7-073,False,False,False
G1 ids present,benign-S7-074,False,False,False
G1 ids present,benign-S7-075,False,False,False
G1 ids present,benign-S7-076,False,False,False
G1 ids present,benign-S7-077,False,False,False
G1 ids present,benign-S7-078,False,False,False
G1 ids present,benign-S7-079,False,False,False
G1 ids present,benign-S7-080,False,False,False
G1 ids present,benign-S7-081,False,False,False
G1 ids present,benign-S7-082,False,False,False
G1 ids present,benign-S7-083,False,False,False
G1 ids present,benign-S7-084,False,False,False
G1 ids present,benign-S7-085,False,False,False
G1 ids present,benign-S7-086,False,False,False
G1 ids present,benign-S7-087,False,False,False
G1 ids present,benign-S7-088,False,False,False
G1 ids present,benign-S7-089,False,False,False
G1 ids present,benign-S8-000,False,False,False
G1 ids present,benign-S8-001,False,False,False
G1 ids present,benign-S8-002,False,False,False
G1 ids present,benign-S8-003,False,False,False
G1 ids present,benign-S8-004,False,False,False
G1 ids present,benign-S8-005,False,False,False
G1 ids present,benign-S8-006,False,False,False
G1 ids present,benign-S8-007,False,False,False
G1 ids present,benign-S8-008,False,False,False
G1 ids present,benign-S8-009,False,False,False
G1 ids present,benign-S8-010,False,False,False
G1 ids present,benign-S8-011,False,False,False
G1 ids present,benign-S8-012,False,False,False
G1 ids present,benign-S8-013,False,False,False
G1 ids present,benign-S8-014,False,False,False
G1 ids present,benign-S8-015,False,False,False
G1 ids present,benign-S8-016,False,False,False
G1 ids present,benign-S8-017,False,False,False
G1 ids present,benign-S8-018,False,False,False
G1 ids present,benign-S8-019,False,False,False
G1 ids present,benign-S8-020,False,False,False
G1 ids present,benign-S8-021,False,False,False
G1 ids present,benign-S8-022,False,False,False
G1 ids present,benign-S8-023,False,False,False
G1 ids present,benign-S8-024,False,False,False
G1 ids present,benign-S8-025,False,False,False
G1 ids present,benign-S8-026,False,False,False
G1 ids present,benign-S8-027,False,False,False
G1 ids present,benign-S8-028,False,False,False
G1 ids present,benign-S8-029,False,False,False
G1 ids present,benign-S8-030,False,False,False
G1 ids present,benign-S8-031,False,False,False
G1 ids present,benign-S8-032,False,False,False
G1 ids present,benign-S8-033,False,False,False
G1 ids present,benign-S8-034,False,False,False
G1 ids present,benign-S8-035,False,False,False
G1 ids present,benign-S8-036,False,False,False
G1 ids present,benign-S8-037,False,False,False
G1 ids present,benign-S8-038,False,False,False
G1 ids present,benign-S8-039,False,False,False
G1 ids present,benign-S8-040,False,False,False
G1 ids present,benign-S8-041,False,False,False
G1 ids present,benign-S8-042,False,False,False
G1 ids present,benign-S8-043,False,False,False
G1 ids present,benign-S8-044,False,False,False
G1 ids present,benign-S8-045,False,False,False
G1 ids present,benign-S8-046,False,False,False
G1 ids present,benign-S8-047,False,False,False
G1 ids present,benign-S8-048,False,False,False
G1 ids present,benign-S8-049,False,False,False
G1 ids present,benign-S8-050,False,False,False
G1 ids present,benign-S8-051,False,False,False
G1 ids present,benign-S8-052,False,False,False
G1 ids present,benign-S8-053,False,False,False
G1 ids present,benign-S8-054,False,False,False
G1 ids present,benign-S8-055,False,False,False
G1 ids present,benign-S8-056,False,False,False
G1 ids present,benign-S8-057,False,False,False
G1 ids present,benign-S8-058,False,False,False
G1 ids present,benign-S8-059,False,False,False
G1 ids present,benign-S8-060,False,False,False
G1 ids present,benign-S8-061,False,False,False
G1 ids present,benign-S8-062,False,False,False
G1 ids present,benign-S8-063,False,False,False
G1 ids present,benign-S8-064,False,False,False
G1 ids present,benign-S8-065,False,False,False
G1 ids present,benign-S8-066,False,False,False
G1 ids present,benign-S8-067,False,False,False
G1 ids present,benign-S8-068,False,False,False
G1 ids present,benign-S8-069,False,False,False
G1 ids present,benign-S8-070,False,False,False
G1 ids present,benign-S8-071,False,False,False
G1 ids present,benign-S8-072,False,False,False
G1 ids present,benign-S8-073,False,False,False
G1 ids present,benign-S8-074,False,False,False
G1 ids present,benign-S8-075,False,False,False
G1 ids present,benign-S8-076,False,False,False
G1 ids present,benign-S8-077,False,False,False
G1 ids present,benign-S8-078,False,False,False
G1 ids present,benign-S8-079,False,False,False
G1 ids present,benign-S8-080,False,False,False
G1 ids present,benign-S8-081,False,False,False
G1 ids present,benign-S8-082,False,False,False
G1 ids present,benign-S8-083,False,False,False
G1 ids present,benign-S8-084,False,False,False
G1 ids present,benign-S8-085,False,False,False
G1 ids present,benign-S8-086,False,False,False
G1 ids present,benign-S8-087,False,False,False
G1 ids present,benign-S8-088,False,False,False
G1 ids present,benign-S8-089,False,False,False
G1 ids present,benign-S9-000,False,False,False
G1 ids present,benign-S9-001,False,False,False
G1 ids present,benign-S9-002,False,False,False
G1 ids present,benign-S9-003,False,False,False
G1 ids present,benign-S9-004,False,False,False
G1 ids present,benign-S9-005,False,False,False
G1 ids present,benign-S9-006,False,False,False
G1 ids present,benign-S9-007,False,False,False
G1 ids present,benign-S9-008,False,False,False
G1 ids present,benign-S9-009,False,False,False
G1 ids present,benign-S9-010,False,False,False
G1 ids present,benign-S9-011,False,False,False
G1 ids present,benign-S9-012,False,False,False
G1 ids present,benign-S9-013,False,False,False
G1 ids present,benign-S9-014,False,False,False
G1 ids present,benign-S9-015,False,False,False
G1 ids present,benign-S9-016,False,False,False
G1 ids present,benign-S9-017,False,False,False
G1 ids present,benign-S9-018,False,False,False
G1 ids present,benign-S9-019,False,False,False
G1 ids present,benign-S9-020,False,False,False
G1 ids present,benign-S9-021,False,False,False
G1 ids present,benign-S9-022,False,False,False
G1 ids present,benign-S9-023,False,False,False
G1 ids present,benign-S9-024,False,False,False
G1 ids present,benign-S9-025,False,False,False
G1 ids present,benign-S9-026,False,False,False
G1 ids present,benign-S9-027,False,False,False
G1 ids present,benign-S9-028,False,False,False
G1 ids present,benign-S9-029,False,False,False
G1 ids present,benign-S9-030,False,False,False
G1 ids present,benign-S9-031,False,False,False
G1 ids present,benign-S9-032,False,False,False
G1 ids present,benign-S9-033,False,False,False
G1 ids present,benign-S9-034,False,False,False
G1 ids present,benign-S9-035,False,False,False
G1 ids present,benign-S9-036,False,False,False
G1 ids present,benign-S9-037,False,False,False
G1 ids present,benign-S9-038,False,False,False
G1 ids present,benign-S9-039,False,False,False
G1 ids present,benign-S9-040,False,False,False
G1 ids present,benign-S9-041,False,False,False
G1 ids present,benign-S9-042,False,False,False
G1 ids present,benign-S9-043,False,False,False
G1 ids present,benign-S9-044,False,False,False
G1 ids present,benign-S9-045,False,False,False
G1 ids present,benign-S9-046,False,False,False
G1 ids present,benign-S9-047,False,False,False
G1 ids present,benign-S9-048,False,False,False
G1 ids present,benign-S9-049,False,False,False
G1 ids present,benign-S9-050,False,False,False
G1 ids present,benign-S9-051,False,False,False
G1 ids present,benign-S9-052,False,False,False
G1 ids present,benign-S9-053,False,False,False
G1 ids present,benign-S9-054,False,False,False
G1 ids present,benign-S9-055,False,False,False
G1 ids present,benign-S9-056,False,False,False
G1 ids present,benign-S9-057,False,False,False
G1 ids present,benign-S9-058,False,False,False
G1 ids present,benign-S9-059,False,False,False
G1 ids present,benign-S9-060,False,False,False
G1 ids present,benign-S9-061,False,False,False
G1 ids present,benign-S9-062,False,False,False
G1 ids present,benign-S9-063,False,False,False
G1 ids present,benign-S9-064,False,False,False
G1 ids present,benign-S9-065,False,False,False
G1 ids present,benign-S9-066,False,False,False
G1 ids present,benign-S9-067,False,False,False
G1 ids present,benign-S9-068,False,False,False
G1 ids present,benign-S9-069,False,False,False
G1 ids present,benign-S9-070,False,False,False
G1 ids present,benign-S9-071,False,False,False
G1 ids present,benign-S9-072,False,False,False
G1 ids present,benign-S9-073,False,False,False
G1 ids present,benign-S9-074,False,False,False
G1 ids present,benign-S9-075,False,False,False
G1 ids present,benign-S9-076,False,False,False
G1 ids present,benign-S9-077,False,False,False
G1 ids present,benign-S9-078,False,False,False
G1 ids present,benign-S9-079,False,False,False
G1 ids present,benign-S9-080,False,False,False
G1 ids present,benign-S9-081,False,False,False
G1 ids present,benign-S9-082,False,False,False
G1 ids present,benign-S9-083,False,False,False
G1 ids present,benign-S9-084,False,False,False
G1 ids present,benign-S9-085,False,False,False
G1 ids present,benign-S9-086,False,False,False
G1 ids present,benign-S9-087,False,False,False
G1 ids present,benign-S9-088,False,False,False
G1 ids present,benign-S9-089,False,False,False
G1 ids present,A1-000,False,False,False
G1 ids present,A1-001,False,False,False
G1 ids present,A1-002,False,False,False
G1 ids present,A1-003,False,False,False
G1 ids present,A1-004,False,False,False
G1 ids present,A1-005,False,False,False
G1 ids present,A1-006,False,False,False
G1 ids present,A1-007,False,False,False
G1 ids present,A1-008,False,False,False
G1 ids present,A1-009,False,False,False
G1 ids present,A1-010,False,False,False
G1 ids present,A1-011,False,False,False
G1 ids present,A1-012,False,False,False
G1 ids present,A1-013,False,False,False
G1 ids present,A1-014,False,False,False
G1 ids present,A1-015,False,False,False
G1 ids present,A1-016,False,False,False
G1 ids present,A1-017,False,False,False
G1 ids present,A1-018,False,False,False
G1 ids present,A1-019,False,False,False
G1 ids present,A1-020,False,False,False
G1 ids present,A1-021,False,False,False
G1 ids present,A1-022,False,False,False
G1 ids present,A1-023,False,False,False
G1 ids present,A1-024,False,False,False
G1 ids present,A1-025,False,False,False
G1 ids present,A1-026,False,False,False
G1 ids present,A1-027,False,False,False
G1 ids present,A1-028,False,False,False
G1 ids present,A1-029,False,False,False
G1 ids present,A1-030,False,False,False
G1 ids present,A1-031,False,False,False
G1 ids present,A1-032,False,False,False
G1 ids present,A1-033,False,False,False
G1 ids present,A1-034,False,False,False
G1 ids present,A1-035,False,False,False
G1 ids present,A1-036,False,False,False
G1 ids present,A1-037,False,False,False
G1 ids present,A1-038,False,False,False
G1 ids present,A1-039,False,False,False
G1 ids present,A1-040,False,False,False
G1 ids present,A1-041,False,False,False
G1 ids present,A1-042,False,False,False
G1 ids present,A1-043,False,False,False
G1 ids present,A1-044,False,False,False
G1 ids present,A1-045,False,False,False
G1 ids present,A1-046,False,False,False
G1 ids present,A1-047,False,False,False
G1 ids present,A1-048,False,False,False
G1 ids present,A1-049,False,False,False
G1 ids present,A1-050,False,False,False
G1 ids present,A1-051,False,False,False
G1 ids present,A1-052,False,False,False
G1 ids present,A1-053,False,False,False
G1 ids present,A1-054,False,False,False
G1 ids present,A1-055,False,False,False
G1 ids present,A1-056,False,False,False
G1 ids present,A1-057,False,False,False
G1 ids present,A1-058,False,False,False
G1 ids present,A1-059,False,False,False
G1 ids present,A2-000,False,False,False
G1 ids present,A2-001,False,False,False
G1 ids present,A2-002,False,False,False
G1 ids present,A2-003,False,False,False
G1 ids present,A2-004,False,False,False
G1 ids present,A2-005,False,False,False
G1 ids present,A2-006,False,False,False
G1 ids present,A2-007,False,False,False
G1 ids present,A2-008,False,False,False
G1 ids present,A2-009,False,False,False
G1 ids present,A2-010,False,False,False
G1 ids present,A2-011,False,False,False
G1 ids present,A2-012,False,False,False
G1 ids present,A2-013,False,False,False
G1 ids present,A2-014,False,False,False
G1 ids present,A2-015,False,False,False
G1 ids present,A2-016,False,False,False
G1 ids present,A2-017,False,False,False
G1 ids present,A2-018,False,False,False
G1 ids present,A2-019,False,False,False
G1 ids present,A2-020,False,False,False
G1 ids present,A2-021,False,False,False
G1 ids present,A2-022,False,False,False
G1 ids present,A2-023,False,False,False
G1 ids present,A2-024,False,False,False
G1 ids present,A2-025,False,False,False
G1 ids present,A2-026,False,False,False
G1 ids present,A2-027,False,False,False
G1 ids present,A2-028,False,False,False
G1 ids present,A2-029,False,False,False
G1 ids present,A2-030,False,False,False
G1 ids present,A2-031,False,False,False
G1 ids present,A2-032,False,False,False
G1 ids present,A2-033,False,False,False
G1 ids present,A2-034,False,False,False
G1 ids present,A2-035,False,False,False
G1 ids present,A2-036,False,False,False
G1 ids present,A2-037,False,False,False
G1 ids present,A2-038,False,False,False
G1 ids present,A2-039,False,False,False
G1 ids present,A2-040,False,False,False
G1 ids present,A2-041,False,False,False
G1 ids present,A2-042,False,False,False
G1 ids present,A2-043,False,False,False
G1 ids present,A2-044,False,False,False
G1 ids present,A2-045,False,False,False
G1 ids present,A2-046,False,False,False
G1 ids present,A2-047,False,False,False
G1 ids present,A2-048,False,False,False
G1 ids present,A2-049,False,False,False
G1 ids present,A2-050,False,False,False
G1 ids present,A2-051,False,False,False
G1 ids present,A2-052,False,False,False
G1 ids present,A2-053,False,False,False
G1 ids present,A2-054,False,False,False
G1 ids present,A2-055,False,False,False
G1 ids present,A2-056,False,False,False
G1 ids present,A2-057,False,False,False
G1 ids present,A2-058,False,False,False
G1 ids present,A2-059,False,False,False
G1 ids present,A3-000,False,False,False
G1 ids present,A3-001,False,False,False
G1 ids present,A3-002,False,False,False
G1 ids present,A3-003,False,False,False
G1 ids present,A3-004,False,False,False
G1 ids present,A3-005,True,True,True
"G2 ids empty, display fields copied",A3-005,True,True,False
"G3 ids empty, display fields differ",A3-005,True,True,True
G1 ids present,A3-006,False,False,False
G1 ids present,A3-007,True,True,True
"G2 ids empty, display fields copied",A3-007,True,True,False
"G3 ids empty, display fields differ",A3-007,True,True,True
G1 ids present,A3-008,True,True,True
"G2 ids empty, display fields copied",A3-008,True,True,False
"G3 ids empty, display fields differ",A3-008,True,True,True
G1 ids present,A3-009,False,False,False
G1 ids present,A3-010,False,False,False
G1 ids present,A3-011,False,False,False
G1 ids present,A3-012,False,False,False
G1 ids present,A3-013,False,False,False
G1 ids present,A3-014,True,True,True
"G2 ids empty, display fields copied",A3-014,True,True,False
"G3 ids empty, display fields differ",A3-014,True,True,True
G1 ids present,A3-015,False,False,False
G1 ids present,A3-016,False,False,False
G1 ids present,A3-017,False,False,False
G1 ids present,A3-018,True,True,True
"G2 ids empty, display fields copied",A3-018,True,True,False
"G3 ids empty, display fields differ",A3-018,True,True,True
G1 ids present,A3-019,True,True,True
"G2 ids empty, display fields copied",A3-019,True,True,False
"G3 ids empty, display fields differ",A3-019,True,True,True
G1 ids present,A3-020,True,True,True
"G2 ids empty, display fields copied",A3-020,True,True,False
"G3 ids empty, display fields differ",A3-020,True,True,True
G1 ids present,A3-021,True,True,True
"G2 ids empty, display fields copied",A3-021,True,True,False
"G3 ids empty, display fields differ",A3-021,True,True,True
G1 ids present,A3-022,False,False,False
G1 ids present,A3-023,False,False,False
G1 ids present,A3-024,True,True,True
"G2 ids empty, display fields copied",A3-024,True,True,False
"G3 ids empty, display fields differ",A3-024,True,True,True
G1 ids present,A3-025,False,False,False
G1 ids present,A3-026,True,True,True
"G2 ids empty, display fields copied",A3-026,True,True,False
"G3 ids empty, display fields differ",A3-026,True,True,True
G1 ids present,A3-027,True,True,True
"G2 ids empty, display fields copied",A3-027,True,True,False
"G3 ids empty, display fields differ",A3-027,True,True,True
G1 ids present,A3-028,False,False,False
G1 ids present,A3-029,False,False,False
G1 ids present,A3-030,False,False,False
G1 ids present,A3-031,True,True,True
"G2 ids empty, display fields copied",A3-031,True,True,False
"G3 ids empty, display fields differ",A3-031,True,True,True
G1 ids present,A3-032,True,True,True
"G2 ids empty, display fields copied",A3-032,True,True,False
"G3 ids empty, display fields differ",A3-032,True,True,True
G1 ids present,A3-033,True,True,True
"G2 ids empty, display fields copied",A3-033,True,True,False
"G3 ids empty, display fields differ",A3-033,True,True,True
G1 ids present,A3-034,True,True,True
"G2 ids empty, display fields copied",A3-034,True,True,False
"G3 ids empty, display fields differ",A3-034,True,True,True
G1 ids present,A3-035,False,False,False
G1 ids present,A3-036,False,False,False
G1 ids present,A3-037,True,True,True
"G2 ids empty, display fields copied",A3-037,True,True,False
"G3 ids empty, display fields differ",A3-037,True,True,True
G1 ids present,A3-038,False,False,False
G1 ids present,A3-039,True,True,True
"G2 ids empty, display fields copied",A3-039,True,True,False
"G3 ids empty, display fields differ",A3-039,True,True,True
G1 ids present,A3-040,True,True,True
"G2 ids empty, display fields copied",A3-040,True,True,False
"G3 ids empty, display fields differ",A3-040,True,True,True
G1 ids present,A3-041,False,False,False
G1 ids present,A3-042,True,True,True
"G2 ids empty, display fields copied",A3-042,True,True,False
"G3 ids empty, display fields differ",A3-042,True,True,True
G1 ids present,A3-043,True,True,True
"G2 ids empty, display fields copied",A3-043,True,True,False
"G3 ids empty, display fields differ",A3-043,True,True,True
G1 ids present,A3-044,False,False,False
G1 ids present,A3-045,False,False,False
G1 ids present,A3-046,False,False,False
G1 ids present,A3-047,True,True,True
"G2 ids empty, display fields copied",A3-047,True,True,False
"G3 ids empty, display fields differ",A3-047,True,True,True
G1 ids present,A3-048,False,False,False
G1 ids present,A3-049,True,True,True
"G2 ids empty, display fields copied",A3-049,True,True,False
"G3 ids empty, display fields differ",A3-049,True,True,True
G1 ids present,A3-050,False,False,False
G1 ids present,A3-051,True,True,True
"G2 ids empty, display fields copied",A3-051,True,True,False
"G3 ids empty, display fields differ",A3-051,True,True,True
G1 ids present,A3-052,False,False,False
G1 ids present,A3-053,True,True,True
"G2 ids empty, display fields copied",A3-053,True,True,False
"G3 ids empty, display fields differ",A3-053,True,True,True
G1 ids present,A3-054,True,True,True
"G2 ids empty, display fields copied",A3-054,True,True,False
"G3 ids empty, display fields differ",A3-054,True,True,True
G1 ids present,A3-055,True,True,True
"G2 ids empty, display fields copied",A3-055,True,True,False
"G3 ids empty, display fields differ",A3-055,True,True,True
G1 ids present,A3-056,True,True,True
"G2 ids empty, display fields copied",A3-056,True,True,False
"G3 ids empty, display fields differ",A3-056,True,True,True
G1 ids present,A3-057,False,False,False
G1 ids present,A3-058,False,False,False
G1 ids present,A3-059,False,False,False
G1 ids present,A4-000,False,False,False
G1 ids present,A4-001,False,False,False
G1 ids present,A4-002,False,False,False
G1 ids present,A4-003,False,False,False
G1 ids present,A4-004,False,False,False
G1 ids present,A4-005,False,False,False
G1 ids present,A4-006,False,False,False
G1 ids present,A4-007,False,False,False
G1 ids present,A4-008,False,False,False
G1 ids present,A4-009,False,False,False
G1 ids present,A4-010,False,False,False
G1 ids present,A4-011,False,False,False
G1 ids present,A4-012,False,False,False
G1 ids present,A4-013,False,False,False
G1 ids present,A4-014,False,False,False
G1 ids present,A4-015,False,False,False
G1 ids present,A4-016,False,False,False
G1 ids present,A4-017,False,False,False
G1 ids present,A4-018,False,False,False
G1 ids present,A4-019,False,False,False
G1 ids present,A4-020,False,False,False
G1 ids present,A4-021,False,False,False
G1 ids present,A4-022,False,False,False
G1 ids present,A4-023,False,False,False
G1 ids present,A4-024,False,False,False
G1 ids present,A4-025,False,False,False
G1 ids present,A4-026,False,False,False
G1 ids present,A4-027,False,False,False
G1 ids present,A4-028,False,False,False
G1 ids present,A4-029,False,False,False
G1 ids present,A4-030,False,False,False
G1 ids present,A4-031,False,False,False
G1 ids present,A4-032,False,False,False
G1 ids present,A4-033,False,False,False
G1 ids present,A4-034,False,False,False
G1 ids present,A4-035,False,False,False
G1 ids present,A4-036,False,False,False
G1 ids present,A4-037,False,False,False
G1 ids present,A4-038,False,False,False
G1 ids present,A4-039,False,False,False
G1 ids present,A4-040,False,False,False
G1 ids present,A4-041,False,False,False
G1 ids present,A4-042,False,False,False
G1 ids present,A4-043,False,False,False
G1 ids present,A4-044,False,False,False
G1 ids present,A4-045,False,False,False
G1 ids present,A4-046,False,False,False
G1 ids present,A4-047,False,False,False
G1 ids present,A4-048,False,False,False
G1 ids present,A4-049,False,False,False
G1 ids present,A4-050,False,False,False
G1 ids present,A4-051,False,False,False
G1 ids present,A4-052,False,False,False
G1 ids present,A4-053,False,False,False
G1 ids present,A4-054,False,False,False
G1 ids present,A4-055,False,False,False
G1 ids present,A4-056,False,False,False
G1 ids present,A4-057,False,False,False
G1 ids present,A4-058,False,False,False
G1 ids present,A4-059,False,False,False
G1 ids present,A5-000,False,False,False
G1 ids present,A5-001,False,False,False
G1 ids present,A5-002,False,False,False
G1 ids present,A5-003,False,False,False
G1 ids present,A5-004,False,False,False
G1 ids present,A5-005,False,False,False
G1 ids present,A5-006,False,False,False
G1 ids present,A5-007,False,False,False
G1 ids present,A5-008,False,False,False
G1 ids present,A5-009,False,False,False
G1 ids present,A5-010,False,False,False
G1 ids present,A5-011,False,False,False
G1 ids present,A5-012,False,False,False
G1 ids present,A5-013,False,False,False
G1 ids present,A5-014,False,False,False
G1 ids present,A5-015,False,False,False
G1 ids present,A5-016,False,False,False
G1 ids present,A5-017,False,False,False
G1 ids present,A5-018,False,False,False
G1 ids present,A5-019,False,False,False
G1 ids present,A5-020,False,False,False
G1 ids present,A5-021,False,False,False
G1 ids present,A5-022,False,False,False
G1 ids present,A5-023,False,False,False
G1 ids present,A5-024,False,False,False
G1 ids present,A5-025,False,False,False
G1 ids present,A5-026,False,False,False
G1 ids present,A5-027,False,False,False
G1 ids present,A5-028,False,False,False
G1 ids present,A5-029,False,False,False
G1 ids present,A5-030,False,False,False
G1 ids present,A5-031,False,False,False
G1 ids present,A5-032,False,False,False
G1 ids present,A5-033,False,False,False
G1 ids present,A5-034,False,False,False
G1 ids present,A5-035,False,False,False
G1 ids present,A5-036,False,False,False
G1 ids present,A5-037,False,False,False
G1 ids present,A5-038,False,False,False
G1 ids present,A5-039,False,False,False
G1 ids present,A5-040,False,False,False
G1 ids present,A5-041,False,False,False
G1 ids present,A5-042,False,False,False
G1 ids present,A5-043,False,False,False
G1 ids present,A5-044,False,False,False
G1 ids present,A5-045,False,False,False
G1 ids present,A5-046,False,False,False
G1 ids present,A5-047,False,False,False
G1 ids present,A5-048,False,False,False
G1 ids present,A5-049,False,False,False
G1 ids present,A5-050,False,False,False
G1 ids present,A5-051,False,False,False
G1 ids present,A5-052,False,False,False
G1 ids present,A5-053,False,False,False
G1 ids present,A5-054,False,False,False
G1 ids present,A5-055,False,False,False
G1 ids present,A5-056,False,False,False
G1 ids present,A5-057,False,False,False
G1 ids present,A5-058,False,False,False
G1 ids present,A5-059,False,False,False
G1 ids present,A6-000,False,False,False
G1 ids present,A6-001,False,False,False
G1 ids present,A6-002,False,False,False
G1 ids present,A6-003,False,False,False
G1 ids present,A6-004,False,False,False
G1 ids present,A6-005,False,False,False
G1 ids present,A6-006,False,False,False
G1 ids present,A6-007,False,False,False
G1 ids present,A6-008,False,False,False
G1 ids present,A6-009,False,False,False
G1 ids present,A6-010,False,False,False
G1 ids present,A6-011,False,False,False
G1 ids present,A6-012,False,False,False
G1 ids present,A6-013,False,False,False
G1 ids present,A6-014,False,False,False
G1 ids present,A6-015,False,False,False
G1 ids present,A6-016,False,False,False
G1 ids present,A6-017,False,False,False
G1 ids present,A6-018,False,False,False
G1 ids present,A6-019,False,False,False
G1 ids present,A6-020,False,False,False
G1 ids present,A6-021,False,False,False
G1 ids present,A6-022,False,False,False
G1 ids present,A6-023,False,False,False
G1 ids present,A6-024,False,False,False
G1 ids present,A6-025,False,False,False
G1 ids present,A6-026,False,False,False
G1 ids present,A6-027,False,False,False
G1 ids present,A6-028,False,False,False
G1 ids present,A6-029,False,False,False
G1 ids present,A6-030,False,False,False
G1 ids present,A6-031,False,False,False
G1 ids present,A6-032,False,False,False
G1 ids present,A6-033,False,False,False
G1 ids present,A6-034,False,False,False
G1 ids present,A6-035,False,False,False
G1 ids present,A6-036,False,False,False
G1 ids present,A6-037,False,False,False
G1 ids present,A6-038,False,False,False
G1 ids present,A6-039,False,False,False
G1 ids present,A6-040,False,False,False
G1 ids present,A6-041,False,False,False
G1 ids present,A6-042,False,False,False
G1 ids present,A6-043,False,False,False
G1 ids present,A6-044,False,False,False
G1 ids present,A6-045,False,False,False
G1 ids present,A6-046,False,False,False
G1 ids present,A6-047,False,False,False
G1 ids present,A6-048,False,False,False
G1 ids present,A6-049,False,False,False
G1 ids present,A6-050,False,False,False
G1 ids present,A6-051,False,False,False
G1 ids present,A6-052,False,False,False
G1 ids present,A6-053,False,False,False
G1 ids present,A6-054,False,False,False
G1 ids present,A6-055,False,False,False
G1 ids present,A6-056,False,False,False
G1 ids present,A6-057,False,False,False
G1 ids present,A6-058,False,False,False
G1 ids present,A6-059,False,False,False
G1 ids present,A7-000,False,False,False
G1 ids present,A7-001,False,False,False
G1 ids present,A7-002,False,False,False
G1 ids present,A7-003,False,False,False
G1 ids present,A7-004,False,False,False
G1 ids present,A7-005,False,False,False
G1 ids present,A7-006,False,False,False
G1 ids present,A7-007,False,False,False
G1 ids present,A7-008,False,False,False
G1 ids present,A7-009,False,False,False
G1 ids present,A7-010,False,False,False
G1 ids present,A7-011,False,False,False
G1 ids present,A7-012,False,False,False
G1 ids present,A7-013,False,False,False
G1 ids present,A7-014,False,False,False
G1 ids present,A7-015,False,False,False
G1 ids present,A7-016,False,False,False
G1 ids present,A7-017,False,False,False
G1 ids present,A7-018,False,False,False
G1 ids present,A7-019,False,False,False
G1 ids present,A7-020,False,False,False
G1 ids present,A7-021,False,False,False
G1 ids present,A7-022,False,False,False
G1 ids present,A7-023,False,False,False
G1 ids present,A7-024,False,False,False
G1 ids present,A7-025,False,False,False
G1 ids present,A7-026,False,False,False
G1 ids present,A7-027,False,False,False
G1 ids present,A7-028,False,False,False
G1 ids present,A7-029,False,False,False
G1 ids present,A7-030,False,False,False
G1 ids present,A7-031,False,False,False
G1 ids present,A7-032,False,False,False
G1 ids present,A7-033,False,False,False
G1 ids present,A7-034,False,False,False
G1 ids present,A7-035,False,False,False
G1 ids present,A7-036,False,False,False
G1 ids present,A7-037,False,False,False
G1 ids present,A7-038,False,False,False
G1 ids present,A7-039,False,False,False
G1 ids present,A7-040,False,False,False
G1 ids present,A7-041,False,False,False
G1 ids present,A7-042,False,False,False
G1 ids present,A7-043,False,False,False
G1 ids present,A7-044,False,False,False
G1 ids present,A7-045,False,False,False
G1 ids present,A7-046,False,False,False
G1 ids present,A7-047,False,False,False
G1 ids present,A7-048,False,False,False
G1 ids present,A7-049,False,False,False
G1 ids present,A7-050,False,False,False
G1 ids present,A7-051,False,False,False
G1 ids present,A7-052,False,False,False
G1 ids present,A7-053,False,False,False
G1 ids present,A7-054,False,False,False
G1 ids present,A7-055,False,False,False
G1 ids present,A7-056,False,False,False
G1 ids present,A7-057,False,False,False
G1 ids present,A7-058,False,False,False
G1 ids present,A7-059,False,False,False
G1 ids present,A8-000,False,False,False
G1 ids present,A8-001,False,False,False
G1 ids present,A8-002,False,False,False
G1 ids present,A8-003,False,False,False
G1 ids present,A8-004,False,False,False
G1 ids present,A8-005,False,False,False
G1 ids present,A8-006,False,False,False
G1 ids present,A8-007,False,False,False
G1 ids present,A8-008,False,False,False
G1 ids present,A8-009,False,False,False
G1 ids present,A8-010,False,False,False
G1 ids present,A8-011,False,False,False
G1 ids present,A8-012,False,False,False
G1 ids present,A8-013,False,False,False
G1 ids present,A8-014,False,False,False
G1 ids present,A8-015,False,False,False
G1 ids present,A8-016,False,False,False
G1 ids present,A8-017,False,False,False
G1 ids present,A8-018,False,False,False
G1 ids present,A8-019,False,False,False
G1 ids present,A8-020,False,False,False
G1 ids present,A8-021,False,False,False
G1 ids present,A8-022,False,False,False
G1 ids present,A8-023,False,False,False
G1 ids present,A8-024,False,False,False
G1 ids present,A8-025,False,False,False
G1 ids present,A8-026,False,False,False
G1 ids present,A8-027,False,False,False
G1 ids present,A8-028,False,False,False
G1 ids present,A8-029,False,False,False
G1 ids present,A8-030,False,False,False
G1 ids present,A8-031,False,False,False
G1 ids present,A8-032,False,False,False
G1 ids present,A8-033,False,False,False
G1 ids present,A8-034,False,False,False
G1 ids present,A8-035,False,False,False
G1 ids present,A8-036,False,False,False
G1 ids present,A8-037,False,False,False
G1 ids present,A8-038,False,False,False
G1 ids present,A8-039,False,False,False
G1 ids present,A8-040,False,False,False
G1 ids present,A8-041,False,False,False
G1 ids present,A8-042,False,False,False
G1 ids present,A8-043,False,False,False
G1 ids present,A8-044,False,False,False
G1 ids present,A8-045,False,False,False
G1 ids present,A8-046,False,False,False
G1 ids present,A8-047,False,False,False
G1 ids present,A8-048,False,False,False
G1 ids present,A8-049,False,False,False
G1 ids present,A8-050,False,False,False
G1 ids present,A8-051,False,False,False
G1 ids present,A8-052,False,False,False
G1 ids present,A8-053,False,False,False
G1 ids present,A8-054,False,False,False
G1 ids present,A8-055,False,False,False
G1 ids present,A8-056,False,False,False
G1 ids present,A8-057,False,False,False
G1 ids present,A8-058,False,False,False
G1 ids present,A8-059,False,False,False
G1 ids present,A9-000,False,False,False
G1 ids present,A9-001,False,False,False
G1 ids present,A9-002,False,False,False
G1 ids present,A9-003,False,False,False
G1 ids present,A9-004,False,False,False
G1 ids present,A9-005,False,False,False
G1 ids present,A9-006,False,False,False
G1 ids present,A9-007,False,False,False
G1 ids present,A9-008,False,False,False
G1 ids present,A9-009,False,False,False
G1 ids present,A9-010,False,False,False
G1 ids present,A9-011,False,False,False
G1 ids present,A9-012,False,False,False
G1 ids present,A9-013,False,False,False
G1 ids present,A9-014,False,False,False
G1 ids present,A9-015,False,False,False
G1 ids present,A9-016,False,False,False
G1 ids present,A9-017,False,False,False
G1 ids present,A9-018,False,False,False
G1 ids present,A9-019,False,False,False
G1 ids present,A9-020,False,False,False
G1 ids present,A9-021,False,False,False
G1 ids present,A9-022,False,False,False
G1 ids present,A9-023,False,False,False
G1 ids present,A9-024,False,False,False
G1 ids present,A9-025,False,False,False
G1 ids present,A9-026,False,False,False
G1 ids present,A9-027,False,False,False
G1 ids present,A9-028,False,False,False
G1 ids present,A9-029,False,False,False
G1 ids present,A9-030,False,False,False
G1 ids present,A9-031,False,False,False
G1 ids present,A9-032,False,False,False
G1 ids present,A9-033,False,False,False
G1 ids present,A9-034,False,False,False
G1 ids present,A9-035,False,False,False
G1 ids present,A9-036,False,False,False
G1 ids present,A9-037,False,False,False
G1 ids present,A9-038,False,False,False
G1 ids present,A9-039,False,False,False
G1 ids present,A9-040,False,False,False
G1 ids present,A9-041,False,False,False
G1 ids present,A9-042,False,False,False
G1 ids present,A9-043,False,False,False
G1 ids present,A9-044,False,False,False
G1 ids present,A9-045,False,False,False
G1 ids present,A9-046,False,False,False
G1 ids present,A9-047,False,False,False
G1 ids present,A9-048,False,False,False
G1 ids present,A9-049,False,False,False
G1 ids present,A9-050,False,False,False
G1 ids present,A9-051,False,False,False
G1 ids present,A9-052,False,False,False
G1 ids present,A9-053,False,False,False
G1 ids present,A9-054,False,False,False
G1 ids present,A9-055,False,False,False
G1 ids present,A9-056,False,False,False
G1 ids present,A9-057,False,False,False
G1 ids present,A9-058,False,False,False
G1 ids present,A9-059,False,False,False
G1 ids present,A10-000,False,False,False
G1 ids present,A10-001,False,False,False
G1 ids present,A10-002,False,False,False
G1 ids present,A10-003,False,False,False
G1 ids present,A10-004,False,False,False
G1 ids present,A10-005,False,False,False
G1 ids present,A10-006,False,False,False
G1 ids present,A10-007,False,False,False
G1 ids present,A10-008,False,False,False
G1 ids present,A10-009,False,False,False
G1 ids present,A10-010,False,False,False
G1 ids present,A10-011,False,False,False
G1 ids present,A10-012,False,False,False
G1 ids present,A10-013,False,False,False
G1 ids present,A10-014,False,False,False
G1 ids present,A10-015,False,False,False
G1 ids present,A10-016,False,False,False
G1 ids present,A10-017,False,False,False
G1 ids present,A10-018,False,False,False
G1 ids present,A10-019,False,False,False
G1 ids present,A10-020,False,False,False
G1 ids present,A10-021,False,False,False
G1 ids present,A10-022,False,False,False
G1 ids present,A10-023,False,False,False
G1 ids present,A10-024,False,False,False
G1 ids present,A10-025,False,False,False
G1 ids present,A10-026,False,False,False
G1 ids present,A10-027,False,False,False
G1 ids present,A10-028,False,False,False
G1 ids present,A10-029,False,False,False
G1 ids present,A10-030,False,False,False
G1 ids present,A10-031,False,False,False
G1 ids present,A10-032,False,False,False
G1 ids present,A10-033,False,False,False
G1 ids present,A10-034,False,False,False
G1 ids present,A10-035,False,False,False
G1 ids present,A10-036,False,False,False
G1 ids present,A10-037,False,False,False
G1 ids present,A10-038,False,False,False
G1 ids present,A10-039,False,False,False
G1 ids present,A10-040,False,False,False
G1 ids present,A10-041,False,False,False
G1 ids present,A10-042,False,False,False
G1 ids present,A10-043,False,False,False
G1 ids present,A10-044,False,False,False
G1 ids present,A10-045,False,False,False
G1 ids present,A10-046,False,False,False
G1 ids present,A10-047,False,False,False
G1 ids present,A10-048,False,False,False
G1 ids present,A10-049,False,False,False
G1 ids present,A10-050,False,False,False
G1 ids present,A10-051,False,False,False
G1 ids present,A10-052,False,False,False
G1 ids present,A10-053,False,False,False
G1 ids present,A10-054,False,False,False
G1 ids present,A10-055,False,False,False
G1 ids present,A10-056,False,False,False
G1 ids present,A10-057,False,False,False
G1 ids present,A10-058,False,False,False
G1 ids present,A10-059,False,False,False
G1 ids present,A11-000,False,False,False
G1 ids present,A11-001,False,False,False
G1 ids present,A11-002,False,False,False
G1 ids present,A11-003,False,False,False
G1 ids present,A11-004,False,False,False
G1 ids present,A11-005,False,False,False
G1 ids present,A11-006,False,False,False
G1 ids present,A11-007,False,False,False
G1 ids present,A11-008,False,False,False
G1 ids present,A11-009,False,False,False
G1 ids present,A11-010,False,False,False
G1 ids present,A11-011,False,False,False
G1 ids present,A11-012,False,False,False
G1 ids present,A11-013,False,False,False
G1 ids present,A11-014,False,False,False
G1 ids present,A11-015,False,False,False
G1 ids present,A11-016,False,False,False
G1 ids present,A11-017,False,False,False
G1 ids present,A11-018,False,False,False
G1 ids present,A11-019,False,False,False
G1 ids present,A11-020,False,False,False
G1 ids present,A11-021,False,False,False
G1 ids present,A11-022,False,False,False
G1 ids present,A11-023,False,False,False
G1 ids present,A11-024,False,False,False
G1 ids present,A11-025,False,False,False
G1 ids present,A11-026,False,False,False
G1 ids present,A11-027,False,False,False
G1 ids present,A11-028,False,False,False
G1 ids present,A11-029,False,False,False
G1 ids present,A11-030,False,False,False
G1 ids present,A11-031,False,False,False
G1 ids present,A11-032,False,False,False
G1 ids present,A11-033,False,False,False
G1 ids present,A11-034,False,False,False
G1 ids present,A11-035,False,False,False
G1 ids present,A11-036,False,False,False
G1 ids present,A11-037,False,False,False
G1 ids present,A11-038,False,False,False
G1 ids present,A11-039,False,False,False
G1 ids present,A11-040,False,False,False
G1 ids present,A11-041,False,False,False
G1 ids present,A11-042,False,False,False
G1 ids present,A11-043,False,False,False
G1 ids present,A11-044,False,False,False
G1 ids present,A11-045,False,False,False
G1 ids present,A11-046,False,False,False
G1 ids present,A11-047,False,False,False
G1 ids present,A11-048,False,False,False
G1 ids present,A11-049,False,False,False
G1 ids present,A11-050,False,False,False
G1 ids present,A11-051,False,False,False
G1 ids present,A11-052,False,False,False
G1 ids present,A11-053,False,False,False
G1 ids present,A11-054,False,False,False
G1 ids present,A11-055,False,False,False
G1 ids present,A11-056,False,False,False
G1 ids present,A11-057,False,False,False
G1 ids present,A11-058,False,False,False
G1 ids present,A11-059,False,False,False
G1 ids present,A12-000,False,False,False
G1 ids present,A12-001,False,False,False
G1 ids present,A12-002,False,False,False
G1 ids present,A12-003,False,False,False
G1 ids present,A12-004,False,False,False
G1 ids present,A12-005,False,False,False
G1 ids present,A12-006,False,False,False
G1 ids present,A12-007,False,False,False
G1 ids present,A12-008,False,False,False
G1 ids present,A12-009,False,False,False
G1 ids present,A12-010,False,False,False
G1 ids present,A12-011,False,False,False
G1 ids present,A12-012,False,False,False
G1 ids present,A12-013,False,False,False
G1 ids present,A12-014,False,False,False
G1 ids present,A12-015,False,False,False
G1 ids present,A12-016,False,False,False
G1 ids present,A12-017,False,False,False
G1 ids present,A12-018,False,False,False
G1 ids present,A12-019,False,False,False
G1 ids present,A12-020,False,False,False
G1 ids present,A12-021,False,False,False
G1 ids present,A12-022,False,False,False
G1 ids present,A12-023,False,False,False
G1 ids present,A12-024,False,False,False
G1 ids present,A12-025,False,False,False
G1 ids present,A12-026,False,False,False
G1 ids present,A12-027,False,False,False
G1 ids present,A12-028,False,False,False
G1 ids present,A12-029,False,False,False
G1 ids present,A12-030,False,False,False
G1 ids present,A12-031,False,False,False
G1 ids present,A12-032,False,False,False
G1 ids present,A12-033,False,False,False
G1 ids present,A12-034,False,False,False
G1 ids present,A12-035,False,False,False
G1 ids present,A12-036,False,False,False
G1 ids present,A12-037,False,False,False
G1 ids present,A12-038,False,False,False
G1 ids present,A12-039,False,False,False
G1 ids present,A12-040,False,False,False
G1 ids present,A12-041,False,False,False
G1 ids present,A12-042,False,False,False
G1 ids present,A12-043,False,False,False
G1 ids present,A12-044,False,False,False
G1 ids present,A12-045,False,False,False
G1 ids present,A12-046,False,False,False
G1 ids present,A12-047,False,False,False
G1 ids present,A12-048,False,False,False
G1 ids present,A12-049,False,False,False
G1 ids present,A12-050,False,False,False
G1 ids present,A12-051,False,False,False
G1 ids present,A12-052,False,False,False
G1 ids present,A12-053,False,False,False
G1 ids present,A12-054,False,False,False
G1 ids present,A12-055,False,False,False
G1 ids present,A12-056,False,False,False
G1 ids present,A12-057,False,False,False
G1 ids present,A12-058,False,False,False
G1 ids present,A12-059,False,False,False
G1 ids present,A13-000,False,False,False
G1 ids present,A13-001,False,False,False
G1 ids present,A13-002,False,False,False
G1 ids present,A13-003,False,False,False
G1 ids present,A13-004,False,False,False
G1 ids present,A13-005,False,False,False
G1 ids present,A13-006,False,False,False
G1 ids present,A13-007,False,False,False
G1 ids present,A13-008,False,False,False
G1 ids present,A13-009,False,False,False
G1 ids present,A13-010,False,False,False
G1 ids present,A13-011,False,False,False
G1 ids present,A13-012,False,False,False
G1 ids present,A13-013,False,False,False
G1 ids present,A13-014,False,False,False
G1 ids present,A13-015,False,False,False
G1 ids present,A13-016,False,False,False
G1 ids present,A13-017,False,False,False
G1 ids present,A13-018,False,False,False
G1 ids present,A13-019,False,False,False
G1 ids present,A13-020,False,False,False
G1 ids present,A13-021,False,False,False
G1 ids present,A13-022,False,False,False
G1 ids present,A13-023,False,False,False
G1 ids present,A13-024,False,False,False
G1 ids present,A13-025,False,False,False
G1 ids present,A13-026,False,False,False
G1 ids present,A13-027,False,False,False
G1 ids present,A13-028,False,False,False
G1 ids present,A13-029,False,False,False
G1 ids present,A13-030,False,False,False
G1 ids present,A13-031,False,False,False
G1 ids present,A13-032,False,False,False
G1 ids present,A13-033,False,False,False
G1 ids present,A13-034,False,False,False
G1 ids present,A13-035,False,False,False
G1 ids present,A13-036,False,False,False
G1 ids present,A13-037,False,False,False
G1 ids present,A13-038,False,False,False
G1 ids present,A13-039,False,False,False
G1 ids present,A13-040,False,False,False
G1 ids present,A13-041,False,False,False
G1 ids present,A13-042,False,False,False
G1 ids present,A13-043,False,False,False
G1 ids present,A13-044,False,False,False
G1 ids present,A13-045,False,False,False
G1 ids present,A13-046,False,False,False
G1 ids present,A13-047,False,False,False
G1 ids present,A13-048,False,False,False
G1 ids present,A13-049,False,False,False
G1 ids present,A13-050,False,False,False
G1 ids present,A13-051,False,False,False
G1 ids present,A13-052,False,False,False
G1 ids present,A13-053,False,False,False
G1 ids present,A13-054,False,False,False
G1 ids present,A13-055,False,False,False
G1 ids present,A13-056,False,False,False
G1 ids present,A13-057,False,False,False
G1 ids present,A13-058,False,False,False
G1 ids present,A13-059,False,False,False
